entity,filename,line,total_graph_function_loc,function_nodes_in_graph,dependency_closure_size
__off_t#types.h#70,types.h,70,0,0,1
_G_fpos_t#__fpos_t.h#142,__fpos_t.h,142,0,0,2
symbol#lemon.c#1620,lemon.c,1620,0,0,5
rule#lemon.c#1640,lemon.c,1640,0,0,5
e_action#lemon.c#1679,lemon.c,1679,0,0,1
state#lemon.c#1694,lemon.c,1694,0,0,11
action#lemon.c#1682,lemon.c,1682,0,0,11
lookahead_action#lemon.c#1862,lemon.c,1862,0,0,1
acttab#lemon.c#1869,lemon.c,1869,0,0,2
u8#sqlite3.c#2443,sqlite3.c,2443,0,0,2
u32#sqlite3.c#2437,sqlite3.c,2437,0,0,2
ExprList#sqlite3.c#3699,sqlite3.c,3699,0,0,1
AggInfo#sqlite3.c#3631,sqlite3.c,3631,0,0,6
sqlite3#sqlite3.c#3332,sqlite3.c,3332,0,0,136
analysisInfo#sqlite3.c#50669,sqlite3.c,50669,0,0,137
sqlite3_file#sqlite3.h#1774,sqlite3.h,1774,0,0,13
sqlite3_int64#sqlite3.h#1762,sqlite3.h,1762,0,0,2
ApndFile#shell.c#11106,shell.c,11106,0,0,13
ShellState#shell.c#19081,shell.c,19081,0,0,143
sqlite3#sqlite3.h#1756,sqlite3.h,1756,0,0,136
u8#shell.c#2689,shell.c,2689,0,0,1
FILE#FILE.h#158,FILE.h,158,0,0,1
ArCommand#shell.c#23064,shell.c,23064,0,0,144
Parse#sqlite3.c#3896,sqlite3.c,3896,0,0,136
AuthContext#sqlite3.c#3983,sqlite3.c,3983,0,0,137
Table#sqlite3.c#3509,sqlite3.c,3509,0,0,136
AutoincInfo#sqlite3.c#3862,sqlite3.c,3862,0,0,136
axset#lemon.c#4653,lemon.c,4653,0,0,12
Bitvec#sqlite3.c#16779,sqlite3.c,16779,0,0,5
i64#sqlite3.c#2433,sqlite3.c,2433,0,0,4
MemPage#sqlite3.c#23171,sqlite3.c,23171,0,0,136
BtShared#sqlite3.c#23221,sqlite3.c,23221,0,0,136
Pgno#sqlite3.c#2659,sqlite3.c,2659,0,0,2
u16#sqlite3.c#2439,sqlite3.c,2439,0,0,2
CellInfo#sqlite3.c#23254,sqlite3.c,23254,0,0,11
Btree#sqlite3.c#23206,sqlite3.c,23206,0,0,136
i8#sqlite3.c#2445,sqlite3.c,2445,0,0,1
KeyInfo#sqlite3.c#3561,sqlite3.c,3561,0,0,136
BtCursor#sqlite3.c#23262,sqlite3.c,23262,0,0,136
BtLock#sqlite3.c#23199,sqlite3.c,23199,0,0,136
sqlite3_value#sqlite3.c#5554,sqlite3.c,5554,0,0,136
BtreePayload#sqlite3.c#2897,sqlite3.c,2897,0,0,137
sqlite3_mutex#sqlite3.c#8212,sqlite3.c,8212,0,0,2
Pager#sqlite3.c#18411,sqlite3.c,18411,0,0,136
sqlite3_vtab#sqlite3.h#2343,sqlite3.h,2343,0,0,136
bytecodevtab#sqlite3.c#41799,sqlite3.c,41799,0,0,137
Mem#sqlite3.c#2987,sqlite3.c,2987,0,0,136
sqlite3_stmt#sqlite3.h#1974,sqlite3.h,1974,0,0,1
sqlite3_vtab_cursor#sqlite3.h#2349,sqlite3.h,2349,0,0,136
Op#sqlite3.c#5473,sqlite3.c,5473,0,0,6
bytecodevtab_cursor#sqlite3.c#41807,sqlite3.c,41807,0,0,138
CallCount#sqlite3.c#77804,sqlite3.c,77804,0,0,5
CellArray#sqlite3.c#27584,sqlite3.c,27584,0,0,136
u16#shell.c#4,shell.c,4,0,0,1
SrcList#sqlite3.c#3793,sqlite3.c,3793,0,0,136
CheckOnCtx#sqlite3.c#67151,sqlite3.c,67151,0,0,137
CollSeq#sqlite3.c#3489,sqlite3.c,3489,0,0,3
Column#sqlite3.c#3478,sqlite3.c,3478,0,0,5
compareInfo#sqlite3.c#55968,sqlite3.c,55968,0,0,3
sqlite3_vtab_cursor#sqlite3.h#2278,sqlite3.h,2278,0,0,137
completion_cursor#shell.c#10816,shell.c,10816,0,0,139
sqlite3_vtab#sqlite3.h#2274,sqlite3.h,2274,0,0,136
completion_vtab#shell.c#10809,shell.c,10809,0,0,137
plink#lemon.c#1706,lemon.c,1706,0,0,11
cfgstatus#lemon.c#1664,lemon.c,1664,0,0,1
config#lemon.c#1667,lemon.c,1667,0,0,11
CountCtx#sqlite3.c#56832,sqlite3.c,56832,0,0,5
Index#sqlite3.c#3587,sqlite3.c,3587,0,0,136
CoveringIndexCheck#sqlite3.c#75623,sqlite3.c,75623,0,0,137
Select#sqlite3.c#3832,sqlite3.c,3832,0,0,136
CteUse#sqlite3.c#4181,sqlite3.c,4181,0,0,4
Cte#sqlite3.c#4165,sqlite3.c,4165,0,0,136
LogEst#sqlite3.c#2451,sqlite3.c,2451,0,0,1
DateTime#sqlite3.c#6251,sqlite3.c,6251,0,0,3
Schema#sqlite3.c#3291,sqlite3.c,3291,0,0,136
Db#sqlite3.c#3283,sqlite3.c,3283,0,0,136
DbdataBuffer#shell.c#16742,shell.c,16742,0,0,4
u32#shell.c#2,shell.c,2,0,0,1
DbdataCursor#shell.c#16747,shell.c,16747,0,0,140
DbdataTable#shell.c#16768,shell.c,16768,0,0,138
Token#sqlite3.c#3626,sqlite3.c,3626,0,0,2
Walker#sqlite3.c#4097,sqlite3.c,4097,0,0,146
DbFixer#sqlite3.c#4129,sqlite3.c,4129,0,0,146
sqlite3_destructor_type#sqlite3.h#2162,sqlite3.h,2162,0,0,1
DbPage#sqlite3.c#2663,sqlite3.c,2663,0,0,136
DbpageCursor#sqlite3.c#101965,sqlite3.c,101965,0,0,138
DbpageTable#sqlite3.c#101975,sqlite3.c,101975,0,0,137
sqlite3_context#sqlite3.h#2004,sqlite3.h,2004,0,0,138
sqlite3_str#sqlite3.h#2413,sqlite3.h,2413,0,0,138
DiskUsed#shell.c#16165,shell.c,16165,0,0,141
DistinctCtx#sqlite3.c#63129,sqlite3.c,63129,0,0,3
EdupBuf#sqlite3.c#44752,sqlite3.c,44752,0,0,3
etByte#sqlite3.c#8852,sqlite3.c,8852,0,0,1
et_info#sqlite3.c#8854,sqlite3.c,8854,0,0,2
ExpertCsr#shell.c#13526,shell.c,13526,0,0,139
sqlite3expert#shell.c#13372,shell.c,13372,0,0,136
ExpertInfo#shell.c#19058,shell.c,19058,0,0,137
IdxTable#shell.c#13334,shell.c,13334,0,0,2
ExpertVtab#shell.c#13518,shell.c,13518,0,0,136
Window#sqlite3.c#4197,sqlite3.c,4197,0,0,136
ynVar#sqlite3.c#3662,sqlite3.c,3662,0,0,2
i16#sqlite3.c#2441,sqlite3.c,2441,0,0,1
Expr#sqlite3.c#3664,sqlite3.c,3664,0,0,136
FileChunk#sqlite3.c#42073,sqlite3.c,42073,0,0,3
FilePoint#sqlite3.c#42078,sqlite3.c,42078,0,0,6
Trigger#sqlite3.c#3988,sqlite3.c,3988,0,0,136
FKey#sqlite3.c#3545,sqlite3.c,3545,0,0,136
FrameBound#sqlite3.c#79545,sqlite3.c,79545,0,0,137
FsdirLevel#shell.c#10357,shell.c,10357,0,0,1
fsdir_cursor#shell.c#10362,shell.c,10362,0,0,139
fsdir_tab#shell.c#10377,shell.c,10377,0,0,137
Fts3MultiSegReader#sqlite3.c#84649,sqlite3.c,84649,0,0,11
Fts3SegFilter#sqlite3.c#84642,sqlite3.c,84642,0,0,1
Fts3auxCursor#sqlite3.c#88065,sqlite3.c,88065,0,0,142
Fts3Table#sqlite3.c#84488,sqlite3.c,84488,0,0,141
Fts3auxTable#sqlite3.c#88060,sqlite3.c,88060,0,0,142
Fts3DeferredToken#sqlite3.c#90187,sqlite3.c,90187,0,0,14
MatchinfoBuffer#sqlite3.c#93553,sqlite3.c,93553,0,0,5
Fts3Expr#sqlite3.c#84583,sqlite3.c,84583,0,0,19
Fts3Cursor#sqlite3.c#84528,sqlite3.c,84528,0,0,150
Fts3PhraseToken#sqlite3.c#84563,sqlite3.c,84563,0,0,14
PendingList#sqlite3.c#90178,sqlite3.c,90178,0,0,3
Fts3Doclist#sqlite3.c#84553,sqlite3.c,84553,0,0,3
Fts3Phrase#sqlite3.c#84572,sqlite3.c,84572,0,0,16
Fts3HashElem#sqlite3.c#84450,sqlite3.c,84450,0,0,1
Fts3Hash#sqlite3.c#84438,sqlite3.c,84438,0,0,2
Fts3HashWrapper#sqlite3.c#84752,sqlite3.c,84752,0,0,3
Fts3SegReader#sqlite3.c#90194,sqlite3.c,90194,0,0,8
sqlite3_blob#sqlite3.h#2357,sqlite3.h,2357,0,0,1
i64#shell.c#2685,shell.c,2685,0,0,3
sqlite3_tokenizer#sqlite3.c#84422,sqlite3.c,84422,0,0,2
sqlite_int64#sqlite3.h#1758,sqlite3.h,1758,0,0,1
sqlite3_tokenizer_cursor#sqlite3.c#84426,sqlite3.c,84426,0,0,3
Fts3tokCursor#sqlite3.c#89939,sqlite3.c,89939,0,0,140
Fts3TokenAndCost#sqlite3.c#87363,sqlite3.c,87363,0,0,20
sqlite3_tokenizer_module#sqlite3.c#84412,sqlite3.c,84412,0,0,1
Fts3tokTable#sqlite3.c#89933,sqlite3.c,89933,0,0,139
Fts5ExtensionApi#sqlite3.h#2628,sqlite3.h,2628,0,0,3
FuncDestructor#sqlite3.c#3456,sqlite3.c,3456,0,0,1
FuncDef#sqlite3.c#3440,sqlite3.c,3440,0,0,5
FuncDefHash#sqlite3.c#3326,sqlite3.c,3326,0,0,6
StrAccum#sqlite3.c#2555,sqlite3.c,2555,0,0,138
GroupConcatCtx#sqlite3.c#56903,sqlite3.c,56903,0,0,139
HashElem#sqlite3.c#1170,sqlite3.c,1170,0,0,1
Hash#sqlite3.c#1160,sqlite3.c,1160,0,0,2
WhereClause#sqlite3.c#71174,sqlite3.c,71174,0,0,146
HiddenIndexInfo#sqlite3.c#74003,sqlite3.c,74003,0,0,147
IdxCover#sqlite3.c#48077,sqlite3.c,48077,0,0,137
IdxHashEntry#shell.c#13359,shell.c,13359,0,0,1
IdxHash#shell.c#13367,shell.c,13367,0,0,2
IdxConstraint#shell.c#13308,shell.c,13308,0,0,1
IdxScan#shell.c#13318,shell.c,13318,0,0,7
IdxColumn#shell.c#13328,shell.c,13328,0,0,1
IdxWrite#shell.c#13341,shell.c,13341,0,0,3
ImportCtx#shell.c#22131,shell.c,22131,0,0,5
Incrblob#sqlite3.c#39936,sqlite3.c,39936,0,0,138
SortSubtask#sqlite3.c#40263,sqlite3.c,40263,0,0,136
MergeEngine#sqlite3.c#40254,sqlite3.c,40254,0,0,136
SorterFile#sqlite3.c#40243,sqlite3.c,40243,0,0,16
IncrMerger#sqlite3.c#40311,sqlite3.c,40311,0,0,136
NodeWriter#sqlite3.c#92235,sqlite3.c,92235,0,0,143
IncrmergeWriter#sqlite3.c#92241,sqlite3.c,92241,0,0,144
Bitmask#sqlite3.c#2587,sqlite3.c,2587,0,0,2
IndexedExpr#sqlite3.c#3879,sqlite3.c,3879,0,0,136
IndexListTerm#sqlite3.c#59093,sqlite3.c,59093,0,0,137
IndexIterator#sqlite3.c#59079,sqlite3.c,59079,0,0,138
tRowcnt#sqlite3.c#2449,sqlite3.c,2449,0,0,2
IndexSample#sqlite3.c#3618,sqlite3.c,3618,0,0,3
InitData#sqlite3.c#4042,sqlite3.c,4042,0,0,137
IntegrityCk#sqlite3.c#23287,sqlite3.c,23287,0,0,139
JsonParse#sqlite3.c#94925,sqlite3.c,94925,0,0,137
JsonCache#sqlite3.c#94909,sqlite3.c,94909,0,0,138
JsonEachConnection#sqlite3.c#98251,sqlite3.c,98251,0,0,137
JsonString#sqlite3.c#94915,sqlite3.c,94915,0,0,138
JsonParent#sqlite3.c#98222,sqlite3.c,98222,0,0,7
JsonEachCursor#sqlite3.c#98232,sqlite3.c,98232,0,0,141
JsonPretty#sqlite3.c#96529,sqlite3.c,96529,0,0,140
sqlite3_context#sqlite3.c#5582,sqlite3.c,5582,0,0,137
u64#sqlite3.c#2435,sqlite3.c,2435,0,0,3
LastValueCtx#sqlite3.c#78030,sqlite3.c,78030,0,0,137
LcsIterator#sqlite3.c#94118,sqlite3.c,94118,0,0,20
lemon#lemon.c#1711,lemon.c,1711,0,0,12
LoadDoclistCtx#sqlite3.c#93505,sqlite3.c,93505,0,0,151
LookasideSlot#sqlite3.c#3322,sqlite3.c,3322,0,0,1
Lookaside#sqlite3.c#3305,sqlite3.c,3305,0,0,8
MatchInfo#sqlite3.c#93544,sqlite3.c,93544,0,0,151
Mem0Global#sqlite3.c#8299,sqlite3.c,8299,0,0,5
MemStore#sqlite3.c#16184,sqlite3.c,16184,0,0,5
sqlite3_file#sqlite3.h#1776,sqlite3.h,1776,0,0,13
MemFile#sqlite3.c#16198,sqlite3.c,16198,0,0,17
MemFS#sqlite3.c#16204,sqlite3.c,16204,0,0,6
sqlite3_vfs#sqlite3.h#1814,sqlite3.h,1814,0,0,3
sqlite3_io_methods#sqlite3.h#1782,sqlite3.h,1782,0,0,13
MemJournal#sqlite3.c#42083,sqlite3.c,42083,0,0,17
PmaReader#sqlite3.c#40297,sqlite3.c,40297,0,0,136
sqlite3_qrf_spec#shell.c#4510,shell.c,4510,0,0,1
Mode#shell.c#19063,shell.c,19063,0,0,3
sqlite3_module#sqlite3.h#2282,sqlite3.h,2282,0,0,136
Module#sqlite3.c#3469,sqlite3.c,3469,0,0,136
Upsert#sqlite3.c#3816,sqlite3.c,3816,0,0,136
NameContext#sqlite3.c#3799,sqlite3.c,3799,0,0,137
Blob#sqlite3.c#92229,sqlite3.c,92229,0,0,1
NodeReader#sqlite3.c#92253,sqlite3.c,92253,0,0,4
NthValueCtx#sqlite3.c#77830,sqlite3.c,77830,0,0,137
NtileCtx#sqlite3.c#77980,sqlite3.c,77980,0,0,5
IdList#sqlite3.c#3726,sqlite3.c,3726,0,0,1
OnOrUsing#sqlite3.c#3788,sqlite3.c,3788,0,0,137
PagerSavepoint#sqlite3.c#18401,sqlite3.c,18401,0,0,11
PgHdr#sqlite3.c#3201,sqlite3.c,3201,0,0,136
sqlite3_backup#sqlite3.c#29879,sqlite3.c,29879,0,0,136
Wal#sqlite3.c#21402,sqlite3.c,21402,0,0,23
PCache#sqlite3.c#17000,sqlite3.c,17000,0,0,136
Returning#sqlite3.c#4017,sqlite3.c,4017,0,0,136
With#sqlite3.c#4174,sqlite3.c,4174,0,0,136
TableLock#sqlite3.c#51284,sqlite3.c,51284,0,0,5
TriggerPrg#sqlite3.c#3869,sqlite3.c,3869,0,0,136
Vdbe#sqlite3.c#5614,sqlite3.c,5614,0,0,136
yDbMask#sqlite3.c#3877,sqlite3.c,3877,0,0,1
RenameToken#sqlite3.c#48813,sqlite3.c,48813,0,0,3
bft#sqlite3.c#2447,sqlite3.c,2447,0,0,1
VList#sqlite3.c#2589,sqlite3.c,2589,0,0,1
ParseCleanup#sqlite3.c#3890,sqlite3.c,3890,0,0,1
ParseContext#sqlite3.c#88401,sqlite3.c,88401,0,0,140
sqlite3_pcache#sqlite3.h#2453,sqlite3.h,2453,0,0,1
PgHdr1#sqlite3.c#17468,sqlite3.c,17468,0,0,9
PGroup#sqlite3.c#17479,sqlite3.c,17479,0,0,9
PCache1#sqlite3.c#17488,sqlite3.c,17488,0,0,9
PgFreeslot#sqlite3.c#17508,sqlite3.c,17508,0,0,11
PCacheGlobal#sqlite3.c#17512,sqlite3.c,17512,0,0,11
Percentile#sqlite3.c#57190,sqlite3.c,57190,0,0,4
sqlite3_pcache_page#sqlite3.h#2457,sqlite3.h,2457,0,0,2
PmaWriter#sqlite3.c#40321,sqlite3.c,40321,0,0,20
porter_tokenizer#sqlite3.c#89295,sqlite3.c,89295,0,0,3
porter_tokenizer_cursor#sqlite3.c#89299,sqlite3.c,89299,0,0,4
PragmaName#sqlite3.c#60713,sqlite3.c,60713,0,0,6
PragmaVtab#sqlite3.c#62284,sqlite3.c,62284,0,0,138
PragmaVtabCursor#sqlite3.c#62292,sqlite3.c,62292,0,0,138
VdbeCursor#sqlite3.c#5485,sqlite3.c,5485,0,0,136
UnpackedRecord#sqlite3.c#3571,sqlite3.c,3571,0,0,136
PreUpdate#sqlite3.c#5668,sqlite3.c,5668,0,0,137
PrintfArguments#sqlite3.c#4356,sqlite3.c,4356,0,0,137
e_assoc#lemon.c#1617,lemon.c,1617,0,0,1
e_state#lemon.c#3031,lemon.c,3031,0,0,1
pstate#lemon.c#3034,lemon.c,3034,0,0,14
__pthread_cond_s#thread-shared-types.h#858,thread-shared-types.h,858,0,0,1
pthread_cond_t#pthreadtypes.h#905,pthreadtypes.h,905,0,0,2
qrfEQPGraph#shell.c#4563,shell.c,4563,0,0,2
Qrf#shell.c#4572,shell.c,4572,0,0,143
qrfColData#shell.c#5509,shell.c,5509,0,0,144
qrfEQPGraphRow#shell.c#4554,shell.c,4554,0,0,1
RCStr#sqlite3.c#4038,sqlite3.c,4038,0,0,4
ReInput#shell.c#9530,shell.c,9530,0,0,1
ReCompiled#shell.c#9538,shell.c,9538,0,0,2
RecoverBitmap#shell.c#17397,shell.c,17397,0,0,5
sqlite3_io_methods#sqlite3.h#1780,sqlite3.h,1780,0,0,14
sqlite3_recover#shell.c#17436,shell.c,17436,0,0,144
RecoverGlobal#shell.c#17465,shell.c,17465,0,0,146
sqlite3_value#sqlite3.h#2002,sqlite3.h,2002,0,0,137
RecoverStateLAF#shell.c#17421,shell.c,17421,0,0,140
RecoverTable#shell.c#17377,shell.c,17377,0,0,3
RecoverStateW1#shell.c#17404,shell.c,17404,0,0,141
RecoverColumn#shell.c#17387,shell.c,17387,0,0,1
RefSrcList#sqlite3.c#48102,sqlite3.c,48102,0,0,137
RenameCtx#sqlite3.c#48821,sqlite3.c,48821,0,0,137
ReStateNumber#shell.c#9521,shell.c,9521,0,0,1
ReStateSet#shell.c#9523,shell.c,9523,0,0,2
TriggerStep#sqlite3.c#4002,sqlite3.c,4002,0,0,136
ReusableSpace#sqlite3.c#32494,sqlite3.c,32494,0,0,5
RowLoadInfo#sqlite3.c#63493,sqlite3.c,63493,0,0,3
RowSetEntry#sqlite3.c#18083,sqlite3.c,18083,0,0,5
RowSetChunk#sqlite3.c#18089,sqlite3.c,18089,0,0,6
RowSet#sqlite3.c#18094,sqlite3.c,18094,0,0,139
RtreeNode#sqlite3.c#98813,sqlite3.c,98813,0,0,7
Rtree#sqlite3.c#98733,sqlite3.c,98733,0,0,140
RtreeCoord#sqlite3.c#98796,sqlite3.c,98796,0,0,4
RtreeCell#sqlite3.c#98822,sqlite3.c,98822,0,0,9
RtreeCheck#sqlite3.c#100997,sqlite3.c,100997,0,0,138
sqlite3_rtree_query_info#sqlite3.h#2596,sqlite3.h,2596,0,0,138
RtreeDValue#sqlite3.c#98766,sqlite3.c,98766,0,0,1
RtreeConstraint#sqlite3.c#98802,sqlite3.c,98802,0,0,140
RtreeValue#sqlite3.c#98768,sqlite3.c,98768,0,0,1
RtreeSearchPoint#sqlite3.c#98770,sqlite3.c,98770,0,0,6
RtreeCursor#sqlite3.c#98778,sqlite3.c,98778,0,0,144
RtreeGeomCallback#sqlite3.c#98827,sqlite3.c,98827,0,0,1
RtreeMatchArg#sqlite3.c#98834,sqlite3.c,98834,0,0,139
Boolean#lemon.c#1612,lemon.c,1612,0,0,1
option_type#lemon.c#1561,lemon.c,1561,0,0,1
s_options#lemon.c#1563,lemon.c,1563,0,0,2
s_x1node#lemon.c#5460,lemon.c,5460,0,0,1
s_x1#lemon.c#5453,lemon.c,5453,0,0,2
s_x2node#lemon.c#5584,lemon.c,5584,0,0,6
s_x2#lemon.c#5577,lemon.c,5577,0,0,7
s_x3node#lemon.c#5743,lemon.c,5743,0,0,12
s_x3#lemon.c#5736,lemon.c,5736,0,0,13
s_x4node#lemon.c#5857,lemon.c,5857,0,0,12
s_x4#lemon.c#5850,lemon.c,5850,0,0,13
Savepoint#sqlite3.c#3462,sqlite3.c,3462,0,0,5
ScanStatus#sqlite3.c#5597,sqlite3.c,5597,0,0,2
SegmentNode#sqlite3.c#90231,sqlite3.c,90231,0,0,1
SegmentWriter#sqlite3.c#90217,sqlite3.c,90217,0,0,6
SelectDest#sqlite3.c#3852,sqlite3.c,3852,0,0,4
sqlite3_uint64#sqlite3.h#1764,sqlite3.h,1764,0,0,2
series_cursor#shell.c#9057,shell.c,9057,0,0,139
u64#mksourceid.c#1126,mksourceid.c,1126,0,0,1
SHA3Context#mksourceid.c#1130,mksourceid.c,1130,0,0,2
Unlink#shell.c#19074,shell.c,19074,0,0,3
ShellText#shell.c#19706,shell.c,19706,0,0,4
simple_tokenizer#sqlite3.c#89804,sqlite3.c,89804,0,0,3
simple_tokenizer_cursor#sqlite3.c#89809,sqlite3.c,89809,0,0,4
SnippetFragment#sqlite3.c#93535,sqlite3.c,93535,0,0,4
SnippetPhrase#sqlite3.c#93526,sqlite3.c,93526,0,0,5
SnippetIter#sqlite3.c#93517,sqlite3.c,93517,0,0,152
SortCtx#sqlite3.c#63138,sqlite3.c,63138,0,0,5
SorterRecord#sqlite3.c#40332,sqlite3.c,40332,0,0,1
SorterList#sqlite3.c#40248,sqlite3.c,40248,0,0,8
VdbeSorter#sqlite3.c#40276,sqlite3.c,40276,0,0,136
SQLiteThread#sqlite3.c#10129,sqlite3.c,10129,0,0,2
SorterCompare#sqlite3.c#40261,sqlite3.c,40261,0,0,136
sqlite3_xauth#sqlite3.c#3330,sqlite3.c,3330,0,0,1
DbClientData#sqlite3.c#4190,sqlite3.c,4190,0,0,1
BusyHandler#sqlite3.c#2459,sqlite3.c,2459,0,0,1
VtabCtx#sqlite3.c#70147,sqlite3.c,70147,0,0,136
VTable#sqlite3.c#3497,sqlite3.c,3497,0,0,136
sqlite3_str#sqlite3.c#4028,sqlite3.c,4028,0,0,137
sqlite3_api_routines#sqlite3.c#60190,sqlite3.c,60190,0,0,140
sqlite3_index_info#sqlite3.h#2310,sqlite3.h,2310,0,0,5
sqlite3_intck#shell.c#14849,shell.c,14849,0,0,138
vfstrace_file#shell.c#15356,shell.c,15356,0,0,13
VdbeOp#sqlite3.c#3002,sqlite3.c,3002,0,0,5
pthread_mutex_t#pthreadtypes.h#899,pthreadtypes.h,899,0,0,1
sqlite3_mutex_methods#sqlite3.h#2389,sqlite3.h,2389,0,0,3
sqlite3_pcache_methods#sqlite3.h#2482,sqlite3.h,2482,0,0,2
sqlite3_pcache_methods2#sqlite3.h#2464,sqlite3.h,2464,0,0,4
sqlite3_rtree_dbl#sqlite3.h#2582,sqlite3.h,2582,0,0,1
sqlite3_rtree_geometry#sqlite3.h#2586,sqlite3.h,2586,0,0,2
zName#sqlite3.c#6612,sqlite3.c,6612,0,0,1
sqlite3_syscall_ptr#sqlite3.h#1812,sqlite3.h,1812,0,0,1
sqlite3AutoExtList#sqlite3.c#60614,sqlite3.c,60614,0,0,3
sqlite3_mem_methods#sqlite3.h#1853,sqlite3.h,1853,0,0,1
Sqlite3Config#sqlite3.c#4052,sqlite3.c,4052,0,0,14
IdxStatement#shell.c#13347,shell.c,13347,0,0,1
sqlite3PrngType#sqlite3.c#10052,sqlite3.c,10052,0,0,5
sqlite3StatValueType#sqlite3.c#5855,sqlite3.c,5855,0,0,3
sqlite3StatType#sqlite3.c#5859,sqlite3.c,5859,0,0,4
pthread_t#pthreadtypes.h#876,pthreadtypes.h,876,0,0,1
Subquery#sqlite3.c#3733,sqlite3.c,3733,0,0,136
SrcItem#sqlite3.c#3740,sqlite3.c,3740,0,0,136
StatSample#sqlite3.c#50302,sqlite3.c,50302,0,0,3
StatAccum#sqlite3.c#50306,sqlite3.c,50306,0,0,139
StatCell#sqlite3.c#101362,sqlite3.c,101362,0,0,3
StatPage#sqlite3.c#101371,sqlite3.c,101371,0,0,6
StatCursor#sqlite3.c#101384,sqlite3.c,101384,0,0,140
StatTable#sqlite3.c#101405,sqlite3.c,101405,0,0,137
StmtRow#sqlite3.c#102288,sqlite3.c,102288,0,0,3
stmt_cursor#sqlite3.c#102304,sqlite3.c,102304,0,0,138
stmt_vtab#sqlite3.c#102297,sqlite3.c,102297,0,0,137
SubProgram#sqlite3.c#3032,sqlite3.c,3032,0,0,6
SubrtnSig#sqlite3.c#2993,sqlite3.c,2993,0,0,3
SubstContext#sqlite3.c#65151,sqlite3.c,65151,0,0,137
SumCtx#sqlite3.c#56669,sqlite3.c,56669,0,0,7
symbol_type#lemon.c#1614,lemon.c,1614,0,0,1
TabResult#sqlite3.c#67953,sqlite3.c,67953,0,0,3
TermOffset#sqlite3.c#94420,sqlite3.c,94420,0,0,5
TermOffsetCtx#sqlite3.c#94426,sqlite3.c,94426,0,0,152
__suseconds_t#types.h#90,types.h,90,0,0,1
__time_t#types.h#86,types.h,86,0,0,1
timeval#struct_timeval.h#783,struct_timeval.h,783,0,0,3
TokenDoclist#sqlite3.c#87225,sqlite3.c,87225,0,0,3
TrigEvent#sqlite3.c#79543,sqlite3.c,79543,0,0,2
unicode_cursor#sqlite3.c#94596,sqlite3.c,94596,0,0,4
unicode_tokenizer#sqlite3.c#94589,sqlite3.c,94589,0,0,3
unix_syscall#sqlite3.c#13999,sqlite3.c,13999,0,0,2
unixInodeInfo#sqlite3.c#14128,sqlite3.c,14128,0,0,14
unixShm#sqlite3.c#15033,sqlite3.c,15033,0,0,14
UnixUnusedFd#sqlite3.c#13959,sqlite3.c,13959,0,0,1
unixFile#sqlite3.c#13967,sqlite3.c,13967,0,0,27
unixFileId#sqlite3.c#14123,sqlite3.c,14123,0,0,4
unixShmNode#sqlite3.c#15018,sqlite3.c,15018,0,0,14
ValueList#sqlite3.c#5692,sqlite3.c,5692,0,0,137
ValueNewStat4Ctx#sqlite3.c#31184,sqlite3.c,31184,0,0,137
AuxData#sqlite3.c#5574,sqlite3.c,5574,0,0,1
VdbeFrame#sqlite3.c#5534,sqlite3.c,5534,0,0,136
Bool#sqlite3.c#5475,sqlite3.c,5475,0,0,1
VdbeTxtBlbCache#sqlite3.c#5524,sqlite3.c,5524,0,0,7
VdbeOpList#sqlite3.c#3042,sqlite3.c,3042,0,0,3
vfstrace_info#shell.c#15344,shell.c,15344,0,0,6
sqlite3_vfs#sqlite3.h#1810,sqlite3.h,1810,0,0,4
WalIndexHdr#sqlite3.c#21380,sqlite3.c,21380,0,0,7
WalCkptInfo#sqlite3.c#21394,sqlite3.c,21394,0,0,5
ht_slot#sqlite3.c#21429,sqlite3.c,21429,0,0,2
WalHashLoc#sqlite3.c#21648,sqlite3.c,21648,0,0,10
WalIterator#sqlite3.c#21431,sqlite3.c,21431,0,0,3
WhereConst#sqlite3.c#65622,sqlite3.c,65622,0,0,137
WindowRewrite#sqlite3.c#78182,sqlite3.c,78182,0,0,137
WalWriter#sqlite3.c#22819,sqlite3.c,22819,0,0,24
WhereAndInfo#sqlite3.c#71191,sqlite3.c,71191,0,0,146
WhereTerm#sqlite3.c#71138,sqlite3.c,71138,0,0,146
WhereInfo#sqlite3.c#71211,sqlite3.c,71211,0,0,146
WhereLevel#sqlite3.c#71043,sqlite3.c,71043,0,0,146
WhereMemBlock#sqlite3.c#71030,sqlite3.c,71030,0,0,4
WhereLoop#sqlite3.c#71080,sqlite3.c,71080,0,0,146
WhereMaskSet#sqlite3.c#71195,sqlite3.c,71195,0,0,1
WhereRightJoin#sqlite3.c#71035,sqlite3.c,71035,0,0,1
WhereOrSet#sqlite3.c#71123,sqlite3.c,71123,0,0,7
WhereLoopBuilder#sqlite3.c#71201,sqlite3.c,71201,0,0,149
WhereOrCost#sqlite3.c#71117,sqlite3.c,71117,0,0,4
WhereOrInfo#sqlite3.c#71186,sqlite3.c,71186,0,0,146
WherePath#sqlite3.c#71128,sqlite3.c,71128,0,0,147
WhereScan#sqlite3.c#71160,sqlite3.c,71160,0,0,147
WindowCsrAndReg#sqlite3.c#78724,sqlite3.c,78724,0,0,1
WindowCodeArg#sqlite3.c#78729,sqlite3.c,78729,0,0,138
YYMINORTYPE#sqlite3.c#79668,sqlite3.c,79668,0,0,140
yyStackEntry#sqlite3.c#79709,sqlite3.c,79709,0,0,141
yyParser#sqlite3.c#79717,sqlite3.c,79717,0,0,142
ZipfileBuffer#shell.c#13004,shell.c,13004,0,0,2
ZipfileCDS#shell.c#11741,shell.c,11741,0,0,3
ZipfileEntry#shell.c#11778,shell.c,11778,0,0,8
ZipfileEOCD#shell.c#11730,shell.c,11730,4,1,8
ZipfileCsr#shell.c#11789,shell.c,11789,4,1,143
ZipfileCtx#shell.c#13012,shell.c,13012,0,0,3
zipfileGetU32#shell.c#11996,shell.c,11996,4,1,3
zipfileGetU16#shell.c#11992,shell.c,11992,3,1,3
ZipfileLFH#shell.c#11763,shell.c,11763,3,1,5
ZipfileTab#shell.c#11804,shell.c,11804,4,1,144
__int8_t#types.h#16,types.h,16,0,0,1
__int_least8_t#types.h#32,types.h,32,0,0,2
__uint8_t#types.h#18,types.h,18,0,0,1
__uint_least8_t#types.h#34,types.h,34,0,0,2
__int16_t#types.h#20,types.h,20,0,0,1
__int_least16_t#types.h#36,types.h,36,0,0,2
__uint16_t#types.h#22,types.h,22,0,0,1
__uint_least16_t#types.h#38,types.h,38,0,0,2
__int32_t#types.h#24,types.h,24,0,0,1
__int_least32_t#types.h#40,types.h,40,0,0,2
__uint32_t#types.h#26,types.h,26,0,0,1
__uint_least32_t#types.h#42,types.h,42,0,0,2
__int64_t#types.h#28,types.h,28,0,0,1
__int_least64_t#types.h#44,types.h,44,0,0,2
__uint64_t#types.h#30,types.h,30,0,0,1
__uint_least64_t#types.h#46,types.h,46,0,0,2
__off64_t#types.h#72,types.h,72,0,0,1
__loff_t#types.h#124,types.h,124,0,0,2
__clock_t#types.h#78,types.h,78,0,0,1
clock_t#clock_t.h#721,clock_t.h,721,0,0,2
__clockid_t#types.h#98,types.h,98,0,0,1
clockid_t#clockid_t.h#723,clockid_t.h,723,0,0,2
__timer_t#types.h#100,types.h,100,0,0,1
timer_t#timer_t.h#727,timer_t.h,727,0,0,2
u_int8_t#types.h#743,types.h,743,0,0,2
u_int16_t#types.h#745,types.h,745,0,0,2
u_int32_t#types.h#747,types.h,747,0,0,2
u_int64_t#types.h#749,types.h,749,0,0,2
__sigset_t#__sigset_t.h#777,__sigset_t.h,777,0,0,1
sigset_t#sigset_t.h#781,sigset_t.h,781,0,0,2
suseconds_t#select.h#793,select.h,793,0,0,2
__blksize_t#types.h#102,types.h,102,0,0,1
blksize_t#types.h#807,types.h,807,0,0,2
__blkcnt_t#types.h#104,types.h,104,0,0,1
blkcnt_t#types.h#809,types.h,809,0,0,2
__fsblkcnt_t#types.h#108,types.h,108,0,0,1
fsblkcnt_t#types.h#811,types.h,811,0,0,2
__fsfilcnt_t#types.h#112,types.h,112,0,0,1
fsfilcnt_t#types.h#813,types.h,813,0,0,2
pthread_attr_t#pthreadtypes.h#892,pthreadtypes.h,892,0,0,1
pthread_attr_t#pthreadtypes.h#897,pthreadtypes.h,897,0,0,2
MemChunk#lemon.c#1381,lemon.c,1381,0,0,1
MemChunk#lemon.c#1379,lemon.c,1379,0,0,2
acttab#lemon.c#1867,lemon.c,1867,0,0,3
memChunkList#lemon.c#1386,lemon.c,1386,0,0,2
freelist#lemon.c#2343,lemon.c,2343,0,0,12
current#lemon.c#2345,lemon.c,2345,0,0,12
currentend#lemon.c#2347,lemon.c,2347,0,0,12
basis#lemon.c#2349,lemon.c,2349,0,0,12
basisend#lemon.c#2351,lemon.c,2351,0,0,12
op#lemon.c#2810,lemon.c,2810,0,0,3
errstream#lemon.c#2812,lemon.c,2812,0,0,2
plink_freelist#lemon.c#3805,lemon.c,3805,0,0,12
x1a#lemon.c#5466,lemon.c,5466,0,0,3
x2a#lemon.c#5591,lemon.c,5591,0,0,8
x3a#lemon.c#5750,lemon.c,5750,0,0,14
x4a#lemon.c#5863,lemon.c,5863,0,0,14
locale_t#locale_t.h#467,locale_t.h,467,0,0,1
strcoll_l#string.h#469,string.h,469,0,0,2
strxfrm_l#string.h#471,string.h,471,0,0,2
random_data#stdlib.h#942,stdlib.h,942,0,0,1
random_r#stdlib.h#952,stdlib.h,952,0,0,2
srandom_r#stdlib.h#954,stdlib.h,954,0,0,2
initstate_r#stdlib.h#956,stdlib.h,956,0,0,2
setstate_r#stdlib.h#958,stdlib.h,958,0,0,2
drand48_data#stdlib.h#984,stdlib.h,984,0,0,1
drand48_r#stdlib.h#992,stdlib.h,992,0,0,2
erand48_r#stdlib.h#994,stdlib.h,994,0,0,2
lrand48_r#stdlib.h#996,stdlib.h,996,0,0,2
nrand48_r#stdlib.h#998,stdlib.h,998,0,0,2
mrand48_r#stdlib.h#1000,stdlib.h,1000,0,0,2
jrand48_r#stdlib.h#1002,stdlib.h,1002,0,0,2
srand48_r#stdlib.h#1004,stdlib.h,1004,0,0,2
seed48_r#stdlib.h#1006,stdlib.h,1006,0,0,2
lcong48_r#stdlib.h#1008,stdlib.h,1008,0,0,2
arc4random#stdlib.h#1010,stdlib.h,1010,0,0,2
arc4random_uniform#stdlib.h#1014,stdlib.h,1014,0,0,2
malloc#stdlib.h#1016,stdlib.h,1016,0,0,2
free#stdlib.h#1022,stdlib.h,1022,0,0,3
exit#stdlib.h#1044,stdlib.h,1044,0,0,13
__pid_t#types.h#74,types.h,74,0,0,1
getpid#unistd.h#1225,unistd.h,1225,0,0,2
getppid#unistd.h#1227,unistd.h,1227,0,0,2
getpgrp#unistd.h#1229,unistd.h,1229,0,0,2
__getpgid#unistd.h#1231,unistd.h,1231,0,0,2
getpgid#unistd.h#1233,unistd.h,1233,0,0,2
setpgid#unistd.h#1235,unistd.h,1235,0,0,2
memory_error#lemon.c#2517,lemon.c,2517,4,1,14
Configcmp#lemon.c#5698,lemon.c,5698,8,1,14
merge#lemon.c#2754,lemon.c,2754,31,1,2
actioncmp#lemon.c#1827,lemon.c,1827,14,1,12
msort#lemon.c#2786,lemon.c,2786,74,4,18
lemon_malloc#lemon.c#1388,lemon.c,1388,13,1,25
size#lemon.c#5393,lemon.c,5393,0,0,1
lemon_calloc#lemon.c#1402,lemon.c,1402,18,2,29
lemon_free#lemon.c#1408,lemon.c,1408,7,1,28
bDefineUsed#lemon.c#2528,lemon.c,2528,0,0,1
nDefine#lemon.c#2522,lemon.c,2522,0,0,1
azDefine#lemon.c#2526,lemon.c,2526,0,0,1
lemon_realloc#lemon.c#1416,lemon.c,1416,24,2,33
lemon_free_all#lemon.c#1428,lemon.c,1428,7,1,4
@275157230341245076237045230010261075161156304061#ctype.h#557,ctype.h,557,0,0,1
lemon_addtext#lemon.c#1436,lemon.c,1436,9,1,1
lemon_vsprintf#lemon.c#1446,lemon.c,1446,61,2,16
lemon_sprintf#lemon.c#1499,lemon.c,1499,69,3,19
outputDir#lemon.c#2569,lemon.c,2569,0,0,1
user_templatename#lemon.c#2580,lemon.c,2580,0,0,1
lemon_strcpy#lemon.c#1508,lemon.c,1508,3,1,3
lemon_strcat#lemon.c#1512,lemon.c,1512,7,2,4
Action_new#lemon.c#1808,lemon.c,1808,36,3,30
Action_sort#lemon.c#1842,lemon.c,1842,78,5,19
FindRulePrecedences#lemon.c#1998,lemon.c,1998,22,1,13
SetNew#lemon.c#5399,lemon.c,5399,30,4,31
SetAdd#lemon.c#5412,lemon.c,5412,7,1,13
SetUnion#lemon.c#5420,lemon.c,5420,12,1,13
FindFirstSets#lemon.c#2021,lemon.c,2021,100,7,34
Configlist_init#lemon.c#2362,lemon.c,2362,50,5,42
ErrorMsg#lemon.c#2508,lemon.c,2508,8,1,15
getstate#lemon.c#2113,lemon.c,2113,580,42,82
Configlist_addbasis#lemon.c#2402,lemon.c,2402,127,10,41
Symbol_find#lemon.c#5659,lemon.c,5659,17,2,18
FindStates#lemon.c#2075,lemon.c,2075,657,47,87
Plink_add#lemon.c#3825,lemon.c,3825,42,4,32
FindLinks#lemon.c#2190,lemon.c,2190,63,5,33
FindFollowSets#lemon.c#2212,lemon.c,2212,42,2,15
resolve_conflict#lemon.c#2300,lemon.c,2300,42,1,12
Action_add#lemon.c#1847,lemon.c,1847,50,4,31
FindActions#lemon.c#2245,lemon.c,2245,249,14,44
Configtable_init#lemon.c#5865,lemon.c,5865,42,4,37
Configtable_find#lemon.c#5929,lemon.c,5929,25,3,18
newconfig#lemon.c#2353,lemon.c,2353,21,3,30
Configtable_insert#lemon.c#5883,lemon.c,5883,76,5,34
Configlist_add#lemon.c#2380,lemon.c,2380,124,10,40
Configlist_closure#lemon.c#2427,lemon.c,2427,215,16,48
Configlist_sort#lemon.c#2468,lemon.c,2468,79,5,20
Configlist_sortbasis#lemon.c#2474,lemon.c,2474,79,5,21
Configlist_return#lemon.c#2480,lemon.c,2480,7,1,14
Configlist_basis#lemon.c#2488,lemon.c,2488,7,1,14
SetFree#lemon.c#5408,lemon.c,5408,10,2,29
deleteconfig#lemon.c#2357,lemon.c,2357,4,1,13
Configlist_eat#lemon.c#2496,lemon.c,2496,25,4,32
Configtable_clear#lemon.c#5942,lemon.c,5942,8,1,15
Configlist_reset#lemon.c#2371,lemon.c,2371,16,2,20
OptPrint#lemon.c#3000,lemon.c,3000,30,1,6
handleflags#lemon.c#2852,lemon.c,2852,50,2,9
a#sqlite3.c#12340,sqlite3.c,12340,0,0,1
g_argv#lemon.c#2808,lemon.c,2808,0,0,1
handleswitch#lemon.c#2883,lemon.c,2883,88,2,9
OptInit#lemon.c#2952,lemon.c,2952,170,5,26
OptNArgs#lemon.c#2975,lemon.c,2975,12,1,2
argindex#lemon.c#2835,lemon.c,2835,14,1,2
OptArg#lemon.c#2988,lemon.c,2988,19,2,3
errline#lemon.c#2814,lemon.c,2814,20,1,4
OptErr#lemon.c#2994,lemon.c,2994,39,3,6
preprocess_input#lemon.c#3607,lemon.c,3607,148,2,20
parseonetoken#lemon.c#3059,lemon.c,3059,763,18,55
Parse#sqlite3.c#2525,sqlite3.c,2525,0,0,137
Parse#lemon.c#3663,lemon.c,3663,1059,22,200
Plink_new#lemon.c#3807,lemon.c,3807,35,3,31
Plink_copy#lemon.c#3833,lemon.c,3833,9,1,12
Plink_delete#lemon.c#3843,lemon.c,3843,9,1,13
rule_print#lemon.c#3896,lemon.c,3896,16,1,7
Reprint#lemon.c#3913,lemon.c,3913,46,2,15
ConfigPrint#lemon.c#3963,lemon.c,3963,21,2,14
file_open#lemon.c#3883,lemon.c,3883,68,6,39
w#shell.c#4786,shell.c,4786,0,0,1
PrintAction#lemon.c#3967,lemon.c,3967,66,2,15
ReportOutput#lemon.c#4016,lemon.c,4016,311,14,52
emit_code#lemon.c#4500,lemon.c,4500,38,2,15
writeRuleText#lemon.c#4672,lemon.c,4672,16,1,7
compute_action#lemon.c#4144,lemon.c,4144,19,1,13
notnull#lemon.c#4689,lemon.c,4689,3,1,13
nDefineUsed#lemon.c#2524,lemon.c,2524,0,0,1
acttab_alloc#lemon.c#1888,lemon.c,1888,29,3,32
translate_code#lemon.c#4355,lemon.c,4355,381,16,52
tplt_print#lemon.c#4248,lemon.c,4248,28,2,15
acttab_action#lemon.c#1900,lemon.c,1900,48,3,34
axset_compare#lemon.c#4660,lemon.c,4660,11,1,14
tplt_skip_header#lemon.c#4184,lemon.c,4184,4,1,2
print_stack_union#lemon.c#4529,lemon.c,4529,126,5,42
acttab_free#lemon.c#1882,lemon.c,1882,12,2,29
file_makename#lemon.c#3853,lemon.c,3853,49,4,30
minimum_size_type#lemon.c#4628,lemon.c,4628,24,1,13
acttab_action_size#lemon.c#1992,lemon.c,1992,5,1,3
tplt_open#lemon.c#4189,lemon.c,4189,176,8,45
emit_destructor_code#lemon.c#4267,lemon.c,4267,46,2,15
tplt_xfer#lemon.c#4164,lemon.c,4164,19,1,15
acttab_insert#lemon.c#1925,lemon.c,1925,90,3,34
ReportTable#lemon.c#4693,lemon.c,4693,1467,41,85
ReportHeader#lemon.c#5231,lemon.c,5231,167,10,46
Symbol_new#lemon.c#5545,lemon.c,5545,302,16,53
CompressTables#lemon.c#5262,lemon.c,5262,461,22,61
stateResortCompare#lemon.c#5344,lemon.c,5344,14,1,13
ResortStates#lemon.c#5359,lemon.c,5359,66,3,16
SetSize#lemon.c#5395,lemon.c,5395,3,1,14
append_str#lemon.c#4314,lemon.c,4314,136,7,41
Strsafe_find#lemon.c#5532,lemon.c,5532,17,2,17
Strsafe_insert#lemon.c#5486,lemon.c,5486,68,4,32
Strsafe#lemon.c#5439,lemon.c,5439,220,13,49
Strsafe_init#lemon.c#5468,lemon.c,5468,42,4,37
strhash#lemon.c#5433,lemon.c,5433,5,1,14
Symbol_insert#lemon.c#5611,lemon.c,5611,70,4,32
Symbolcmpp#lemon.c#5569,lemon.c,5569,7,1,7
Symbol_init#lemon.c#5593,lemon.c,5593,42,4,37
Symbol_Nth#lemon.c#5672,lemon.c,5672,9,1,9
Symbol_count#lemon.c#5682,lemon.c,5682,3,1,9
Symbol_arrayof#lemon.c#5686,lemon.c,5686,29,3,31
State_new#lemon.c#5729,lemon.c,5729,28,4,31
State_init#lemon.c#5752,lemon.c,5752,42,4,37
statecmp#lemon.c#5707,lemon.c,5707,12,1,14
statehash#lemon.c#5720,lemon.c,5720,8,1,14
State_insert#lemon.c#5770,lemon.c,5770,93,6,40
State_find#lemon.c#5819,lemon.c,5819,32,3,18
State_arrayof#lemon.c#5832,lemon.c,5832,29,3,31
confighash#lemon.c#5844,lemon.c,5844,5,1,14
buildshifts#lemon.c#2156,lemon.c,2156,580,42,82
same_symbol#lemon.c#2144,lemon.c,2144,11,1,7
handle_D_option#lemon.c#2530,lemon.c,2530,51,4,37
handle_U_option#lemon.c#2555,lemon.c,2555,13,1,4
handle_d_option#lemon.c#2571,lemon.c,2571,24,3,29
handle_T_option#lemon.c#2582,lemon.c,2582,27,4,30
Rule_merge#lemon.c#2590,lemon.c,2590,21,1,6
Rule_sort#lemon.c#2612,lemon.c,2612,42,2,14
stats_line#lemon.c#2636,lemon.c,2636,4,1,13
showPrecedenceConflict#lemon.c#1375,lemon.c,1375,0,0,1
defineCmp#lemon.c#2641,lemon.c,2641,5,1,1
main#lemon.c#2647,lemon.c,2647,3225,126,322
emsg#lemon.c#2850,lemon.c,2850,0,0,1
eval_preprocessor_boolean#lemon.c#3513,lemon.c,3513,93,1,19
RulePrint#lemon.c#3944,lemon.c,3944,18,1,13
getenv#stdlib.h#1050,stdlib.h,1050,0,0,1
pathsearch#lemon.c#4106,lemon.c,4106,129,7,43
tplt_linedir#lemon.c#4237,lemon.c,4237,10,1,14
has_destructor#lemon.c#4304,lemon.c,4304,9,1,13
__fpos_t#__fpos_t.h#145,__fpos_t.h,145,0,0,3
__pthread_internal_list#thread-shared-types.h#823,thread-shared-types.h,823,0,0,1
__pthread_list_t#thread-shared-types.h#749,thread-shared-types.h,749,0,0,2
__pthread_internal_slist#thread-shared-types.h#828,thread-shared-types.h,828,0,0,1
__pthread_slist_t#thread-shared-types.h#753,thread-shared-types.h,753,0,0,2
Keyword#mkkeywordhash.c#1059,mkkeywordhash.c,1059,0,0,1
Keyword#mkkeywordhash.c#1057,mkkeywordhash.c,1057,0,0,2
aKeywordTable#mkkeywordhash.c#1076,mkkeywordhash.c,1076,0,0,2
nKeyword#mkkeywordhash.c#1079,mkkeywordhash.c,1079,0,0,3
keywordCompare1#mkkeywordhash.c#1081,mkkeywordhash.c,1081,10,1,3
keywordCompare2#mkkeywordhash.c#1092,mkkeywordhash.c,1092,10,1,3
keywordCompare3#mkkeywordhash.c#1103,mkkeywordhash.c,1103,8,1,3
findById#mkkeywordhash.c#1112,mkkeywordhash.c,1112,7,1,4
aKWHash#sqlite3.c#81309,sqlite3.c,81309,0,0,1
reorder#mkkeywordhash.c#1120,mkkeywordhash.c,1120,13,1,4
zKWText#sqlite3.c#81306,sqlite3.c,81306,0,0,1
zHdr#mkkeywordhash.c#1055,mkkeywordhash.c,1055,0,0,1
main#mkkeywordhash.c#1134,mkkeywordhash.c,1134,328,6,13
SHA3Context#mksourceid.c#1128,mksourceid.c,1128,0,0,3
SHA1Context#mksourceid.c#1475,mksourceid.c,1475,0,0,1
SHA1Context#mksourceid.c#1473,mksourceid.c,1473,0,0,2
KeccakF1600Step#mksourceid.c#1140,mksourceid.c,1140,254,1,3
SHA3Init#mksourceid.c#1395,mksourceid.c,1395,8,1,3
SHA3Update#mksourceid.c#1404,mksourceid.c,1404,275,2,4
SHA3Final#mksourceid.c#1426,mksourceid.c,1426,292,3,5
DigestToBase16#mksourceid.c#1444,mksourceid.c,1444,301,4,6
sha3sum_file#mksourceid.c#1454,mksourceid.c,1454,327,6,9
SHA1Transform#mksourceid.c#1481,mksourceid.c,1481,39,1,13
SHA1Init#mksourceid.c#1521,mksourceid.c,1521,8,1,2
SHA1Update#mksourceid.c#1530,mksourceid.c,1530,54,2,14
SHA1Final#mksourceid.c#1546,mksourceid.c,1546,67,3,15
sha1sum_file#mksourceid.c#1560,mksourceid.c,1560,396,9,24
usage#mksourceid.c#1581,mksourceid.c,1581,4,1,14
nextToken#mksourceid.c#1586,mksourceid.c,1586,6,1,2
main#mksourceid.c#1593,mksourceid.c,1593,511,14,32
sqlite_uint64#sqlite3.h#1760,sqlite3.h,1760,0,0,1
sqlite3_mutex#sqlite3.h#1804,sqlite3.h,1804,0,0,3
sqlite3_api_routines#sqlite3.h#1806,sqlite3.h,1806,0,0,141
sqlite3_mem_methods#sqlite3.h#1851,sqlite3.h,1851,0,0,2
sqlite3_index_info#sqlite3.h#2276,sqlite3.h,2276,0,0,6
sqlite3_module#sqlite3.h#2280,sqlite3.h,2280,0,0,137
sqlite3_mutex_methods#sqlite3.h#2387,sqlite3.h,2387,0,0,4
sqlite3_pcache_page#sqlite3.h#2455,sqlite3.h,2455,0,0,3
sqlite3_pcache_methods2#sqlite3.h#2462,sqlite3.h,2462,0,0,5
sqlite3_pcache_methods#sqlite3.h#2480,sqlite3.h,2480,0,0,3
sqlite3_backup#sqlite3.h#2496,sqlite3.h,2496,0,0,137
sqlite3_rtree_geometry#sqlite3.h#2578,sqlite3.h,2578,0,0,3
sqlite3_rtree_query_info#sqlite3.h#2580,sqlite3.h,2580,0,0,139
Fts5ExtensionApi#sqlite3.h#2615,sqlite3.h,2615,0,0,4
Fts5PhraseIter#sqlite3.h#2623,sqlite3.h,2623,0,0,1
Fts5PhraseIter#sqlite3.h#2619,sqlite3.h,2619,0,0,2
Fts5Context#sqlite3.h#2617,sqlite3.h,2617,0,0,1
fts5_extension_function#sqlite3.h#2621,sqlite3.h,2621,0,0,140
fts5_tokenizer_v2#sqlite3.h#2659,sqlite3.h,2659,0,0,1
fts5_tokenizer_v2#sqlite3.h#2657,sqlite3.h,2657,0,0,2
fts5_tokenizer#sqlite3.h#2668,sqlite3.h,2668,0,0,1
fts5_tokenizer#sqlite3.h#2666,sqlite3.h,2666,0,0,2
fts5_api#sqlite3.h#2676,sqlite3.h,2676,0,0,1
fts5_api#sqlite3.h#2674,sqlite3.h,2674,0,0,2
u64#shell.c#2687,shell.c,2687,0,0,4
sqlite3_qrf_spec#shell.c#4508,shell.c,4508,0,0,2
qrfEQPGraphRow#shell.c#4552,shell.c,4552,0,0,2
qrfEQPGraph#shell.c#4561,shell.c,4561,0,0,3
Qrf#shell.c#4570,shell.c,4570,0,0,144
qrfColData#shell.c#5507,shell.c,5507,0,0,145
Decimal#shell.c#7827,shell.c,7827,0,0,1
Decimal#shell.c#7825,shell.c,7825,0,0,2
series_cursor#shell.c#9055,shell.c,9055,0,0,140
ReInput#shell.c#9528,shell.c,9528,0,0,2
ReCompiled#shell.c#9536,shell.c,9536,0,0,3
fsdir_cursor#shell.c#10353,shell.c,10353,0,0,140
FsdirLevel#shell.c#10355,shell.c,10355,0,0,2
fsdir_tab#shell.c#10375,shell.c,10375,0,0,138
completion_vtab#shell.c#10807,shell.c,10807,0,0,138
completion_cursor#shell.c#10814,shell.c,10814,0,0,140
ApndVfs#shell.c#11102,shell.c,11102,0,0,4
ApndFile#shell.c#11104,shell.c,11104,0,0,14
ZipfileEOCD#shell.c#11728,shell.c,11728,4,1,9
ZipfileCDS#shell.c#11739,shell.c,11739,0,0,4
ZipfileLFH#shell.c#11761,shell.c,11761,3,1,6
ZipfileEntry#shell.c#11776,shell.c,11776,0,0,9
ZipfileCsr#shell.c#11787,shell.c,11787,4,1,144
ZipfileTab#shell.c#11802,shell.c,11802,4,1,145
ZipfileBuffer#shell.c#13002,shell.c,13002,0,0,3
ZipfileCtx#shell.c#13010,shell.c,13010,0,0,4
sqlite3expert#shell.c#13280,shell.c,13280,0,0,137
IdxColumn#shell.c#13296,shell.c,13296,0,0,2
IdxConstraint#shell.c#13298,shell.c,13298,0,0,2
IdxScan#shell.c#13300,shell.c,13300,0,0,8
IdxStatement#shell.c#13302,shell.c,13302,0,0,2
IdxTable#shell.c#13304,shell.c,13304,0,0,3
IdxWrite#shell.c#13306,shell.c,13306,0,0,4
IdxHashEntry#shell.c#13355,shell.c,13355,0,0,2
IdxHash#shell.c#13357,shell.c,13357,0,0,3
ExpertVtab#shell.c#13516,shell.c,13516,0,0,137
ExpertCsr#shell.c#13524,shell.c,13524,0,0,140
sqlite3_intck#shell.c#14833,shell.c,14833,0,0,139
vfstrace_info#shell.c#15342,shell.c,15342,0,0,7
vfstrace_file#shell.c#15354,shell.c,15354,0,0,14
DiskUsed#shell.c#16163,shell.c,16163,0,0,142
sqlite3_recover#shell.c#16718,shell.c,16718,0,0,145
DbdataTable#shell.c#16736,shell.c,16736,0,0,139
DbdataCursor#shell.c#16738,shell.c,16738,0,0,141
DbdataBuffer#shell.c#16740,shell.c,16740,0,0,5
RecoverTable#shell.c#17373,shell.c,17373,0,0,4
RecoverColumn#shell.c#17375,shell.c,17375,0,0,2
RecoverBitmap#shell.c#17395,shell.c,17395,0,0,6
RecoverStateW1#shell.c#17402,shell.c,17402,0,0,142
RecoverStateLAF#shell.c#17419,shell.c,17419,0,0,141
RecoverGlobal#shell.c#17463,shell.c,17463,0,0,147
ExpertInfo#shell.c#19056,shell.c,19056,0,0,138
ShellState#shell.c#19079,shell.c,19079,0,0,144
ModeInfo#shell.c#19158,shell.c,19158,0,0,1
ModeInfo#shell.c#19156,shell.c,19156,0,0,2
ShellText#shell.c#19704,shell.c,19704,0,0,5
ImportCtx#shell.c#22129,shell.c,22129,0,0,6
ArCommand#shell.c#23062,shell.c,23062,0,0,145
memtraceBase#shell.c#6792,shell.c,6792,0,0,2
memtraceOut#shell.c#6794,shell.c,6794,0,0,2
memtraceSize#shell.c#6823,shell.c,6823,3,1,3
memtraceMalloc#shell.c#6796,shell.c,6796,6,1,5
memtraceInit#shell.c#6831,shell.c,6831,3,1,3
memtraceShutdown#shell.c#6835,shell.c,6835,3,1,3
memtraceRoundup#shell.c#6827,shell.c,6827,3,1,3
memtraceRealloc#shell.c#6811,shell.c,6811,24,3,7
memtraceFree#shell.c#6803,shell.c,6803,7,1,5
ersaztMethods#shell.c#6839,shell.c,6839,36,7,12
pcacheBase#shell.c#6866,shell.c,6866,0,0,5
pcachetraceOut#shell.c#6868,shell.c,6868,0,0,2
pcachetraceInit#shell.c#6870,shell.c,6870,11,1,8
pcachetraceCreate#shell.c#6889,shell.c,6889,11,1,8
pcachetraceCachesize#shell.c#6901,shell.c,6901,6,1,8
pcachetraceFetch#shell.c#6920,shell.c,6920,11,1,8
pcachetraceUnpin#shell.c#6932,shell.c,6932,6,1,8
pcachetraceShrink#shell.c#6960,shell.c,6960,6,1,8
pcachetracePagecount#shell.c#6908,shell.c,6908,11,1,8
pcachetraceTruncate#shell.c#6946,shell.c,6946,6,1,8
pcachetraceDestroy#shell.c#6953,shell.c,6953,6,1,8
pcachetraceRekey#shell.c#6939,shell.c,6939,6,1,8
pcachetraceShutdown#shell.c#6882,shell.c,6882,6,1,8
ersaztPcacheMethods#shell.c#6967,shell.c,6967,86,11,19
b64DigitValues#shell.c#8547,shell.c,8547,0,0,2
b85_cOffset#shell.c#8699,shell.c,8699,0,0,2
seriesEof#shell.c#9157,shell.c,9157,4,1,140
seriesDisconnect#shell.c#9104,shell.c,9104,54,8,289
seriesColumn#shell.c#9138,shell.c,9138,95032,3421,4002
seriesConnect#shell.c#9087,shell.c,9087,95032,3421,4002
seriesOpen#shell.c#9109,shell.c,9109,95032,3421,4002
seriesClose#shell.c#9119,shell.c,9119,54,8,289
seriesFilter#shell.c#9182,shell.c,9182,95032,3421,4002
seriesNext#shell.c#9124,shell.c,9124,27,4,144
seriesBestIndex#shell.c#9381,shell.c,9381,95032,3421,4002
seriesRowid#shell.c#9151,shell.c,9151,5,1,140
seriesModule#shell.c#9507,shell.c,9507,95032,3421,4002
completionColumn#shell.c#10976,shell.c,10976,95032,3421,4002
completionRowid#shell.c#10999,shell.c,10999,5,1,140
completionConnect#shell.c#10830,shell.c,10830,95032,3421,4002
completionFilter#shell.c#11010,shell.c,11010,95032,3421,4002
completionEof#shell.c#11005,shell.c,11005,4,1,140
completionBestIndex#shell.c#11050,shell.c,11050,34,1,139
completionNext#shell.c#10877,shell.c,10877,95032,3421,4002
completionClose#shell.c#10871,shell.c,10871,95032,3421,4002
completionOpen#shell.c#10854,shell.c,10854,95032,3421,4002
completionDisconnect#shell.c#10849,shell.c,10849,54,8,289
completionModule#shell.c#11085,shell.c,11085,95032,3421,4002
apndDlSym#shell.c#11160,shell.c,11160,0,0,4
apndCurrentTimeInt64#shell.c#11448,shell.c,11448,3,1,6
apndGetSystemCall#shell.c#11456,shell.c,11456,3,1,4
apndDlOpen#shell.c#11416,shell.c,11416,3,1,4
apndDelete#shell.c#11404,shell.c,11404,3,1,4
apndDlClose#shell.c#11428,shell.c,11428,3,1,4
apndSetSystemCall#shell.c#11452,shell.c,11452,3,1,4
apndGetLastError#shell.c#11444,shell.c,11444,3,1,5
apndNextSystemCall#shell.c#11460,shell.c,11460,3,1,4
apndDlError#shell.c#11420,shell.c,11420,3,1,4
apndSleep#shell.c#11436,shell.c,11436,3,1,4
apndFullPathname#shell.c#11412,shell.c,11412,3,1,4
apndAccess#shell.c#11408,shell.c,11408,3,1,4
apndRandomness#shell.c#11432,shell.c,11432,3,1,4
apndOpen#shell.c#11362,shell.c,11362,95032,3421,4002
apndCurrentTime#shell.c#11440,shell.c,11440,3,1,4
apnd_vfs#shell.c#11180,shell.c,11180,95032,3421,4002
apndTruncate#shell.c#11229,shell.c,11229,23,2,17
apndSectorSize#shell.c#11274,shell.c,11274,4,1,14
apndCheckReservedLock#shell.c#11257,shell.c,11257,4,1,14
apndShmBarrier#shell.c#11294,shell.c,11294,4,1,14
apndClose#shell.c#11186,shell.c,11186,4,1,14
apndRead#shell.c#11191,shell.c,11191,5,1,14
apndShmLock#shell.c#11289,shell.c,11289,4,1,14
apndDeviceCharacteristics#shell.c#11279,shell.c,11279,4,1,14
apndFetch#shell.c#11304,shell.c,11304,8,1,14
apndWrite#shell.c#11215,shell.c,11215,30,2,17
apndFileControl#shell.c#11262,shell.c,11262,95032,3421,4002
apndUnlock#shell.c#11252,shell.c,11252,4,1,14
apndShmUnmap#shell.c#11299,shell.c,11299,4,1,14
apndFileSize#shell.c#11241,shell.c,11241,5,1,14
apndShmMap#shell.c#11284,shell.c,11284,4,1,14
apndSync#shell.c#11236,shell.c,11236,4,1,14
apndUnfetch#shell.c#11313,shell.c,11313,5,1,14
apndLock#shell.c#11247,shell.c,11247,4,1,14
apnd_io_methods#shell.c#11183,shell.c,11183,95032,3421,4002
vfstraceDlSym#shell.c#15407,shell.c,15407,0,0,4
recover_g#shell.c#17470,shell.c,17470,0,0,147
recoverVfsTruncate#shell.c#18758,shell.c,18758,95327,3447,4032
recoverVfsShmBarrier#shell.c#18802,shell.c,18802,95327,3447,4032
recoverVfsUnfetch#shell.c#18824,shell.c,18824,6,1,14
recoverVfsSectorSize#shell.c#18786,shell.c,18786,95327,3447,4032
recoverVfsShmMap#shell.c#18794,shell.c,18794,95327,3447,4032
recoverVfsLock#shell.c#18770,shell.c,18770,95327,3447,4032
recoverVfsRead#shell.c#18687,shell.c,18687,95327,3447,4032
recoverVfsDeviceCharacteristics#shell.c#18790,shell.c,18790,95327,3447,4032
recoverVfsFetch#shell.c#18816,shell.c,18816,7,1,14
recoverVfsCheckReservedLock#shell.c#18778,shell.c,18778,95327,3447,4032
recoverVfsSync#shell.c#18762,shell.c,18762,95327,3447,4032
recoverVfsClose#shell.c#18625,shell.c,18625,4,1,14
recoverVfsUnlock#shell.c#18774,shell.c,18774,95327,3447,4032
recoverVfsFileSize#shell.c#18766,shell.c,18766,95327,3447,4032
recoverVfsShmLock#shell.c#18798,shell.c,18798,95327,3447,4032
recoverVfsWrite#shell.c#18754,shell.c,18754,95327,3447,4032
recoverVfsShmUnmap#shell.c#18812,shell.c,18812,95327,3447,4032
recoverVfsFileControl#shell.c#18782,shell.c,18782,95327,3447,4032
recover_methods#shell.c#18622,shell.c,18622,95327,3447,4032
aModeInfo#shell.c#19174,shell.c,19174,0,0,2
globalDb#shell.c#19186,shell.c,19186,0,0,137
globalShellState#shell.c#19188,shell.c,19188,0,0,144
cli_output_capture#shell.c#19194,shell.c,19194,0,0,138
iBegin#shell.c#19994,shell.c,19994,0,0,3
sqlite3_column_database_name#sqlite3.h#2046,sqlite3.h,2046,0,0,2
sqlite3_column_database_name16#sqlite3.h#2048,sqlite3.h,2048,0,0,2
sqlite3_column_table_name#sqlite3.h#2050,sqlite3.h,2050,0,0,2
sqlite3_column_table_name16#sqlite3.h#2052,sqlite3.h,2052,0,0,2
sqlite3_column_origin_name#sqlite3.h#2054,sqlite3.h,2054,0,0,2
sqlite3_column_origin_name16#sqlite3.h#2056,sqlite3.h,2056,0,0,2
sqlite3_autovacuum_pages#sqlite3.h#2246,sqlite3.h,2246,0,0,137
sqlite3_unlock_notify#sqlite3.h#2508,sqlite3.h,2508,0,0,140
sqlite3_stmt_scanstatus#sqlite3.h#2546,sqlite3.h,2546,0,0,2
sqlite3_stmt_scanstatus_v2#sqlite3.h#2548,sqlite3.h,2548,0,0,2
sqlite3_stmt_scanstatus_reset#sqlite3.h#2550,sqlite3.h,2550,0,0,2
sqlite3_snapshot#sqlite3.h#2556,sqlite3.h,2556,0,0,1
sqlite3_snapshot_get#sqlite3.h#2560,sqlite3.h,2560,0,0,138
sqlite3_snapshot_open#sqlite3.h#2562,sqlite3.h,2562,0,0,138
sqlite3_snapshot_free#sqlite3.h#2564,sqlite3.h,2564,0,0,2
sqlite3_snapshot_cmp#sqlite3.h#2566,sqlite3.h,2566,0,0,2
sqlite3_snapshot_recover#sqlite3.h#2568,sqlite3.h,2568,0,0,137
sqlite3_carray_bind_v2#sqlite3.h#2574,sqlite3.h,2574,0,0,2
sqlite3_carray_bind#sqlite3.h#2576,sqlite3.h,2576,0,0,2
qrfOneSimpleRow#shell.c#6353,shell.c,6353,95032,3421,4002
sqlite3_str_append#sqlite3.c#9793,sqlite3.c,9793,95032,3421,4002
qrfInitialize#shell.c#6516,shell.c,6516,95032,3421,4002
qrfColumnar#shell.c#5836,shell.c,5836,95032,3421,4002
sqlite3_step#sqlite3.c#34657,sqlite3.c,34657,95032,3421,4002
sqlite3_str_appendf#sqlite3.c#10003,sqlite3.c,10003,95032,3421,4002
qrfExplain#shell.c#6167,shell.c,6167,95032,3421,4002
qrfEqpStats#shell.c#4763,shell.c,4763,95032,3421,4002
qrfFinalize#shell.c#6663,shell.c,6663,95032,3421,4002
qrfResetStmt#shell.c#4767,shell.c,4767,95032,3421,4002
qrfSimpleTitle#shell.c#6321,shell.c,6321,95032,3421,4002
qrfScanStatusVm#shell.c#6277,shell.c,6277,95032,3421,4002
sqlite3_stmt_busy#sqlite3.c#35318,sqlite3.c,35318,4,1,138
sqlite3_format_query_result#shell.c#6742,shell.c,6742,95032,3421,4002
aQrfUWidth#shell.c#4790,shell.c,4790,0,0,1
iFirst#shell.c#4787,shell.c,4787,0,0,1
sqlite3_qrf_wcwidth#shell.c#4792,shell.c,4792,19,1,3
qrfIsVt100#shell.c#4829,shell.c,4829,9,1,2
sqlite3_qrf_decode_utf8#shell.c#4812,shell.c,4812,16,1,2
sqlite3_qrf_wcswidth#shell.c#4839,shell.c,4839,67,4,150
sqlite3_vmprintf#sqlite3.c#9944,sqlite3.c,9944,95032,3421,4002
sqlite3_free#sqlite3.c#8501,sqlite3.c,8501,50,7,288
qrfError#shell.c#4604,shell.c,4604,95032,3421,4002
qrfOom#shell.c#4618,shell.c,4618,95032,3421,4002
sqlite3_errstr#sqlite3.c#83387,sqlite3.c,83387,95032,3421,4002
sqlite3_str_errcode#sqlite3.c#9860,sqlite3.c,9860,3,1,147
qrfStrErr#shell.c#4622,shell.c,4622,95032,3421,4002
sqlite3_malloc64#sqlite3.c#8460,sqlite3.c,8460,95032,3421,4002
qrfEqpAppend#shell.c#4629,shell.c,4629,95032,3421,4002
qrfEqpReset#shell.c#4659,shell.c,4659,61,8,289
qrfEqpNextRow#shell.c#4671,shell.c,4671,5,1,144
qrfEqpRenderLevel#shell.c#4677,shell.c,4677,95032,3421,4002
qrfApproxInt64#shell.c#4693,shell.c,4693,95032,3421,4002
sqlite3_str_appendall#sqlite3.c#9821,sqlite3.c,9821,95032,3421,4002
sqlite3_str_appendchar#sqlite3.c#9768,sqlite3.c,9768,95032,3421,4002
qrfEqpRender#shell.c#4726,shell.c,4726,95032,3421,4002
sqlite3_errmsg#sqlite3.c#83267,sqlite3.c,83267,95032,3421,4002
sqlite3_reset#sqlite3.c#34198,sqlite3.c,34198,95032,3421,4002
sqlite3_str_value#sqlite3.c#9875,sqlite3.c,9875,5,1,145
sqlite3_str_reset#sqlite3.c#9881,sqlite3.c,9881,115,12,311
sqlite3_str_length#sqlite3.c#9864,sqlite3.c,9864,3,1,148
qrfWrite#shell.c#4774,shell.c,4774,95032,3421,4002
qrfDisplayWidth#shell.c#4863,shell.c,4863,82,4,151
qrfEscape#shell.c#4902,shell.c,4902,95032,3421,4002
qrfCType#shell.c#4601,shell.c,4601,0,0,1
qrfRelaxable#shell.c#4949,shell.c,4949,29,1,145
qrfCsvQuote#shell.c#4979,shell.c,4979,0,0,1
qrfEncodeText#shell.c#4982,shell.c,4982,95032,3421,4002
qrfJsonbQuickCheck#shell.c#5078,shell.c,5078,14,1,3
sqlite3_column_text#sqlite3.c#34931,sqlite3.c,34931,95032,3421,4002
sqlite3_column_bytes#sqlite3.c#34901,sqlite3.c,34901,95032,3421,4002
sqlite3_bind_blob#sqlite3.c#35088,sqlite3.c,35088,95032,3421,4002
sqlite3_close#sqlite3.c#82736,sqlite3.c,82736,95032,3421,4002
sqlite3_prepare_v2#sqlite3.c#63058,sqlite3.c,63058,95032,3421,4002
sqlite3_open#sqlite3.c#83770,sqlite3.c,83770,95032,3421,4002
sqlite3_column_blob#sqlite3.c#34894,sqlite3.c,34894,95032,3421,4002
sqlite3_finalize#sqlite3.c#34179,sqlite3.c,34179,95032,3421,4002
qrfJsonbToJson#shell.c#5093,shell.c,5093,95032,3421,4002
qrfTitleLimit#shell.c#5128,shell.c,5128,80,4,151
sqlite3_column_value#sqlite3.c#34937,sqlite3.c,34937,95032,3421,4002
sqlite3_value_free#sqlite3.c#34339,sqlite3.c,34339,161,16,303
sqlite3_column_int64#sqlite3.c#34925,sqlite3.c,34925,95032,3421,4002
sqlite3_column_type#sqlite3.c#34953,sqlite3.c,34953,95032,3421,4002
sqlite3_str_truncate#sqlite3.c#9868,sqlite3.c,9868,6,1,138
sqlite3_value_dup#sqlite3.c#34317,sqlite3.c,34317,95032,3421,4002
qrfRenderValue#shell.c#5165,shell.c,5165,95032,3421,4002
qrfRTrim#shell.c#5329,shell.c,5329,20,4,151
qrfWidthPrint#shell.c#5336,shell.c,5336,95032,3421,4002
qrfWrapLine#shell.c#5382,shell.c,5382,158,5,154
qrfAppendWithTabs#shell.c#5459,shell.c,5459,95032,3421,4002
qrfPrintAligned#shell.c#5530,shell.c,5530,95032,3421,4002
qrfColDataFree#shell.c#5546,shell.c,5546,59,8,289
sqlite3_realloc64#sqlite3.c#8638,sqlite3.c,8638,95032,3421,4002
qrfColDataEnlarge#shell.c#5556,shell.c,5556,95032,3421,4002
qrfRowSeparator#shell.c#5585,shell.c,5585,95032,3421,4002
qrfBoxLine#shell.c#5604,shell.c,5604,95032,3421,4002
qrfBoxSeparator#shell.c#5616,shell.c,5616,95032,3421,4002
qrfColumnSeparator#shell.c#5635,shell.c,5635,95032,3421,4002
qrfLoadAlignment#shell.c#5649,shell.c,5649,16,1,145
qrfValidLayout#shell.c#5666,shell.c,5666,95032,3421,4002
sqlite3_mprintf#sqlite3.c#9955,sqlite3.c,9955,95032,3421,4002
qrfSplitColumn#shell.c#5696,shell.c,5696,95032,3421,4002
qrfRestrictScreenWidth#shell.c#5783,shell.c,5783,52,1,146
sqlite3_str_new#sqlite3.c#9910,sqlite3.c,9910,95032,3421,4002
sqlite3_str_finish#sqlite3.c#9849,sqlite3.c,9849,95032,3421,4002
sqlite3_column_name#sqlite3.c#35010,sqlite3.c,35010,95032,3421,4002
sqlite3_column_int#sqlite3.c#34919,sqlite3.c,34919,95032,3421,4002
qrfStringInArray#shell.c#6158,shell.c,6158,8,1,1
sqlite3_bind_pointer#sqlite3.c#35136,sqlite3.c,35136,95032,3421,4002
sqlite3_keyword_check#sqlite3.c#81502,sqlite3.c,81502,173,3,16
qrf_need_quote#shell.c#6296,shell.c,6296,183,4,156
qrfOneJsonRow#shell.c#6307,shell.c,6307,95032,3421,4002
sqlite3_stmt_explain#sqlite3.c#35289,sqlite3.c,35289,95032,3421,4002
sqlite3_column_count#sqlite3.c#34850,sqlite3.c,34850,5,1,144
sqlite3_db_handle#sqlite3.c#35277,sqlite3.c,35277,3,1,144
sqlite3_stmt_isexplain#sqlite3.c#35285,sqlite3.c,35285,3,1,144
sqlite3_config#sqlite3.c#82226,sqlite3.c,82226,95032,3421,4002
sqlite3MemTraceActivate#shell.c#6842,shell.c,6842,95043,3422,4003
sqlite3MemTraceDeactivate#shell.c#6854,shell.c,6854,95043,3422,4003
sqlite3PcacheTraceActivate#shell.c#6970,shell.c,6970,95043,3422,4003
sqlite3PcacheTraceDeactivate#shell.c#6982,shell.c,6982,95043,3422,4003
KeccakF1600Step#shell.c#7007,shell.c,7007,254,1,3
SHA3Init#shell.c#7262,shell.c,7262,9,1,3
SHA3Update#shell.c#7272,shell.c,7272,276,2,4
sqlite3_value_text#sqlite3.c#34283,sqlite3.c,34283,95032,3421,4002
sqlite3_result_blob#sqlite3.c#34382,sqlite3.c,34382,95032,3421,4002
sqlite3_result_error#sqlite3.c#34403,sqlite3.c,34403,95032,3421,4002
sqlite3_value_blob#sqlite3.c#34235,sqlite3.c,34235,95032,3421,4002
sqlite3_value_int#sqlite3.c#34261,sqlite3.c,34261,95032,3421,4002
sqlite3_value_bytes#sqlite3.c#34249,sqlite3.c,34249,95032,3421,4002
sqlite3_value_type#sqlite3.c#34299,sqlite3.c,34299,95032,3421,4002
sha3Func#shell.c#7313,shell.c,7313,95032,3421,4002
sqlite3_vsnprintf#sqlite3.c#9965,sqlite3.c,9965,95032,3421,4002
sha3_step_vformat#shell.c#7337,shell.c,7337,95032,3421,4002
sqlite3_value_double#sqlite3.c#34257,sqlite3.c,34257,95032,3421,4002
sqlite3_value_int64#sqlite3.c#34265,sqlite3.c,34265,95032,3421,4002
sha3UpdateFromValue#shell.c#7348,shell.c,7348,95032,3421,4002
sqlite3_sql#sqlite3.c#35356,sqlite3.c,35356,4,1,138
sqlite3_get_clientdata#sqlite3.c#83849,sqlite3.c,83849,33,4,159
sqlite3_stmt_readonly#sqlite3.c#35281,sqlite3.c,35281,3,1,138
sqlite3_context_db_handle#sqlite3.c#34697,sqlite3.c,34697,4,1,139
sqlite3_set_clientdata#sqlite3.c#83863,sqlite3.c,83863,95032,3421,4002
sha3QueryFunc#shell.c#7399,shell.c,7399,95032,3421,4002
sqlite3_aggregate_context#sqlite3.c#34792,sqlite3.c,34792,95032,3421,4002
sha3AggStep#shell.c#7468,shell.c,7468,95032,3421,4002
sha3AggFinal#shell.c#7485,shell.c,7485,95032,3421,4002
sqlite3_create_function#sqlite3.c#83051,sqlite3.c,83051,95032,3421,4002
sqlite3_shathree_init#shell.c#7494,shell.c,7494,95054,3422,4003
SHA1Transform#shell.c#7525,shell.c,7525,39,1,13
hash_init#shell.c#7565,shell.c,7565,8,1,2
hash_step#shell.c#7574,shell.c,7574,58,2,14
hash_step_vformat#shell.c#7594,shell.c,7594,95032,3421,4002
hash_finish#shell.c#7605,shell.c,7605,84,3,15
sqlite3_user_data#sqlite3.c#34692,sqlite3.c,34692,4,1,139
sqlite3_result_text#sqlite3.c#34453,sqlite3.c,34453,95032,3421,4002
sha1Func#shell.c#7632,shell.c,7632,95032,3421,4002
sqlite3_column_double#sqlite3.c#34913,sqlite3.c,34913,95032,3421,4002
sha1QueryFunc#shell.c#7660,shell.c,7660,95032,3421,4002
sqlite3_sha_init#shell.c#7768,shell.c,7768,95046,3422,4003
uintCollFunc#shell.c#7783,shell.c,7783,35,1,2
sqlite3_create_collation#sqlite3.c#83802,sqlite3.c,83802,95249,3430,4011
sqlite3_uint_init#shell.c#7819,shell.c,7819,95254,3431,4012
decimal_clear#shell.c#7837,shell.c,7837,53,8,289
decimal_free#shell.c#7841,shell.c,7841,59,9,290
decimalNewFromText#shell.c#7848,shell.c,7848,95137,3422,4003
decimalMul#shell.c#8272,shell.c,8272,95076,3422,4003
sqlite3_snprintf#sqlite3.c#9974,sqlite3.c,9974,95032,3421,4002
decimalPow2#shell.c#8317,shell.c,8317,95219,3426,4007
decimalFromDouble#shell.c#8347,shell.c,8347,95261,3427,4008
sqlite3_result_error_nomem#sqlite3.c#34528,sqlite3.c,34528,95032,3421,4002
decimal_new#shell.c#7956,shell.c,7956,95302,3428,4009
sqlite3_result_null#sqlite3.c#34425,sqlite3.c,34425,148,14,296
decimal_result#shell.c#7998,shell.c,7998,95081,3422,4003
decimal_expand#shell.c#8179,shell.c,8179,95059,3422,4003
decimal_round#shell.c#8050,shell.c,8050,95083,3423,4004
decimal_result_sci#shell.c#8075,shell.c,8075,95087,3422,4003
decimal_cmp#shell.c#8131,shell.c,8131,31,1,2
sqlite3_result_int#sqlite3.c#34415,sqlite3.c,34415,95032,3421,4002
decimalCmpFunc#shell.c#8163,shell.c,8163,95348,3430,4011
decimal_add#shell.c#8207,shell.c,8207,95123,3423,4004
decimalFunc#shell.c#8390,shell.c,8390,95475,3433,4014
decimalCollFunc#shell.c#8409,shell.c,8409,95193,3426,4007
decimalAddFunc#shell.c#8426,shell.c,8426,95451,3432,4013
decimalSubFunc#shell.c#8436,shell.c,8436,95454,3432,4013
decimalSumStep#shell.c#8449,shell.c,8449,95415,3431,4012
decimalSumInverse#shell.c#8472,shell.c,8472,95405,3431,4012
decimalSumValue#shell.c#8485,shell.c,8485,95086,3423,4004
decimalSumFinalize#shell.c#8491,shell.c,8491,95090,3424,4005
decimalMulFunc#shell.c#8498,shell.c,8498,95366,3430,4011
decimalPow2Func#shell.c#8514,shell.c,8514,95282,3428,4009
sqlite3_create_window_function#sqlite3.c#83059,sqlite3.c,83059,95490,3436,4017
sqlite3_decimal_init#shell.c#8523,shell.c,8523,95772,3451,4032
b64Numerals#shell.c#8550,shell.c,8550,0,0,1
toBase64#shell.c#8552,shell.c,8552,34,1,3
skipNonB64#shell.c#8587,shell.c,8587,5,1,3
fromBase64#shell.c#8593,shell.c,8593,45,2,5
sqlite3_result_zeroblob#sqlite3.c#34499,sqlite3.c,34499,95032,3421,4002
sqlite3_errcode#sqlite3.c#83345,sqlite3.c,83345,95032,3421,4002
sqlite3_limit#sqlite3.c#83438,sqlite3.c,83438,95032,3421,4002
base64#shell.c#8634,shell.c,8634,95032,3421,4002
sqlite3_base64_init#shell.c#8691,shell.c,8691,95037,3422,4003
putcs#shell.c#8707,shell.c,8707,5,1,1
toBase85#shell.c#8713,shell.c,8713,43,2,3
skipNonB85#shell.c#8701,shell.c,8701,5,1,1
fromBase85#shell.c#8752,shell.c,8752,36,2,4
allBase85#shell.c#8784,shell.c,8784,7,1,2
is_base85#shell.c#8792,shell.c,8792,95032,3421,4002
base85#shell.c#8807,shell.c,8807,95032,3421,4002
sqlite3_base85_init#shell.c#8861,shell.c,8861,95041,3422,4003
sqlite3_result_double#sqlite3.c#34398,sqlite3.c,34398,95032,3421,4002
sqlite3_result_int64#sqlite3.c#34420,sqlite3.c,34420,95032,3421,4002
ieee754func#shell.c#8871,shell.c,8871,95132,3422,4003
ieee754func_from_blob#shell.c#8972,shell.c,8972,95046,3422,4003
ieee754func_to_blob#shell.c#8987,shell.c,8987,95047,3422,4003
ieee754func_from_int#shell.c#9003,shell.c,9003,95041,3422,4003
ieee754func_to_int#shell.c#9013,shell.c,9013,95041,3422,4003
ieee754inc#shell.c#9023,shell.c,9023,95045,3422,4003
sqlite3_ieee_init#shell.c#9037,shell.c,9037,95209,3428,4009
span64#shell.c#9070,shell.c,9070,4,1,141
add64#shell.c#9075,shell.c,9075,9,2,142
sub64#shell.c#9081,shell.c,9081,9,2,142
sqlite3_declare_vtab#sqlite3.c#70625,sqlite3.c,70625,95032,3421,4002
sqlite3_vtab_config#sqlite3.c#70962,sqlite3.c,70962,95032,3421,4002
seriesSteps#shell.c#9162,shell.c,9162,13,2,142
seriesFloor#shell.c#9174,shell.c,9174,1,1,1
seriesCeil#shell.c#9172,shell.c,9172,1,1,1
seriesRealToI64#shell.c#9176,shell.c,9176,7,3,5
sqlite3_value_numeric_type#sqlite3.c#35569,sqlite3.c,35569,95032,3421,4002
sqlite3_create_module#sqlite3.c#70201,sqlite3.c,70201,95032,3421,4002
sqlite3_libversion_number#sqlite3.c#82122,sqlite3.c,82122,1,1,1
sqlite3_series_init#shell.c#9510,shell.c,9510,95042,3422,4003
re_add_state#shell.c#9551,shell.c,9551,5,1,5
re_next_char#shell.c#9557,shell.c,9557,22,1,2
re_next_char_nocase#shell.c#9580,shell.c,9580,27,2,3
re_word_char#shell.c#9586,shell.c,9586,3,1,1
re_space_char#shell.c#9594,shell.c,9594,3,1,1
re_digit_char#shell.c#9590,shell.c,9590,3,1,1
sqlite3re_match#shell.c#9598,shell.c,9598,95032,3421,4002
re_resize#shell.c#9738,shell.c,9738,95032,3421,4002
re_insert#shell.c#9752,shell.c,9752,95032,3421,4002
re_append#shell.c#9765,shell.c,9765,95032,3421,4002
re_copy#shell.c#9769,shell.c,9769,95032,3421,4002
re_hex#shell.c#9776,shell.c,9776,13,1,1
re_esc_char#shell.c#9790,shell.c,9790,43,2,4
rePeek#shell.c#9823,shell.c,9823,3,1,3
re_subcompile_re#shell.c#9827,shell.c,9827,95032,3421,4002
re_subcompile_string#shell.c#9845,shell.c,9845,95032,3421,4002
sqlite3re_free#shell.c#9995,shell.c,9995,57,8,289
re_free_voidptr#shell.c#10003,shell.c,10003,60,9,290
re_maxnfa#shell.c#10071,shell.c,10071,3,1,1
sqlite3re_compile#shell.c#10007,shell.c,10007,95032,3421,4002
re_maxlen#shell.c#10066,shell.c,10066,95032,3421,4002
sqlite3_set_auxdata#sqlite3.c#34815,sqlite3.c,34815,95032,3421,4002
sqlite3_get_auxdata#sqlite3.c#34803,sqlite3.c,34803,11,1,138
re_sql_func#shell.c#10075,shell.c,10075,95032,3421,4002
sqlite3_regexp_init#shell.c#10114,shell.c,10114,95042,3422,4003
sqlite3_result_error_code#sqlite3.c#34515,sqlite3.c,34515,95032,3421,4002
sqlite3_result_blob64#sqlite3.c#34388,sqlite3.c,34388,95032,3421,4002
readFileContents#shell.c#10154,shell.c,10154,95032,3421,4002
readfileFunc#shell.c#10189,shell.c,10189,95032,3421,4002
ctxErrorMsg#shell.c#10197,shell.c,10197,95032,3421,4002
fileLinkStat#shell.c#10211,shell.c,10211,3,1,140
fileStat#shell.c#10207,shell.c,10207,3,1,1
makeDirectory#shell.c#10215,shell.c,10215,95032,3421,4002
writeFile#shell.c#10243,shell.c,10243,95032,3421,4002
writefileFunc#shell.c#10294,shell.c,10294,95032,3421,4002
lsModeFunc#shell.c#10328,shell.c,10328,95032,3421,4002
fsdirConnect#shell.c#10381,shell.c,10381,95049,3422,4004
fsdirDisconnect#shell.c#10399,shell.c,10399,54,8,289
fsdirOpen#shell.c#10404,shell.c,10404,95042,3422,4003
fsdirResetCursor#shell.c#10415,shell.c,10415,67,8,289
fsdirClose#shell.c#10433,shell.c,10433,73,9,290
fsdirSetErrmsg#shell.c#10440,shell.c,10440,95038,3422,4003
fsdirNext#shell.c#10447,shell.c,10447,95094,3424,4005
fsdirColumn#shell.c#10501,shell.c,10501,95082,3422,4003
fsdirRowid#shell.c#10552,shell.c,10552,5,1,140
fsdirEof#shell.c#10558,shell.c,10558,4,1,140
fsdirFilter#shell.c#10563,shell.c,10563,95102,3425,4006
fsdirBestIndex#shell.c#10608,shell.c,10608,81,1,139
fsdirRegister#shell.c#10690,shell.c,10690,95338,3435,4017
portable_realpath#shell.c#10697,shell.c,10697,95032,3421,4002
realpathFunc#shell.c#10716,shell.c,10716,95032,3421,4002
sqlite3_fileio_init#shell.c#10787,shell.c,10787,95357,3436,4018
completionCursorReset#shell.c#10864,shell.c,10864,95032,3421,4002
sqlite3_keyword_name#sqlite3.c#81492,sqlite3.c,81492,7,1,143
sqlite3_strnicmp#sqlite3.c#12091,sqlite3.c,12091,12,1,150
sqlite3_keyword_count#sqlite3.c#81500,sqlite3.c,81500,1,1,1
sqlite3CompletionVtabInit#shell.c#11088,shell.c,11088,95037,3422,4003
sqlite3_completion_init#shell.c#11094,shell.c,11094,95044,3423,4004
apndWriteMark#shell.c#11197,shell.c,11197,17,1,16
apndIsOrdinaryDatabaseFile#shell.c#11353,shell.c,11353,38,3,19
apndReadMark#shell.c#11319,shell.c,11319,18,1,15
apvfsSqliteHdr#shell.c#11338,shell.c,11338,0,0,1
apndIsAppendvfsDatabase#shell.c#11340,shell.c,11340,30,2,18
sqlite3_vfs_register#sqlite3.c#7606,sqlite3.c,7606,95032,3421,4002
sqlite3_vfs_find#sqlite3.c#7575,sqlite3.c,7575,95032,3421,4002
sqlite3_appendvfs_init#shell.c#11464,shell.c,11464,95047,3422,4003
zipfileCtxErrorMsg#shell.c#11818,shell.c,11818,95041,3422,4003
zipfileDequote#shell.c#11828,shell.c,11828,18,2,145
ZIPFILE_SCHEMA#shell.c#11726,shell.c,11726,0,0,1
sqlite3_stricmp#sqlite3.c#12062,sqlite3.c,12062,37,3,162
zipfileConnect#shell.c#11843,shell.c,11843,95079,3423,4004
zipfileEntryFree#shell.c#11877,shell.c,11877,56,8,289
zipfileCleanupTransaction#shell.c#11884,shell.c,11884,72,9,290
zipfileDisconnect#shell.c#11901,shell.c,11901,77,10,291
zipfileOpen#shell.c#11907,shell.c,11907,95046,3422,4003
zipfileResetCursor#shell.c#11922,shell.c,11922,72,9,290
zipfileClose#shell.c#11939,shell.c,11939,82,10,291
zipfileTableErr#shell.c#11950,shell.c,11950,95039,3422,4003
zipfileCursorErr#shell.c#11958,shell.c,11958,95039,3422,4003
zipfileReadData#shell.c#11966,shell.c,11966,95043,3422,4003
zipfileAppendData#shell.c#11978,shell.c,11978,95052,3423,4004
zipfilePutU16#shell.c#12001,shell.c,12001,8,2,11
zipfilePutU32#shell.c#12006,shell.c,12006,10,2,12
zipfileReadCDS#shell.c#12013,shell.c,12013,35,3,11
zipfileReadLFH#shell.c#12042,shell.c,12042,28,3,7
zipfileScanExtra#shell.c#12064,shell.c,12064,28,3,11
zipfileMtime#shell.c#12086,shell.c,12086,20,1,9
zipfileMtimeToDos#shell.c#12107,shell.c,12107,25,1,9
zipfileCorrupt#shell.c#12133,shell.c,12133,95037,3422,4003
zipfileGetEntry#shell.c#12139,shell.c,12139,95245,3431,4013
zipfileNext#shell.c#12231,shell.c,12231,95275,3432,4014
zipfileFree#shell.c#12262,shell.c,12262,53,8,289
zipfileInflate#shell.c#12266,shell.c,12266,95069,3423,4004
zipfileDeflate#shell.c#12295,shell.c,12295,95032,3421,4002
sqlite3_vtab_nochange#sqlite3.c#34702,sqlite3.c,34702,7,2,139
zipfileColumn#shell.c#12326,shell.c,12326,95153,3427,4008
zipfileEof#shell.c#12393,shell.c,12393,8,2,144
zipfileReadEOCD#shell.c#12398,shell.c,12398,95094,3425,4006
zipfileAddEntry#shell.c#12440,shell.c,12440,22,2,145
zipfileLoadDirectory#shell.c#12459,shell.c,12459,95322,3434,4016
zipfileFilter#shell.c#12478,shell.c,12478,95429,3438,4020
zipfileBestIndex#shell.c#12533,shell.c,12533,24,1,139
zipfileNewEntry#shell.c#12558,shell.c,12558,95045,3422,4003
zipfileSerializeLFH#shell.c#12572,shell.c,12572,38,4,16
zipfileAppendEntry#shell.c#12597,shell.c,12597,95064,3424,4005
zipfileGetMode#shell.c#12610,shell.c,12610,95032,3421,4002
zipfileComparePath#shell.c#12642,shell.c,12642,7,1,9
zipfileBegin#shell.c#12650,shell.c,12650,95360,3436,4018
zipfileTime#shell.c#12673,shell.c,12673,95032,3421,4002
zipfileGetTime#shell.c#12689,shell.c,12689,95032,3421,4002
zipfileRemoveEntryFromList#shell.c#12696,shell.c,12696,74,9,290
sqlite3_vtab_on_conflict#sqlite3.c#70953,sqlite3.c,70953,12,2,152
zipfileUpdate#shell.c#12715,shell.c,12715,95586,3442,4024
zipfileSerializeEOCD#shell.c#12879,shell.c,12879,26,4,150
zipfileAppendEOCD#shell.c#12892,shell.c,12892,95057,3424,4005
zipfileSerializeCDS#shell.c#12898,shell.c,12898,53,4,150
zipfileCommit#shell.c#12938,shell.c,12938,95103,3427,4008
zipfileRollback#shell.c#12963,shell.c,12963,95106,3428,4009
iId#shell.c#23743,shell.c,23743,0,0,1
zipfileFindCursor#shell.c#12967,shell.c,12967,11,2,146
zipfileFunctionCds#shell.c#12975,shell.c,12975,95055,3423,4005
zipfileFindFunction#shell.c#12992,shell.c,12992,95064,3424,4006
zipfileBufferGrow#shell.c#13018,shell.c,13018,95032,3421,4002
nName#sqlite3.c#6611,sqlite3.c,6611,0,0,2
zipfileStep#shell.c#13032,shell.c,13032,95032,3421,4002
zipfileFinal#shell.c#13172,shell.c,13172,95032,3421,4002
sqlite3_overload_function#sqlite3.c#83085,sqlite3.c,83085,95032,3421,4002
zipfileRegister#shell.c#13200,shell.c,13200,95985,3465,4048
sqlite3_zipfile_init#shell.c#13215,shell.c,13215,95990,3466,4049
sqlite3_result_value#sqlite3.c#34488,sqlite3.c,34488,95032,3421,4002
sqlarCompressFunc#shell.c#13221,shell.c,13221,95032,3421,4002
sqlarUncompressFunc#shell.c#13247,shell.c,13247,95032,3421,4002
sqlite3_sqlar_init#shell.c#13269,shell.c,13269,95042,3422,4003
idxMalloc#shell.c#13388,shell.c,13388,95032,3421,4002
idxAuthCallback#shell.c#14137,shell.c,14137,95062,3422,4003
expertDbContainsObject#shell.c#14249,shell.c,14249,95048,3422,4003
idxCreateVtabSchema#shell.c#14282,shell.c,14282,95378,3440,4021
sqlite3_expert_destroy#shell.c#14819,shell.c,14819,95032,3421,4002
sqlite3_db_config#sqlite3.c#82494,sqlite3.c,82494,95032,3421,4002
useDummyCS#shell.c#14608,shell.c,14608,95054,3424,4005
idxPrintfPrepareStmt#shell.c#13500,shell.c,13500,95032,3421,4002
expertSchemaSql#shell.c#14266,shell.c,14266,95047,3422,4003
sqlite3_set_authorizer#sqlite3.c#51168,sqlite3.c,51168,95218,3430,4011
sqlite3_collation_needed#sqlite3.c#83831,sqlite3.c,83831,95062,3425,4006
registerUDFs#shell.c#14625,shell.c,14625,95525,3437,4018
idxFinalize#shell.c#13722,shell.c,13722,95032,3421,4002
sqlite3_expert_new#shell.c#14661,shell.c,14661,96136,3470,4051
sqlite3_expert_config#shell.c#14711,shell.c,14711,18,1,147
idxDatabaseError#shell.c#13487,shell.c,13487,95032,3421,4002
idxPrepareStmt#shell.c#13491,shell.c,13491,95032,3421,4002
idxStatementFree#shell.c#14057,shell.c,14057,60,8,289
idxScanFree#shell.c#14045,shell.c,14045,69,9,290
sqlite3_expert_sql#shell.c#14730,shell.c,14730,95032,3421,4002
idxFindIndexes#shell.c#14086,shell.c,14086,95032,3421,4002
idxProcessTriggers#shell.c#14234,shell.c,14234,95032,3421,4002
idxPopulateStat1#shell.c#14523,shell.c,14523,95032,3421,4002
idxAppendText#shell.c#13799,shell.c,13799,95032,3421,4002
idxCreateCandidates#shell.c#14024,shell.c,14024,95032,3421,4002
sqlite3_expert_analyze#shell.c#14770,shell.c,14770,95032,3421,4002
sqlite3_expert_count#shell.c#14795,shell.c,14795,5,1,137
sqlite3_expert_report#shell.c#14801,shell.c,14801,17,1,137
idxHashClear#shell.c#13405,shell.c,13405,63,8,289
idxWriteFree#shell.c#14077,shell.c,14077,58,8,289
idxTableFree#shell.c#14068,shell.c,14068,58,8,289
idxHashInit#shell.c#13401,shell.c,13401,3,1,3
idxHashString#shell.c#13419,shell.c,13419,8,1,1
idxHashAdd#shell.c#13428,shell.c,13428,95032,3421,4002
idxHashFind#shell.c#13455,shell.c,13455,21,2,138
idxHashSearch#shell.c#13469,shell.c,13469,26,3,139
idxNewConstraint#shell.c#13475,shell.c,13475,95043,3422,4003
expertDequote#shell.c#13531,shell.c,13531,95051,3422,4003
expertConnect#shell.c#13551,shell.c,13551,95078,3423,4004
expertDisconnect#shell.c#13579,shell.c,13579,55,8,289
sqlite3_vtab_collation#sqlite3.c#76067,sqlite3.c,76067,95046,3422,4003
expertBestIndex#shell.c#13585,shell.c,13585,95108,3424,4005
expertUpdate#shell.c#13637,shell.c,13637,7,1,137
expertOpen#shell.c#13645,shell.c,13645,95040,3422,4003
expertClose#shell.c#13654,shell.c,13654,95038,3422,4003
expertEof#shell.c#13661,shell.c,13661,4,1,140
expertNext#shell.c#13666,shell.c,13666,95045,3422,4003
expertRowid#shell.c#13680,shell.c,13680,5,1,137
expertColumn#shell.c#13686,shell.c,13686,95041,3422,4003
expertFilter#shell.c#13696,shell.c,13696,95064,3423,4004
idxRegisterVtab#shell.c#13716,shell.c,13716,95235,3436,4017
sqlite3_table_column_metadata#sqlite3.c#83935,sqlite3.c,83935,95032,3421,4002
idxGetTableInfo#shell.c#13727,shell.c,13727,95103,3422,4003
idxIdentifierRequiresQuotes#shell.c#13827,shell.c,13827,184,4,19
idxAppendColDefn#shell.c#13839,shell.c,13839,95032,3421,4002
idxFindCompatible#shell.c#13861,shell.c,13861,95032,3421,4002
countNonzeros#shell.c#13914,shell.c,13914,7,1,1
sqlite3_exec#sqlite3.c#60103,sqlite3.c,60103,95032,3421,4002
idxCreateFromCons#shell.c#13922,shell.c,13922,95032,3421,4002
idxFindConstraint#shell.c#13994,shell.c,13994,7,1,2
idxCreateFromWhere#shell.c#14002,shell.c,14002,95032,3421,4002
idxConstraintFree#shell.c#14036,shell.c,14036,58,8,289
idxProcessOneTrigger#shell.c#14168,shell.c,14168,95032,3421,4002
sqlite3_bind_text#sqlite3.c#35150,sqlite3.c,35150,95032,3421,4002
sqlite3_randomness#sqlite3.c#10075,sqlite3.c,10075,95032,3421,4002
IdxSampleCtx#shell.c#14324,shell.c,14324,0,0,1
idxSampleFunc#shell.c#14331,shell.c,14331,95032,3421,4002
IdxRemCtx#shell.c#14351,shell.c,14351,0,0,1
idxRemFunc#shell.c#14363,shell.c,14363,95032,3421,4002
idxLargestIndex#shell.c#14416,shell.c,14416,95032,3421,4002
idxPopulateOneStat1#shell.c#14429,shell.c,14429,95032,3421,4002
idxBuildSampleTable#shell.c#14511,shell.c,14511,95032,3421,4002
dummyCompare#shell.c#14598,shell.c,14598,9,1,1
sqlite3_create_collation_v2#sqlite3.c#83806,sqlite3.c,83806,95050,3423,4004
dummyUDF#shell.c#14613,shell.c,14613,6,1,138
dummyUDFvalue#shell.c#14620,shell.c,14620,4,1,138
sqlite3_malloc#sqlite3.c#8455,sqlite3.c,8455,95032,3421,4002
sqlite3_intck_close#shell.c#15200,shell.c,15200,95049,3423,4004
sqlite3_intck_register#shell.c#15171,shell.c,15171,95037,3422,4003
sqlite3_intck_open#shell.c#15177,shell.c,15177,95071,3424,4005
intckFindObject#shell.c#14999,shell.c,14999,95104,3427,4008
intckFinalize#shell.c#14896,shell.c,14896,95043,3423,4004
intckCheckObjectSql#shell.c#15146,shell.c,15146,95138,3431,4012
intckMprintf#shell.c#14915,shell.c,14915,95048,3422,4003
intckPrepare#shell.c#14869,shell.c,14869,95048,3423,4004
sqlite3_intck_step#shell.c#15213,shell.c,15213,95201,3433,4014
sqlite3_intck_message#shell.c#15257,shell.c,15257,95042,3422,4003
intckSaveKey#shell.c#14932,shell.c,14932,95150,3427,4008
sqlite3_intck_unlock#shell.c#15273,shell.c,15273,95159,3428,4009
sqlite3_intck_error#shell.c#15268,shell.c,15268,4,1,139
sqlite3_intck_test_sql#shell.c#15283,shell.c,15283,95152,3432,4013
intckSaveErrmsg#shell.c#14863,shell.c,14863,95037,3422,4003
intckPrepareFmt#shell.c#14881,shell.c,14881,95062,3424,4005
intckStep#shell.c#14903,shell.c,14903,95036,3422,4003
intckExec#shell.c#14908,shell.c,14908,95064,3426,4007
sqlite3_bind_value#sqlite3.c#35167,sqlite3.c,35167,95032,3421,4002
intckIsSpace#shell.c#15046,shell.c,15046,3,1,1
intckGetToken#shell.c#15020,shell.c,15020,25,1,1
intckParseCreateIndex#shell.c#15050,shell.c,15050,101,4,153
intckParseCreateIndexFunc#shell.c#15112,shell.c,15112,95032,3421,4002
intckGetAutoIndex#shell.c#15124,shell.c,15124,95068,3426,4007
intckIsIndex#shell.c#15135,shell.c,15135,95078,3426,4007
Stmtrand#shell.c#15298,shell.c,15298,0,0,1
stmtrandFunc#shell.c#15302,shell.c,15302,95032,3421,4002
sqlite3_stmtrand_init#shell.c#15331,shell.c,15331,95042,3422,4003
vfstrace_printf#shell.c#15435,shell.c,15435,95052,3423,4004
vfstraceOnOff#shell.c#15528,shell.c,15528,3,1,7
vfstrace_print_errcode#shell.c#15505,shell.c,15505,95124,3425,4006
vfstraceClose#shell.c#15532,shell.c,15532,95141,3427,4008
vfstraceRead#shell.c#15547,shell.c,15547,95137,3427,4008
vfstraceWrite#shell.c#15558,shell.c,15558,95137,3427,4008
vfstraceTruncate#shell.c#15569,shell.c,15569,95065,3425,4006
strappend#shell.c#15521,shell.c,15521,6,1,1
vfstraceSync#shell.c#15580,shell.c,15580,95081,3426,4007
vfstraceFileSize#shell.c#15601,shell.c,15601,95138,3427,4008
lockName#shell.c#15613,shell.c,15613,9,1,1
vfstraceLock#shell.c#15623,shell.c,15623,95137,3427,4008
vfstraceUnlock#shell.c#15634,shell.c,15634,95137,3427,4008
vfstraceCheckReservedLock#shell.c#15645,shell.c,15645,95138,3427,4008
vfstraceFileControl#shell.c#15657,shell.c,15657,95288,3427,4008
vfstraceSectorSize#shell.c#15819,shell.c,15819,95065,3425,4006
vfstraceDeviceCharacteristics#shell.c#15830,shell.c,15830,95065,3425,4006
vfstraceShmLock#shell.c#15841,shell.c,15841,95159,3428,4009
vfstraceShmMap#shell.c#15868,shell.c,15868,95137,3427,4008
vfstraceShmBarrier#shell.c#15879,shell.c,15879,95062,3425,4006
vfstraceShmUnmap#shell.c#15887,shell.c,15887,95137,3427,4008
vfstraceFetch#shell.c#15898,shell.c,15898,95137,3427,4008
vfstraceUnfetch#shell.c#15909,shell.c,15909,95137,3427,4008
fileTail#shell.c#15427,shell.c,15427,7,1,2
vfstraceOpen#shell.c#15920,shell.c,15920,95548,3447,4028
vfstraceDelete#shell.c#15969,shell.c,15969,95137,3427,4008
vfstraceAccess#shell.c#15980,shell.c,15980,95138,3427,4008
vfstraceFullPathname#shell.c#15992,shell.c,15992,95138,3427,4008
vfstraceDlOpen#shell.c#16004,shell.c,16004,95062,3425,4006
vfstraceDlError#shell.c#16012,shell.c,16012,95063,3425,4006
vfstraceDlClose#shell.c#16028,shell.c,16028,95062,3425,4006
vfstraceRandomness#shell.c#16036,shell.c,16036,95062,3425,4006
vfstraceSleep#shell.c#16044,shell.c,16044,95062,3425,4006
vfstraceCurrentTime#shell.c#16052,shell.c,16052,95065,3425,4006
vfstraceGetLastError#shell.c#16074,shell.c,16074,95066,3425,4006
vfstraceCurrentTimeInt64#shell.c#16063,shell.c,16063,95065,3425,4006
vfstraceSetSystemCall#shell.c#16086,shell.c,16086,5,1,7
vfstraceGetSystemCall#shell.c#16092,shell.c,16092,5,1,7
vfstraceNextSystemCall#shell.c#16098,shell.c,16098,5,1,7
vfstrace_errcode_name#shell.c#15447,shell.c,15447,57,1,1
vfstraceOut#shell.c#27422,shell.c,27422,95038,3422,4003
vfstrace_register#shell.c#16104,shell.c,16104,95718,3463,4045
sqlite3_vfs_unregister#sqlite3.c#7625,sqlite3.c,7625,95042,3422,4003
vfstrace_unregister#shell.c#16155,shell.c,16155,95565,3449,4030
sqlite3_str_free#sqlite3.c#9893,sqlite3.c,9893,121,13,313
diskusedReset#shell.c#16173,shell.c,16173,95032,3421,4002
diskusedError#shell.c#16186,shell.c,16186,95032,3421,4002
diskusedVPrep#shell.c#16205,shell.c,16205,95032,3421,4002
diskusedPrepare#shell.c#16222,shell.c,16222,95032,3421,4002
diskusedStmtFinish#shell.c#16231,shell.c,16231,95032,3421,4002
diskusedSql#shell.c#16243,shell.c,16243,95032,3421,4002
diskusedSqlInt#shell.c#16262,shell.c,16262,95032,3421,4002
diskusedTitle#shell.c#16286,shell.c,16286,95032,3421,4002
diskusedLine#shell.c#16308,shell.c,16308,95032,3421,4002
diskusedPercent#shell.c#16328,shell.c,16328,95032,3421,4002
diskusedSubreport#shell.c#16359,shell.c,16359,95032,3421,4002
sqlite3_strlike#sqlite3.c#56098,sqlite3.c,56098,127,3,151
diskusedFunc#shell.c#16456,shell.c,16456,95032,3421,4002
sqlite3_diskused_init#shell.c#16671,shell.c,16671,95039,3422,4003
sqlite3_result_text64#sqlite3.c#34458,sqlite3.c,34458,95032,3421,4002
strdupfunc#shell.c#16679,shell.c,16679,95032,3421,4002
sqlite3_strdup_init#shell.c#16710,shell.c,16710,95039,3422,4003
recoverInit#shell.c#18948,shell.c,18948,95059,3423,4004
sqlite3_recover_init#shell.c#18972,shell.c,18972,95062,3424,4005
recoverSqlCb#shell.c#23573,shell.c,23573,95037,3422,4003
sqlite3_recover_init_sql#shell.c#18976,shell.c,18976,95067,3425,4006
recoverMPrintf#shell.c#17623,shell.c,17623,95046,3422,4003
sqlite3_recover_config#shell.c#18988,shell.c,18988,95079,3423,4004
recoverStep#shell.c#18857,shell.c,18857,97023,3527,4112
sqlite3_recover_step#shell.c#19022,shell.c,19022,97031,3528,4113
sqlite3_recover_errcode#shell.c#18984,shell.c,18984,3,1,145
sqlite3_recover_run#shell.c#19031,shell.c,19031,97038,3530,4115
sqlite3_recover_errmsg#shell.c#18980,shell.c,18980,3,1,145
recoverOneStmt#shell.c#17593,shell.c,17593,95044,3422,4003
sqlite3_get_autocommit#sqlite3.c#83904,sqlite3.c,83904,27,4,173
recoverFinalCleanup#shell.c#18465,shell.c,18465,95111,3428,4009
sqlite3_recover_finish#shell.c#19036,shell.c,19036,95142,3430,4011
dbdataBufferSize#shell.c#16775,shell.c,16775,95042,3422,4003
dbdataBufferFree#shell.c#16786,shell.c,16786,54,8,289
dbdataConnect#shell.c#16791,shell.c,16791,95052,3422,4003
dbdataDisconnect#shell.c#16812,shell.c,16812,95040,3422,4003
dbdataBestIndex#shell.c#16821,shell.c,16821,42,1,141
dbdataOpen#shell.c#16864,shell.c,16864,95044,3422,4003
dbdataResetCursor#shell.c#16877,shell.c,16877,95053,3423,4004
dbdataClose#shell.c#16895,shell.c,16895,95059,3424,4005
get_uint16#shell.c#16902,shell.c,16902,3,1,142
get_uint32#shell.c#16906,shell.c,16906,3,1,142
sqlite3_bind_int64#sqlite3.c#35113,sqlite3.c,35113,95032,3421,4002
dbdataLoadPage#shell.c#16910,shell.c,16910,95061,3422,4003
dbdataGetVarint#shell.c#16940,shell.c,16940,11,1,142
dbdataGetVarintU32#shell.c#16952,shell.c,16952,18,2,143
sqlite3_result_text16be#sqlite3.c#34478,sqlite3.c,34478,95036,3422,4003
dbdataValueBytes#shell.c#16960,shell.c,16960,15,1,1
sqlite3_result_text16le#sqlite3.c#34483,sqlite3.c,34483,95036,3422,4003
dbdataValue#shell.c#16976,shell.c,16976,95113,3425,4006
dbdataNext#shell.c#17035,shell.c,17035,95278,3428,4009
dbdataEof#shell.c#17207,shell.c,17207,4,1,141
dbdataIsFunction#shell.c#17212,shell.c,17212,7,1,1
dbdataDbsize#shell.c#17220,shell.c,17220,95060,3423,4004
dbdataGetEncoding#shell.c#17242,shell.c,17242,95072,3423,4004
dbdataFilter#shell.c#17254,shell.c,17254,95388,3434,4015
dbdataColumn#shell.c#17305,shell.c,17305,95178,3429,4010
dbdataRowid#shell.c#17350,shell.c,17350,5,1,141
sqlite3DbdataRegister#shell.c#17356,shell.c,17356,95604,3446,4027
sqlite3_dbdata_init#shell.c#17366,shell.c,17366,95608,3447,4028
sqlite3_mutex_enter#sqlite3.c#7787,sqlite3.c,7787,14,2,157
sqlite3_mutex_alloc#sqlite3.c#7764,sqlite3.c,7764,95032,3421,4002
recoverEnterMutex#shell.c#17472,shell.c,17472,95035,3422,4003
sqlite3_mutex_leave#sqlite3.c#7803,sqlite3.c,7803,14,2,157
recoverLeaveMutex#shell.c#17476,shell.c,17476,95035,3422,4003
recoverStrlen#shell.c#17480,shell.c,17480,4,1,2
recoverMalloc#shell.c#17485,shell.c,17485,95045,3422,4003
recoverError#shell.c#17499,shell.c,17499,95045,3422,4003
recoverBitmapAlloc#shell.c#17513,shell.c,17513,95054,3423,4004
recoverBitmapFree#shell.c#17523,shell.c,17523,53,8,289
recoverBitmapSet#shell.c#17527,shell.c,17527,7,1,141
recoverBitmapQuery#shell.c#17535,shell.c,17535,9,1,145
recoverDbError#shell.c#17545,shell.c,17545,95048,3423,4004
recoverPrepare#shell.c#17549,shell.c,17549,95057,3424,4005
recoverPreparePrintf#shell.c#17559,shell.c,17559,95074,3425,4006
recoverReset#shell.c#17577,shell.c,17577,95055,3424,4005
recoverFinalize#shell.c#17585,shell.c,17585,95055,3424,4005
recoverExec#shell.c#17606,shell.c,17606,95069,3425,4006
recoverBindValue#shell.c#17616,shell.c,17616,95051,3423,4004
recoverPageCount#shell.c#17638,shell.c,17638,95094,3427,4008
recoverReadI32#shell.c#17652,shell.c,17652,95046,3422,4003
recoverPageIsUsed#shell.c#17667,shell.c,17667,95038,3422,4003
recoverGetPage#shell.c#17674,shell.c,17674,95137,3429,4010
recoverUnusedString#shell.c#17711,shell.c,17711,95041,3422,4003
recoverEscapeCrlf#shell.c#17721,shell.c,17721,95108,3423,4004
recoverCacheSchema#shell.c#17789,shell.c,17789,95072,3426,4007
recoverSqlCallback#shell.c#17793,shell.c,17793,95053,3423,4004
sqlite3_backup_init#sqlite3.c#29932,sqlite3.c,29932,95075,3423,4004
sqlite3_backup_step#sqlite3.c#30024,sqlite3.c,30024,95032,3421,4002
sqlite3_backup_finish#sqlite3.c#30197,sqlite3.c,30197,95032,3421,4002
recoverTransferSettings#shell.c#17802,shell.c,17802,95209,3433,4014
sqlite3_open_v2#sqlite3.c#83774,sqlite3.c,83774,95035,3422,4003
recoverOpenOutput#shell.c#17845,shell.c,17845,95837,3461,4042
recoverOpenRecovery#shell.c#17871,shell.c,17871,95091,3427,4008
recoverAddTable#shell.c#17880,shell.c,17880,95176,3430,4011
sqlite3_bind_int#sqlite3.c#35109,sqlite3.c,35109,95032,3421,4002
recoverWriteSchema1#shell.c#17952,shell.c,17952,95248,3434,4015
recoverWriteSchema2#shell.c#17991,shell.c,17991,95101,3428,4009
recoverInsertStmt#shell.c#18009,shell.c,18009,95119,3426,4007
recoverFindTable#shell.c#18058,shell.c,18058,5,1,145
sqlite3_clear_bindings#sqlite3.c#34216,sqlite3.c,34216,171,15,297
recoverLostAndFoundCreate#shell.c#18064,shell.c,18064,95177,3432,4013
recoverLostAndFoundInsert#shell.c#18110,shell.c,18110,95109,3427,4008
recoverLostAndFoundFindRoot#shell.c#18132,shell.c,18132,95080,3426,4007
recoverLostAndFoundOnePage#shell.c#18149,shell.c,18149,95173,3430,4011
recoverLostAndFound3Step#shell.c#18211,shell.c,18211,95195,3431,4012
recoverLostAndFound3Init#shell.c#18234,shell.c,18234,95240,3436,4017
recoverWriteDataInit#shell.c#18247,shell.c,18247,95085,3426,4007
recoverWriteDataCleanup#shell.c#18263,shell.c,18263,95067,3425,4006
recoverWriteDataStep#shell.c#18276,shell.c,18276,95290,3435,4016
recoverLostAndFound1Init#shell.c#18376,shell.c,18376,95126,3430,4011
recoverLostAndFound1Step#shell.c#18387,shell.c,18387,95078,3426,4007
recoverLostAndFound2Init#shell.c#18404,shell.c,18404,95084,3426,4007
recoverLostAndFound2Step#shell.c#18415,shell.c,18415,95088,3426,4007
recoverLostAndFoundCleanup#shell.c#18442,shell.c,18442,95057,3423,4004
sqlite3_file_control#sqlite3.c#84019,sqlite3.c,84019,95032,3421,4002
recoverGetU16#shell.c#18485,shell.c,18485,3,1,4
recoverGetU32#shell.c#18489,shell.c,18489,3,1,4
recoverGetVarint#shell.c#18493,shell.c,18493,11,1,8
recoverIsValidPage#shell.c#18505,shell.c,18505,94,3,11
recoverVfsDetectPagesize#shell.c#18642,shell.c,18642,95170,3425,4006
recoverPutU32#shell.c#18635,shell.c,18635,6,1,4
recoverPutU16#shell.c#18630,shell.c,18630,4,1,4
recoverInstallWrapper#shell.c#18831,shell.c,18831,95341,3448,4033
recoverUninstallWrapper#shell.c#18846,shell.c,18846,95042,3422,4006
stdin_is_interactive#shell.c#19180,shell.c,19180,0,0,1
sBegin#shell.c#19992,shell.c,19992,0,0,1
zOptions#shell.c#27369,shell.c,27369,0,0,1
prompt_string#shell.c#19349,shell.c,19349,45,4,148
sqlite3_str_vappendf#sqlite3.c#8914,sqlite3.c,8914,95032,3421,4002
azHelp#shell.c#21499,shell.c,21499,0,0,1
timeDiff#shell.c#20003,shell.c,20003,3,1,5
qrfEscNames#shell.c#19152,shell.c,19152,0,0,1
zCmd#shell.c#21503,shell.c,21503,0,0,1
faultsim_state#shell.c#23751,shell.c,23751,0,0,1
Argv0#shell.c#19192,shell.c,19192,0,0,1
strlen30#shell.c#19263,shell.c,19263,6,1,146
elapseTime#shell.c#20007,shell.c,20007,10,2,149
cli_printf#shell.c#19196,shell.c,19196,95032,3421,4002
cli_write#shell.c#19210,shell.c,19210,95032,3421,4002
zUsage#shell.c#21504,shell.c,21504,0,0,1
cli_puts#shell.c#19219,shell.c,19219,95032,3421,4002
cli_exit#shell.c#19227,shell.c,19227,95032,3421,4002
cli_strcmp#shell.c#19236,shell.c,19236,5,1,149
aPrefix#sqlite3.c#8868,sqlite3.c,8868,0,0,1
cli_strncmp#shell.c#19242,shell.c,19242,5,1,4
timeOfDay#shell.c#19248,shell.c,19248,5,1,7
shell_out_of_memory#shell.c#19254,shell.c,19254,95032,3421,4002
shell_check_oom#shell.c#19259,shell.c,19259,95032,3421,4002
openChrSource#shell.c#19270,shell.c,19270,10,1,2
realloc#stdlib.h#1020,stdlib.h,1020,0,0,1
seenInterrupt#shell.c#19190,shell.c,19190,0,0,1
local_getline#shell.c#19281,shell.c,19281,95063,3422,4004
shellNoColor#shell.c#19313,shell.c,19313,3,1,2
sqlite3_libversion#sqlite3.c#82120,sqlite3.c,82120,1,1,1
shellPromptAppDef#shell.c#19317,shell.c,19317,35,3,4
sqlite3_filename#sqlite3.h#1808,sqlite3.h,1808,0,0,1
sqlite3_db_filename#sqlite3.c#84369,sqlite3.c,84369,95032,3421,4002
sqlite3_filename_database#sqlite3.c#84332,sqlite3.c,84332,10,2,4
prompt_filename#shell.c#19360,shell.c,19360,95032,3421,4002
gethostname#unistd.h#1315,unistd.h,1315,0,0,1
prompt_hostname#shell.c#19377,shell.c,19377,12,1,2
prompt_user#shell.c#19390,shell.c,19390,7,1,2
sqlite3_db_readonly#sqlite3.c#84375,sqlite3.c,84375,60,7,184
nAnsiEscape#shell.c#19398,shell.c,19398,11,1,1
sqlite3_incomplete#sqlite3.c#81952,sqlite3.c,81952,143,2,163
expand_prompt#shell.c#19410,shell.c,19410,95032,3421,4002
sqlite3_sleep#sqlite3.c#84003,sqlite3.c,84003,95032,3421,4002
shellCmdLineEdit#shell.c#4500,shell.c,4500,0,0,1
one_input_line#shell.c#19624,shell.c,19624,95094,3423,4006
cmdline_option_value#shell.c#27407,shell.c,27407,95032,3421,4002
hexDigitValue#shell.c#19656,shell.c,19656,6,1,1
integerValue#shell.c#19663,shell.c,19663,95032,3421,4002
initText#shell.c#19712,shell.c,19712,3,1,5
freeText#shell.c#19716,shell.c,19716,57,9,290
quoteChar#shell.c#19754,shell.c,19754,182,4,18
appendText#shell.c#19721,shell.c,19721,95032,3421,4002
shellFakeSchema#shell.c#19764,shell.c,19764,95032,3421,4002
shellStrtod#shell.c#19802,shell.c,19802,95032,3421,4002
shellDtostr#shell.c#19809,shell.c,19809,95032,3421,4002
shellAddSchemaName#shell.c#19820,shell.c,19820,95032,3421,4002
shellExpandPrompt#shell.c#19861,shell.c,19861,95032,3421,4002
beginTimer#shell.c#19996,shell.c,19996,6,1,144
endTimer#shell.c#20013,shell.c,20013,95043,3422,4003
modeFree#shell.c#20025,shell.c,20025,12,1,147
strdup#string.h#473,string.h,473,0,0,1
modeDup#shell.c#20038,shell.c,20038,33,1,147
aModeStr#shell.c#19172,shell.c,19172,0,0,1
modeSetStr#shell.c#20072,shell.c,20072,95044,3422,4004
pickStr#shell.c#23775,shell.c,23775,95063,3422,4003
modeSetLimit#shell.c#20087,shell.c,20087,95083,3423,4004
modeChange#shell.c#20108,shell.c,20108,95194,3427,4010
stdout_is_console#shell.c#19182,shell.c,19182,0,0,1
modeDefault#shell.c#20163,shell.c,20163,95203,3428,4012
modeFind#shell.c#20173,shell.c,20173,17,2,150
modePush#shell.c#20186,shell.c,20186,95071,3423,4005
modePop#shell.c#20193,shell.c,20193,20,2,148
shellLog#shell.c#20202,shell.c,20202,95032,3421,4002
shellPutsFunc#shell.c#20209,shell.c,20209,95032,3421,4002
shellErrorLocation#shell.c#20216,shell.c,20216,95043,3422,4003
failIfSafeMode#shell.c#20228,shell.c,20228,95055,3423,4004
dotCmdError#shell.c#20241,shell.c,20241,95067,3423,4004
editFunc#shell.c#20266,shell.c,20266,95032,3421,4002
setCrlfMode#shell.c#20377,shell.c,20377,3,1,144
zSkipValidUtf8#shell.c#20395,shell.c,20395,26,1,2
anyOfInStr#shell.c#20381,shell.c,20381,13,1,1
output_c_string#shell.c#20422,shell.c,20422,95111,3424,4005
append_c_string#shell.c#20463,shell.c,20463,95111,3424,4005
sqlite3_interrupt#sqlite3.c#82950,sqlite3.c,82950,3,1,138
interrupt_handler#shell.c#20504,shell.c,20504,95040,3423,4005
sigterm_handler#shell.c#20510,shell.c,20510,95036,3422,4003
stdout_tty_width#shell.c#19184,shell.c,19184,0,0,1
shellScreenWidth#shell.c#20515,shell.c,20515,11,1,2
safeModeAuth#shell.c#20527,shell.c,20527,95079,3424,4005
shellAuth#shell.c#20552,shell.c,20552,95180,3428,4009
sqlite3_strglob#sqlite3.c#56088,sqlite3.c,56088,127,3,15
sqlite3_complete#sqlite3.c#82084,sqlite3.c,82084,146,3,164
printSchemaLine#shell.c#20575,shell.c,20575,95032,3421,4002
wsToEol#shell.c#20604,shell.c,20604,10,1,2
shellFormatSchema#shell.c#20615,shell.c,20615,95032,3421,4002
progress_handler#shell.c#20709,shell.c,20709,95050,3422,4003
captureOutputCallback#shell.c#20728,shell.c,20728,95032,3421,4002
createSelftestTable#shell.c#20741,shell.c,20741,95041,3422,4003
set_table_name#shell.c#20751,shell.c,20751,95041,3422,4003
sqlite3_error_offset#sqlite3.c#83306,sqlite3.c,83306,95032,3421,4002
shell_error_context#shell.c#20761,shell.c,20761,95032,3421,4002
run_table_dump_query#shell.c#20791,shell.c,20791,95070,3422,4003
save_err_msg#shell.c#20830,shell.c,20830,95032,3421,4002
displayLinuxIoStats#shell.c#20848,shell.c,20848,95032,3421,4002
sqlite3_status64#sqlite3.c#5909,sqlite3.c,5909,95032,3421,4002
displayStatLine#shell.c#20872,shell.c,20872,95032,3421,4002
sqlite3_db_status64#sqlite3.c#5957,sqlite3.c,5957,1274,92,397
sqlite3_column_decltype#sqlite3.c#35018,sqlite3.c,35018,95032,3421,4002
sqlite3_stmt_status#sqlite3.c#35335,sqlite3.c,35335,957,69,374
sqlite3_db_status#sqlite3.c#6105,sqlite3.c,6105,1284,93,398
display_stats#shell.c#20889,shell.c,20889,95032,3421,4002
savedSelectTrace#shell.c#20987,shell.c,20987,0,0,1
sqlite3_test_control#sqlite3.c#84065,sqlite3.c,84065,95032,3421,4002
savedWhereTrace#shell.c#20989,shell.c,20989,0,0,1
disable_debug_trace_modes#shell.c#20991,shell.c,20991,95032,3421,4002
restore_debug_trace_modes#shell.c#20999,shell.c,20999,95032,3421,4002
bind_table_init#shell.c#21004,shell.c,21004,95043,3422,4003
sqlite3_bind_double#sqlite3.c#35097,sqlite3.c,35097,95032,3421,4002
sqlite3_bind_null#sqlite3.c#35125,sqlite3.c,35125,95032,3421,4002
sqlite3_bind_parameter_name#sqlite3.c#35231,sqlite3.c,35231,16,2,139
sqlite3_bind_parameter_count#sqlite3.c#35226,sqlite3.c,35226,4,1,138
sqlite3_bind_text64#sqlite3.c#35154,sqlite3.c,35154,95032,3421,4002
bind_prepared_stmt#shell.c#21016,shell.c,21016,95032,3421,4002
expertHandleSQL#shell.c#21062,shell.c,21062,95032,3421,4002
expertFinish#shell.c#21068,shell.c,21068,95032,3421,4002
expertDotCommand#shell.c#21102,shell.c,21102,96198,3472,4053
shellWriteQR#shell.c#21147,shell.c,21147,95032,3421,4002
shell_exec#shell.c#21153,shell.c,21153,95032,3421,4002
freeColumnList#shell.c#21279,shell.c,21279,57,8,289
tableColumnList#shell.c#21287,shell.c,21287,95032,3421,4002
toggleSelectOrder#shell.c#21353,shell.c,21353,95032,3421,4002
db_int#shell.c#22504,shell.c,22504,95032,3421,4002
dump_callback#shell.c#21368,shell.c,21368,95032,3421,4002
run_schema_dump_query#shell.c#21471,shell.c,21471,95059,3422,4003
aUsage#shell.c#21506,shell.c,21506,0,0,1
findUsage#shell.c#21508,shell.c,21508,134,4,16
showHelp#shell.c#21516,shell.c,21516,95113,3423,4004
clearTempFile#shell.c#22812,shell.c,22812,95032,3421,4002
line_is_complete#shell.c#27053,shell.c,27053,155,4,165
runOneSqlLine#shell.c#27121,shell.c,27121,98116,3557,4141
echo_group_input#shell.c#27170,shell.c,27170,95038,3422,4003
output_reset#shell.c#22468,shell.c,22468,95093,3426,4007
line_is_command_terminator#shell.c#27042,shell.c,27042,30,2,3
bail_on_error#shell.c#19178,shell.c,19178,0,0,1
do_meta_command#shell.c#24957,shell.c,24957,106395,3804,4398
line_is_all_whitespace#shell.c#27021,shell.c,27021,20,1,2
process_input#shell.c#27177,shell.c,27177,106395,3804,4398
readFile#shell.c#21593,shell.c,21593,95064,3422,4003
fileSize#shell.c#21626,shell.c,21626,5,1,3
isDatabaseFile#shell.c#21632,shell.c,21632,95055,3424,4005
deduceDatabaseType#shell.c#21648,shell.c,21648,95094,3425,4006
sqlite3_shutdown#sqlite3.c#82203,sqlite3.c,82203,95087,3427,4008
sqlite3_initialize#sqlite3.c#82194,sqlite3.c,82194,95032,3421,4002
isScriptFile#shell.c#21688,shell.c,21688,95126,3431,4012
readHexDb#shell.c#21705,shell.c,21705,95114,3422,4003
shellUSleepFunc#shell.c#21788,shell.c,21788,95032,3421,4002
shellModuleSchema#shell.c#21795,shell.c,21795,95032,3421,4002
newTempFile#shell.c#22857,shell.c,22857,95032,3421,4002
shellTempFilenameFunc#shell.c#22877,shell.c,22877,95032,3421,4002
sqlite3_enable_load_extension#sqlite3.c#60601,sqlite3.c,60601,30,4,166
sqlite3_deserialize#sqlite3.c#16711,sqlite3.c,16711,95096,3423,4004
open_db#shell.c#21813,shell.c,21813,97920,3550,4134
close_db#shell.c#21945,shell.c,21945,95038,3422,4003
readline_completion_generator#shell.c#21952,shell.c,21952,95053,3422,4004
readline_completion#shell.c#21974,shell.c,21974,95059,3423,4005
resolve_backslashes#shell.c#21981,shell.c,21981,58,2,145
booleanValue#shell.c#22034,shell.c,22034,95032,3421,4002
setOrClearFlag#shell.c#22052,shell.c,22052,95039,3422,4003
output_file_close#shell.c#22060,shell.c,22060,3,1,144
output_file_open#shell.c#22064,shell.c,22064,95048,3422,4003
sqlite3_expanded_sql#sqlite3.c#35361,sqlite3.c,35361,95043,3422,4003
sql_trace_callback#shell.c#22081,shell.c,22081,95085,3423,4004
import_cleanup#shell.c#22151,shell.c,22151,62,8,289
import_getc#shell.c#22164,shell.c,22164,9,1,6
import_append_char#shell.c#22174,shell.c,22174,95040,3422,4003
csv_read_one_field#shell.c#22183,shell.c,22183,95127,3424,4006
ascii_read_one_field#shell.c#22262,shell.c,22262,95070,3424,4006
sqlite3_extended_errcode#sqlite3.c#83361,sqlite3.c,83361,95047,3422,4003
tryToCloneData#shell.c#22284,shell.c,22284,95133,3423,4004
tryToCloneSchema#shell.c#22371,shell.c,22371,95196,3424,4005
tryToClone#shell.c#22435,shell.c,22435,95222,3426,4007
output_redir#shell.c#22456,shell.c,22456,95046,3423,4004
get2byteInt#shell.c#22521,shell.c,22521,3,1,2
get4byteInt#shell.c#22525,shell.c,22525,3,1,2
shell_dbinfo_command#shell.c#22529,shell.c,22529,97991,3553,4137
shell_dbtotxt_command#shell.c#22595,shell.c,22595,95116,3422,4004
shellEmitError#shell.c#22680,shell.c,22680,95035,3422,4003
shellDatabaseError#shell.c#22684,shell.c,22684,95039,3423,4004
testcase_glob#shell.c#22689,shell.c,22689,72,1,2
optionMatch#shell.c#22762,shell.c,22762,11,2,150
shellFilenameFromUri#shell.c#22769,shell.c,22769,95059,3422,4003
shellDeleteFile#shell.c#22797,shell.c,22797,95032,3421,4002
find_home_dir#shell.c#27288,shell.c,27288,26,1,9
shellFkeyCollateClause#shell.c#22888,shell.c,22888,95032,3421,4002
lintFkeyIndexes#shell.c#22914,shell.c,22914,95116,3422,4003
lintDotCommand#shell.c#22999,shell.c,22999,95130,3424,4005
shellPrepare#shell.c#23010,shell.c,23010,95042,3422,4003
shellPreparePrintf#shell.c#23021,shell.c,23021,95058,3423,4004
shellFinalize#shell.c#23038,shell.c,23038,95044,3422,4003
shellReset#shell.c#23051,shell.c,23051,95042,3422,4003
arUsage#shell.c#23082,shell.c,23082,95117,3424,4005
arErrorMsg#shell.c#23087,shell.c,23087,95050,3423,4004
arProcessSwitch#shell.c#23103,shell.c,23103,95074,3424,4005
arParseCommand#shell.c#23128,shell.c,23128,95271,3428,4009
sqlite3_bind_parameter_index#sqlite3.c#35242,sqlite3.c,35242,95035,3422,4003
arCheckEntries#shell.c#23241,shell.c,23241,95111,3427,4008
arWhereClause#shell.c#23270,shell.c,23270,95067,3422,4003
arListCommand#shell.c#23306,shell.c,23306,95171,3429,4010
arRemoveCommand#shell.c#23332,shell.c,23332,95179,3429,4010
arExtractCommand#shell.c#23366,shell.c,23366,95197,3429,4010
arExecSql#shell.c#23418,shell.c,23418,95047,3422,4003
arCreateOrUpdateCommand#shell.c#23434,shell.c,23434,95106,3423,4004
arDotCommand#shell.c#23494,shell.c,23494,96049,3462,4044
recoverDatabaseCmd#shell.c#23579,shell.c,23579,97252,3539,4124
intckDatabaseCmd#shell.c#23627,shell.c,23627,95357,3441,4022
rc_err_oom_die#shell.c#23656,shell.c,23656,95036,3422,4003
zCOL_DB#shell.c#23661,shell.c,23661,0,0,1
zAutoColumn#shell.c#23663,shell.c,23663,95103,3423,4004
outputDumpWarning#shell.c#23731,shell.c,23731,95080,3425,4006
faultsim_callback#shell.c#23753,shell.c,23753,95032,3421,4002
nSkip#shell.c#23750,shell.c,23750,0,0,1
eVerbose#shell.c#23747,shell.c,23747,0,0,1
dotCmdImport#shell.c#23807,shell.c,23807,98469,3561,4148
modeTitleDsply#shell.c#24127,shell.c,24127,24,1,147
qrfQuoteNames#shell.c#19154,shell.c,19154,0,0,1
dotCmdMode#shell.c#24152,shell.c,24152,95802,3437,4020
dotCmdOutput#shell.c#24599,shell.c,24599,95372,3436,4019
dotCmdCheck#shell.c#24748,shell.c,24748,95344,3431,4012
dotCmdTestcase#shell.c#24862,shell.c,24862,95169,3430,4012
parseDotRealloc#shell.c#24898,shell.c,24898,95041,3422,4003
parseDotCmdArgs#shell.c#24908,shell.c,24908,95141,3424,4006
sqlite3_progress_handler#sqlite3.c#82917,sqlite3.c,82917,95063,3423,4004
sqlite3_trace_v2#sqlite3.c#83108,sqlite3.c,83108,95095,3424,4005
sqlite3_load_extension#sqlite3.c#60583,sqlite3.c,60583,95032,3421,4002
sqlite3_sourceid#sqlite3.c#102443,sqlite3.c,102443,1,1,1
sqlite3_busy_timeout#sqlite3.c#82931,sqlite3.c,82931,95032,3421,4002
sqlite3_txn_state#sqlite3.c#82716,sqlite3.c,82716,91,9,205
test_breakpoint#shell.c#22124,shell.c,22124,4,1,1
doAutoDetectRestore#shell.c#27063,shell.c,27063,95111,3424,4005
sqlite3_total_changes64#sqlite3.c#82616,sqlite3.c,82616,27,4,166
sqlite3_changes64#sqlite3.c#82604,sqlite3.c,82604,27,4,166
find_xdg_file#shell.c#27315,shell.c,27315,95050,3422,4003
process_sqliterc#shell.c#27334,shell.c,27334,106447,3806,4400
usage#shell.c#27371,shell.c,27371,95041,3422,4003
verify_uninitialized#shell.c#27381,shell.c,27381,95037,3422,4003
main_init#shell.c#27387,shell.c,27387,95048,3423,4004
printBold#shell.c#27399,shell.c,27399,95039,3422,4003
abnormalExit#shell.c#27415,shell.c,27415,95038,3422,4004
atexit#stdlib.h#1038,stdlib.h,1038,0,0,1
sqlite3_reset_auto_extension#sqlite3.c#60668,sqlite3.c,60668,95043,3422,4003
main#shell.c#27429,shell.c,27429,107875,3873,4470
sqlite3_snapshot#sqlite3.c#820,sqlite3.c,820,0,0,2
Hash#sqlite3.c#1156,sqlite3.c,1156,0,0,3
HashElem#sqlite3.c#1158,sqlite3.c,1158,0,0,2
BusyHandler#sqlite3.c#2457,sqlite3.c,2457,0,0,2
AggInfo#sqlite3.c#2465,sqlite3.c,2465,0,0,7
AuthContext#sqlite3.c#2467,sqlite3.c,2467,0,0,138
AutoincInfo#sqlite3.c#2469,sqlite3.c,2469,0,0,137
Bitvec#sqlite3.c#2471,sqlite3.c,2471,0,0,6
CollSeq#sqlite3.c#2473,sqlite3.c,2473,0,0,4
Column#sqlite3.c#2475,sqlite3.c,2475,0,0,6
Cte#sqlite3.c#2477,sqlite3.c,2477,0,0,137
CteUse#sqlite3.c#2479,sqlite3.c,2479,0,0,5
Db#sqlite3.c#2481,sqlite3.c,2481,0,0,137
DbClientData#sqlite3.c#2483,sqlite3.c,2483,0,0,2
DbFixer#sqlite3.c#2485,sqlite3.c,2485,0,0,147
Schema#sqlite3.c#2487,sqlite3.c,2487,0,0,137
Expr#sqlite3.c#2489,sqlite3.c,2489,0,0,137
ExprList#sqlite3.c#2491,sqlite3.c,2491,0,0,2
FKey#sqlite3.c#2493,sqlite3.c,2493,0,0,137
FpDecode#sqlite3.c#4362,sqlite3.c,4362,0,0,1
FpDecode#sqlite3.c#2495,sqlite3.c,2495,0,0,2
FuncDestructor#sqlite3.c#2497,sqlite3.c,2497,0,0,2
FuncDef#sqlite3.c#2499,sqlite3.c,2499,0,0,6
FuncDefHash#sqlite3.c#2501,sqlite3.c,2501,0,0,7
IdList#sqlite3.c#2503,sqlite3.c,2503,0,0,2
Index#sqlite3.c#2505,sqlite3.c,2505,0,0,137
IndexedExpr#sqlite3.c#2507,sqlite3.c,2507,0,0,137
IndexSample#sqlite3.c#2509,sqlite3.c,2509,0,0,4
KeyInfo#sqlite3.c#2513,sqlite3.c,2513,0,0,137
Lookaside#sqlite3.c#2515,sqlite3.c,2515,0,0,9
LookasideSlot#sqlite3.c#2517,sqlite3.c,2517,0,0,2
Module#sqlite3.c#2519,sqlite3.c,2519,0,0,137
NameContext#sqlite3.c#2521,sqlite3.c,2521,0,0,138
OnOrUsing#sqlite3.c#2523,sqlite3.c,2523,0,0,138
ParseCleanup#sqlite3.c#2527,sqlite3.c,2527,0,0,2
PreUpdate#sqlite3.c#2529,sqlite3.c,2529,0,0,138
PrintfArguments#sqlite3.c#2531,sqlite3.c,2531,0,0,138
RCStr#sqlite3.c#2533,sqlite3.c,2533,0,0,5
RenameToken#sqlite3.c#2535,sqlite3.c,2535,0,0,4
Returning#sqlite3.c#2537,sqlite3.c,2537,0,0,137
RowSet#sqlite3.c#2539,sqlite3.c,2539,0,0,140
Savepoint#sqlite3.c#2541,sqlite3.c,2541,0,0,6
Select#sqlite3.c#2543,sqlite3.c,2543,0,0,137
SQLiteThread#sqlite3.c#2545,sqlite3.c,2545,0,0,3
SelectDest#sqlite3.c#2547,sqlite3.c,2547,0,0,5
Subquery#sqlite3.c#2549,sqlite3.c,2549,0,0,137
SrcItem#sqlite3.c#2551,sqlite3.c,2551,0,0,137
SrcList#sqlite3.c#2553,sqlite3.c,2553,0,0,137
Table#sqlite3.c#2557,sqlite3.c,2557,0,0,137
TableLock#sqlite3.c#2559,sqlite3.c,2559,0,0,6
Token#sqlite3.c#2561,sqlite3.c,2561,0,0,3
Trigger#sqlite3.c#2565,sqlite3.c,2565,0,0,137
TriggerPrg#sqlite3.c#2567,sqlite3.c,2567,0,0,137
TriggerStep#sqlite3.c#2569,sqlite3.c,2569,0,0,137
UnpackedRecord#sqlite3.c#2571,sqlite3.c,2571,0,0,137
Upsert#sqlite3.c#2573,sqlite3.c,2573,0,0,137
VTable#sqlite3.c#2575,sqlite3.c,2575,0,0,137
VtabCtx#sqlite3.c#2577,sqlite3.c,2577,0,0,137
Walker#sqlite3.c#2579,sqlite3.c,2579,0,0,147
WhereInfo#sqlite3.c#2581,sqlite3.c,2581,0,0,147
Window#sqlite3.c#2583,sqlite3.c,2583,0,0,137
With#sqlite3.c#2585,sqlite3.c,2585,0,0,137
Pager#sqlite3.c#2661,sqlite3.c,2661,0,0,137
Btree#sqlite3.c#2787,sqlite3.c,2787,0,0,137
BtCursor#sqlite3.c#2789,sqlite3.c,2789,0,0,137
BtShared#sqlite3.c#2791,sqlite3.c,2791,0,0,137
BtreePayload#sqlite3.c#2793,sqlite3.c,2793,0,0,138
Vdbe#sqlite3.c#2985,sqlite3.c,2985,0,0,137
SubProgram#sqlite3.c#2989,sqlite3.c,2989,0,0,7
SubrtnSig#sqlite3.c#2991,sqlite3.c,2991,0,0,4
VdbeOp#sqlite3.c#3030,sqlite3.c,3030,0,0,6
VdbeOpList#sqlite3.c#3049,sqlite3.c,3049,0,0,4
RecordCompare#sqlite3.c#3179,sqlite3.c,3179,0,0,137
PgHdr#sqlite3.c#3197,sqlite3.c,3197,0,0,137
PCache#sqlite3.c#3199,sqlite3.c,3199,0,0,137
VdbeSorter#sqlite3.c#5477,sqlite3.c,5477,0,0,137
AuxData#sqlite3.c#5479,sqlite3.c,5479,0,0,2
VdbeTxtBlbCache#sqlite3.c#5481,sqlite3.c,5481,0,0,8
VdbeCursor#sqlite3.c#5483,sqlite3.c,5483,0,0,137
VdbeFrame#sqlite3.c#5532,sqlite3.c,5532,0,0,137
ScanStatus#sqlite3.c#5595,sqlite3.c,5595,0,0,3
DblquoteStr#sqlite3.c#5609,sqlite3.c,5609,0,0,1
DblquoteStr#sqlite3.c#5607,sqlite3.c,5607,0,0,2
ValueList#sqlite3.c#5690,sqlite3.c,5690,0,0,138
sqlite3StatType#sqlite3.c#5857,sqlite3.c,5857,0,0,5
DateTime#sqlite3.c#6249,sqlite3.c,6249,0,0,4
BenignMallocHooks#sqlite3.c#7638,sqlite3.c,7638,0,0,1
BenignMallocHooks#sqlite3.c#7636,sqlite3.c,7636,0,0,2
unixShm#sqlite3.c#13951,sqlite3.c,13951,0,0,15
unixShmNode#sqlite3.c#13953,sqlite3.c,13953,0,0,15
unixInodeInfo#sqlite3.c#13955,sqlite3.c,13955,0,0,15
UnixUnusedFd#sqlite3.c#13957,sqlite3.c,13957,0,0,2
unixFile#sqlite3.c#13965,sqlite3.c,13965,0,0,28
finder_type#sqlite3.c#15566,sqlite3.c,15566,0,0,28
DbPath#sqlite3.c#15916,sqlite3.c,15916,0,0,1
DbPath#sqlite3.c#15914,sqlite3.c,15914,0,0,2
MemVfs#sqlite3.c#16178,sqlite3.c,16178,0,0,4
MemFile#sqlite3.c#16180,sqlite3.c,16180,0,0,18
MemStore#sqlite3.c#16182,sqlite3.c,16182,0,0,6
PCache1#sqlite3.c#17460,sqlite3.c,17460,0,0,10
PgHdr1#sqlite3.c#17462,sqlite3.c,17462,0,0,10
PgFreeslot#sqlite3.c#17464,sqlite3.c,17464,0,0,12
PGroup#sqlite3.c#17466,sqlite3.c,17466,0,0,10
Wal#sqlite3.c#18359,sqlite3.c,18359,0,0,24
PagerSavepoint#sqlite3.c#18399,sqlite3.c,18399,0,0,12
WalIndexHdr#sqlite3.c#21374,sqlite3.c,21374,0,0,8
WalIterator#sqlite3.c#21376,sqlite3.c,21376,0,0,4
WalCkptInfo#sqlite3.c#21378,sqlite3.c,21378,0,0,6
WalHashLoc#sqlite3.c#21646,sqlite3.c,21646,0,0,11
MemPage#sqlite3.c#23165,sqlite3.c,23165,0,0,137
BtLock#sqlite3.c#23167,sqlite3.c,23167,0,0,137
CellInfo#sqlite3.c#23169,sqlite3.c,23169,0,0,12
IntegrityCk#sqlite3.c#23285,sqlite3.c,23285,0,0,140
CellArray#sqlite3.c#27582,sqlite3.c,27582,0,0,137
Incrblob#sqlite3.c#39934,sqlite3.c,39934,0,0,139
MergeEngine#sqlite3.c#40227,sqlite3.c,40227,0,0,137
PmaReader#sqlite3.c#40229,sqlite3.c,40229,0,0,137
PmaWriter#sqlite3.c#40231,sqlite3.c,40231,0,0,21
SorterRecord#sqlite3.c#40233,sqlite3.c,40233,0,0,2
SortSubtask#sqlite3.c#40235,sqlite3.c,40235,0,0,137
SorterFile#sqlite3.c#40237,sqlite3.c,40237,0,0,17
SorterList#sqlite3.c#40239,sqlite3.c,40239,0,0,9
IncrMerger#sqlite3.c#40241,sqlite3.c,40241,0,0,137
bytecodevtab#sqlite3.c#41797,sqlite3.c,41797,0,0,138
bytecodevtab_cursor#sqlite3.c#41805,sqlite3.c,41805,0,0,139
MemJournal#sqlite3.c#42067,sqlite3.c,42067,0,0,18
FilePoint#sqlite3.c#42069,sqlite3.c,42069,0,0,7
FileChunk#sqlite3.c#42071,sqlite3.c,42071,0,0,4
EdupBuf#sqlite3.c#44750,sqlite3.c,44750,0,0,4
RenameCtx#sqlite3.c#48819,sqlite3.c,48819,0,0,138
StatAccum#sqlite3.c#50298,sqlite3.c,50298,0,0,140
StatSample#sqlite3.c#50300,sqlite3.c,50300,0,0,4
analysisInfo#sqlite3.c#50667,sqlite3.c,50667,0,0,138
SumCtx#sqlite3.c#56667,sqlite3.c,56667,0,0,8
CountCtx#sqlite3.c#56830,sqlite3.c,56830,0,0,6
Percentile#sqlite3.c#57188,sqlite3.c,57188,0,0,5
IndexListTerm#sqlite3.c#59075,sqlite3.c,59075,0,0,138
IndexIterator#sqlite3.c#59077,sqlite3.c,59077,0,0,139
sqlite3_loadext_entry#sqlite3.c#60472,sqlite3.c,60472,0,0,141
sqlite3AutoExtList#sqlite3.c#60612,sqlite3.c,60612,0,0,4
PragmaVtab#sqlite3.c#62280,sqlite3.c,62280,0,0,139
PragmaVtabCursor#sqlite3.c#62282,sqlite3.c,62282,0,0,139
DistinctCtx#sqlite3.c#63127,sqlite3.c,63127,0,0,4
SortCtx#sqlite3.c#63136,sqlite3.c,63136,0,0,6
RowLoadInfo#sqlite3.c#63491,sqlite3.c,63491,0,0,4
WhereConst#sqlite3.c#65620,sqlite3.c,65620,0,0,138
CheckOnCtx#sqlite3.c#67149,sqlite3.c,67149,0,0,138
WhereClause#sqlite3.c#71002,sqlite3.c,71002,0,0,147
WhereMaskSet#sqlite3.c#71004,sqlite3.c,71004,0,0,2
WhereOrInfo#sqlite3.c#71006,sqlite3.c,71006,0,0,147
WhereAndInfo#sqlite3.c#71008,sqlite3.c,71008,0,0,147
WhereLevel#sqlite3.c#71010,sqlite3.c,71010,0,0,147
WhereLoop#sqlite3.c#71012,sqlite3.c,71012,0,0,147
WherePath#sqlite3.c#71014,sqlite3.c,71014,0,0,148
WhereTerm#sqlite3.c#71016,sqlite3.c,71016,0,0,147
WhereLoopBuilder#sqlite3.c#71018,sqlite3.c,71018,0,0,150
WhereScan#sqlite3.c#71020,sqlite3.c,71020,0,0,148
WhereOrCost#sqlite3.c#71022,sqlite3.c,71022,0,0,5
WhereOrSet#sqlite3.c#71024,sqlite3.c,71024,0,0,8
WhereMemBlock#sqlite3.c#71026,sqlite3.c,71026,0,0,5
WhereRightJoin#sqlite3.c#71028,sqlite3.c,71028,0,0,2
HiddenIndexInfo#sqlite3.c#74001,sqlite3.c,74001,0,0,148
CoveringIndexCheck#sqlite3.c#75621,sqlite3.c,75621,0,0,138
WindowRewrite#sqlite3.c#78180,sqlite3.c,78180,0,0,138
WindowCodeArg#sqlite3.c#78720,sqlite3.c,78720,0,0,139
WindowCsrAndReg#sqlite3.c#78722,sqlite3.c,78722,0,0,2
yyStackEntry#sqlite3.c#79715,sqlite3.c,79715,0,0,142
yyParser#sqlite3.c#79725,sqlite3.c,79725,0,0,143
sqlite3_tokenizer_module#sqlite3.c#84406,sqlite3.c,84406,0,0,2
sqlite3_tokenizer#sqlite3.c#84408,sqlite3.c,84408,0,0,3
sqlite3_tokenizer_cursor#sqlite3.c#84410,sqlite3.c,84410,0,0,4
Fts3Hash#sqlite3.c#84434,sqlite3.c,84434,0,0,3
Fts3HashElem#sqlite3.c#84436,sqlite3.c,84436,0,0,2
Fts3Table#sqlite3.c#84466,sqlite3.c,84466,0,0,142
Fts3Cursor#sqlite3.c#84468,sqlite3.c,84468,0,0,151
Fts3Expr#sqlite3.c#84470,sqlite3.c,84470,0,0,20
Fts3Phrase#sqlite3.c#84472,sqlite3.c,84472,0,0,17
Fts3PhraseToken#sqlite3.c#84474,sqlite3.c,84474,0,0,15
Fts3Doclist#sqlite3.c#84476,sqlite3.c,84476,0,0,4
Fts3SegFilter#sqlite3.c#84478,sqlite3.c,84478,0,0,2
Fts3DeferredToken#sqlite3.c#84480,sqlite3.c,84480,0,0,15
Fts3SegReader#sqlite3.c#84482,sqlite3.c,84482,0,0,9
Fts3MultiSegReader#sqlite3.c#84484,sqlite3.c,84484,0,0,12
MatchinfoBuffer#sqlite3.c#84486,sqlite3.c,84486,0,0,6
Fts3HashWrapper#sqlite3.c#84750,sqlite3.c,84750,0,0,4
TermSelect#sqlite3.c#86019,sqlite3.c,86019,0,0,1
TermSelect#sqlite3.c#86017,sqlite3.c,86017,0,0,2
TokenDoclist#sqlite3.c#87223,sqlite3.c,87223,0,0,4
Fts3TokenAndCost#sqlite3.c#87361,sqlite3.c,87361,0,0,21
Fts3auxTable#sqlite3.c#88056,sqlite3.c,88056,0,0,143
Fts3auxCursor#sqlite3.c#88058,sqlite3.c,88058,0,0,143
ParseContext#sqlite3.c#88399,sqlite3.c,88399,0,0,141
Fts3tokTable#sqlite3.c#89929,sqlite3.c,89929,0,0,140
Fts3tokCursor#sqlite3.c#89931,sqlite3.c,89931,0,0,141
PendingList#sqlite3.c#90172,sqlite3.c,90172,0,0,4
SegmentNode#sqlite3.c#90174,sqlite3.c,90174,0,0,2
SegmentWriter#sqlite3.c#90176,sqlite3.c,90176,0,0,7
IncrmergeWriter#sqlite3.c#92221,sqlite3.c,92221,0,0,145
NodeWriter#sqlite3.c#92223,sqlite3.c,92223,0,0,144
Blob#sqlite3.c#92225,sqlite3.c,92225,0,0,2
NodeReader#sqlite3.c#92227,sqlite3.c,92227,0,0,5
LoadDoclistCtx#sqlite3.c#93503,sqlite3.c,93503,0,0,152
SnippetIter#sqlite3.c#93511,sqlite3.c,93511,0,0,153
SnippetPhrase#sqlite3.c#93513,sqlite3.c,93513,0,0,6
SnippetFragment#sqlite3.c#93515,sqlite3.c,93515,0,0,5
MatchInfo#sqlite3.c#93542,sqlite3.c,93542,0,0,152
StrBuffer#sqlite3.c#93563,sqlite3.c,93563,0,0,1
StrBuffer#sqlite3.c#93561,sqlite3.c,93561,0,0,2
LcsIterator#sqlite3.c#94116,sqlite3.c,94116,0,0,21
TermOffset#sqlite3.c#94416,sqlite3.c,94416,0,0,6
TermOffsetCtx#sqlite3.c#94418,sqlite3.c,94418,0,0,153
unicode_tokenizer#sqlite3.c#94585,sqlite3.c,94585,0,0,4
unicode_cursor#sqlite3.c#94587,sqlite3.c,94587,0,0,5
JsonCache#sqlite3.c#94903,sqlite3.c,94903,0,0,139
JsonString#sqlite3.c#94905,sqlite3.c,94905,0,0,139
JsonParse#sqlite3.c#94907,sqlite3.c,94907,0,0,138
JsonPretty#sqlite3.c#96527,sqlite3.c,96527,0,0,141
JsonParent#sqlite3.c#98220,sqlite3.c,98220,0,0,8
JsonEachCursor#sqlite3.c#98230,sqlite3.c,98230,0,0,142
JsonEachConnection#sqlite3.c#98249,sqlite3.c,98249,0,0,138
Rtree#sqlite3.c#98715,sqlite3.c,98715,0,0,141
RtreeCursor#sqlite3.c#98717,sqlite3.c,98717,0,0,145
RtreeNode#sqlite3.c#98719,sqlite3.c,98719,0,0,8
RtreeCell#sqlite3.c#98721,sqlite3.c,98721,0,0,10
RtreeConstraint#sqlite3.c#98723,sqlite3.c,98723,0,0,141
RtreeMatchArg#sqlite3.c#98725,sqlite3.c,98725,0,0,140
RtreeGeomCallback#sqlite3.c#98727,sqlite3.c,98727,0,0,2
RtreeCoord#sqlite3.c#98729,sqlite3.c,98729,0,0,5
RtreeSearchPoint#sqlite3.c#98731,sqlite3.c,98731,0,0,7
RtreeCheck#sqlite3.c#100995,sqlite3.c,100995,0,0,139
StatTable#sqlite3.c#101354,sqlite3.c,101354,0,0,138
StatCursor#sqlite3.c#101356,sqlite3.c,101356,0,0,141
StatPage#sqlite3.c#101358,sqlite3.c,101358,0,0,7
StatCell#sqlite3.c#101360,sqlite3.c,101360,0,0,4
DbpageTable#sqlite3.c#101961,sqlite3.c,101961,0,0,138
DbpageCursor#sqlite3.c#101963,sqlite3.c,101963,0,0,139
StmtRow#sqlite3.c#102286,sqlite3.c,102286,0,0,4
stmt_vtab#sqlite3.c#102295,sqlite3.c,102295,0,0,138
stmt_cursor#sqlite3.c#102302,sqlite3.c,102302,0,0,139
sqlite3WhereTrace#sqlite3.c#2455,sqlite3.c,2455,0,0,2
sqlite3OsDlSym#sqlite3.c#2643,sqlite3.c,2643,0,0,4
sqlite3UpperToLower#sqlite3.c#5435,sqlite3.c,5435,0,0,1
sqlite3aLTb#sqlite3.c#5438,sqlite3.c,5438,0,0,2
sqlite3aEQb#sqlite3.c#5440,sqlite3.c,5440,0,0,2
sqlite3aGTb#sqlite3.c#5442,sqlite3.c,5442,0,0,2
sqlite3Config#sqlite3.c#5447,sqlite3.c,5447,0,0,15
sqlite3BuiltinFunctions#sqlite3.c#5450,sqlite3.c,5450,0,0,7
sqlite3OomStr#sqlite3.c#5452,sqlite3.c,5452,0,0,138
sqlite3TreeTrace#sqlite3.c#5457,sqlite3.c,5457,0,0,2
vfsList#sqlite3.c#7573,sqlite3.c,7573,0,0,4
fmtinfo#sqlite3.c#8870,sqlite3.c,8870,0,0,3
sqlite3SavedPrng#sqlite3.c#10119,sqlite3.c,10119,0,0,6
unixBigLock#sqlite3.c#14089,sqlite3.c,14089,0,0,3
inodeList#sqlite3.c#14142,sqlite3.c,14142,0,0,15
unixUnfetch#sqlite3.c#15546,sqlite3.c,15546,22,2,31
unixDeviceCharacteristics#sqlite3.c#15008,sqlite3.c,15008,15,2,29
unixLock#sqlite3.c#14339,sqlite3.c,14339,175,8,165
unixClose#sqlite3.c#14547,sqlite3.c,14547,95032,3421,4002
unixWrite#sqlite3.c#14743,sqlite3.c,14743,41,4,33
unixSectorSize#sqlite3.c#15002,sqlite3.c,15002,15,2,29
unixSync#sqlite3.c#14798,sqlite3.c,14798,95032,3421,4002
unixTruncate#sqlite3.c#14829,sqlite3.c,14829,95032,3421,4002
unixFetch#sqlite3.c#15529,sqlite3.c,15529,95032,3421,4002
unixShmLock#sqlite3.c#15341,sqlite3.c,15341,135,5,161
unixRead#sqlite3.c#14692,sqlite3.c,14692,61,3,31
unixFileControl#sqlite3.c#14914,sqlite3.c,14914,95032,3421,4002
unixShmBarrier#sqlite3.c#15426,sqlite3.c,15426,38,7,162
unixCheckReservedLock#sqlite3.c#14280,sqlite3.c,14280,52,5,162
unixFileSize#sqlite3.c#14849,sqlite3.c,14849,17,2,31
unixShmUnmap#sqlite3.c#15434,sqlite3.c,15434,95032,3421,4002
unixShmMap#sqlite3.c#15248,sqlite3.c,15248,95032,3421,4002
unixUnlock#sqlite3.c#14524,sqlite3.c,14524,95032,3421,4002
posixIoMethods#sqlite3.c#15560,sqlite3.c,15560,95032,3421,4002
nolockLock#sqlite3.c#14575,sqlite3.c,14575,4,1,14
nolockUnlock#sqlite3.c#14580,sqlite3.c,14580,4,1,14
nolockClose#sqlite3.c#14585,sqlite3.c,14585,95032,3421,4002
nolockCheckReservedLock#sqlite3.c#14569,sqlite3.c,14569,5,1,14
nolockIoMethods#sqlite3.c#15562,sqlite3.c,15562,95032,3421,4002
dotlockUnlock#sqlite3.c#14627,sqlite3.c,14627,32,2,30
dotlockCheckReservedLock#sqlite3.c#14589,sqlite3.c,14589,11,1,29
dotlockClose#sqlite3.c#14657,sqlite3.c,14657,95032,3421,4002
dotlockLock#sqlite3.c#14601,sqlite3.c,14601,36,3,31
dotlockIoMethods#sqlite3.c#15564,sqlite3.c,15564,95032,3421,4002
unixDlSym#sqlite3.c#16088,sqlite3.c,16088,6,1,4
memdbDlSym#sqlite3.c#16243,sqlite3.c,16243,0,0,4
memdbRandomness#sqlite3.c#16608,sqlite3.c,16608,3,1,4
memdbFullPathname#sqlite3.c#16586,sqlite3.c,16586,95032,3421,4002
memdbDlClose#sqlite3.c#16604,sqlite3.c,16604,3,1,4
memdbDlError#sqlite3.c#16596,sqlite3.c,16596,3,1,4
memdbSleep#sqlite3.c#16612,sqlite3.c,16612,3,1,4
memdbDlOpen#sqlite3.c#16592,sqlite3.c,16592,3,1,4
memdbGetLastError#sqlite3.c#16616,sqlite3.c,16616,3,1,5
memdbOpen#sqlite3.c#16509,sqlite3.c,16509,95032,3421,4002
memdbAccess#sqlite3.c#16578,sqlite3.c,16578,7,1,4
memdbCurrentTimeInt64#sqlite3.c#16620,sqlite3.c,16620,3,1,6
memdb_vfs#sqlite3.c#16255,sqlite3.c,16255,95032,3421,4002
memdbDeviceCharacteristics#sqlite3.c#16481,sqlite3.c,16481,4,1,14
memdbWrite#sqlite3.c#16337,sqlite3.c,16337,222,19,303
memdbFetch#sqlite3.c#16486,sqlite3.c,16486,38,6,162
memdbFileSize#sqlite3.c#16377,sqlite3.c,16377,33,6,162
memdbTruncate#sqlite3.c#16358,sqlite3.c,16358,38,6,163
memdbRead#sqlite3.c#16306,sqlite3.c,16306,39,6,162
memdbUnfetch#sqlite3.c#16499,sqlite3.c,16499,35,6,162
memdbUnlock#sqlite3.c#16435,sqlite3.c,16435,46,6,162
memdbClose#sqlite3.c#16269,sqlite3.c,16269,98,11,293
memdbLock#sqlite3.c#16385,sqlite3.c,16385,75,6,162
memdbSync#sqlite3.c#16371,sqlite3.c,16371,5,1,14
memdbFileControl#sqlite3.c#16456,sqlite3.c,16456,95032,3421,4002
memdb_io_methods#sqlite3.c#16258,sqlite3.c,16258,95032,3421,4002
sqlite3SharedCacheList#sqlite3.c#23420,sqlite3.c,23420,0,0,137
sqlite3SmallTypeSizes#sqlite3.c#33201,sqlite3.c,33201,0,0,2
azExplainColNames16data#sqlite3.c#34962,sqlite3.c,34962,0,0,2
iExplainColNames16#sqlite3.c#34965,sqlite3.c,34965,0,0,2
bytecodevtabDisconnect#sqlite3.c#41843,sqlite3.c,41843,55,8,290
bytecodevtabOpen#sqlite3.c#41849,sqlite3.c,41849,95032,3421,4002
bytecodevtabClose#sqlite3.c#41875,sqlite3.c,41875,95032,3421,4002
bytecodevtabConnect#sqlite3.c#41822,sqlite3.c,41822,95032,3421,4002
bytecodevtabRowid#sqlite3.c#41995,sqlite3.c,41995,5,1,139
bytecodevtabBestIndex#sqlite3.c#42031,sqlite3.c,42031,23,1,140
bytecodevtabNext#sqlite3.c#41882,sqlite3.c,41882,95032,3421,4002
bytecodevtabEof#sqlite3.c#41903,sqlite3.c,41903,4,1,139
bytecodevtabColumn#sqlite3.c#41908,sqlite3.c,41908,95032,3421,4002
bytecodevtabFilter#sqlite3.c#42001,sqlite3.c,42001,95032,3421,4002
bytecodevtabModule#sqlite3.c#42055,sqlite3.c,42055,95032,3421,4002
memjrnlSync#sqlite3.c#42253,sqlite3.c,42253,4,1,14
memjrnlWrite#sqlite3.c#42170,sqlite3.c,42170,95032,3421,4002
memjrnlClose#sqlite3.c#42247,sqlite3.c,42247,63,9,293
memjrnlFileSize#sqlite3.c#42258,sqlite3.c,42258,5,1,18
memjrnlTruncate#sqlite3.c#42221,sqlite3.c,42221,83,9,294
memjrnlRead#sqlite3.c#42095,sqlite3.c,42095,34,1,18
MemJournalMethods#sqlite3.c#42264,sqlite3.c,42264,95032,3421,4002
statInit#sqlite3.c#50322,sqlite3.c,50322,95032,3421,4002
statInitFuncdef#sqlite3.c#50353,sqlite3.c,50353,95032,3421,4002
statPush#sqlite3.c#50357,sqlite3.c,50357,95032,3421,4002
statPushFuncdef#sqlite3.c#50378,sqlite3.c,50378,95032,3421,4002
statGet#sqlite3.c#50382,sqlite3.c,50382,95032,3421,4002
statGetFuncdef#sqlite3.c#50401,sqlite3.c,50401,95032,3421,4002
globInfo#sqlite3.c#55975,sqlite3.c,55975,0,0,4
likeInfoNorm#sqlite3.c#55977,sqlite3.c,55977,0,0,4
likeInfoAlt#sqlite3.c#55979,sqlite3.c,55979,0,0,4
sqlite3Apis#sqlite3.c#60474,sqlite3.c,60474,0,0,142
aPragmaName#sqlite3.c#60722,sqlite3.c,60722,0,0,7
pragmaVtabRowid#sqlite3.c#62491,sqlite3.c,62491,5,1,139
pragmaVtabConnect#sqlite3.c#62299,sqlite3.c,62299,95032,3421,4002
pragmaVtabFilter#sqlite3.c#62433,sqlite3.c,62433,95032,3421,4002
pragmaVtabEof#sqlite3.c#62475,sqlite3.c,62475,4,1,139
pragmaVtabOpen#sqlite3.c#62392,sqlite3.c,62392,95032,3421,4002
pragmaVtabClose#sqlite3.c#62413,sqlite3.c,62413,95032,3421,4002
pragmaVtabColumn#sqlite3.c#62480,sqlite3.c,62480,95032,3421,4002
pragmaVtabDisconnect#sqlite3.c#62350,sqlite3.c,62350,55,8,291
pragmaVtabBestIndex#sqlite3.c#62356,sqlite3.c,62356,35,1,141
pragmaVtabNext#sqlite3.c#62420,sqlite3.c,62420,95032,3421,4002
pragmaVtabModule#sqlite3.c#62497,sqlite3.c,62497,95032,3421,4002
sqlite3Fts3Init#sqlite3.c#86882,sqlite3.c,86882,95032,3421,4002
sqlite3DbstatRegister#sqlite3.c#101955,sqlite3.c,101955,95032,3421,4002
sqlite3VdbeBytecodeVtabInit#sqlite3.c#42058,sqlite3.c,42058,95032,3421,4002
sqlite3TestExtInit#sqlite3.c#82110,sqlite3.c,82110,8,2,143
sqlite3DbpageRegister#sqlite3.c#102280,sqlite3.c,102280,95032,3421,4002
sqlite3RtreeInit#sqlite3.c#101262,sqlite3.c,101262,95032,3421,4002
sqlite3StmtVtabInit#sqlite3.c#102437,sqlite3.c,102437,95032,3421,4002
sqlite3BuiltinExtensions#sqlite3.c#82117,sqlite3.c,82117,95032,3421,4002
fts3OpenMethod#sqlite3.c#85592,sqlite3.c,85592,95032,3421,4002
fts3RollbackMethod#sqlite3.c#86632,sqlite3.c,86632,95,12,295
fts3BestIndexMethod#sqlite3.c#85511,sqlite3.c,85511,91,4,150
fts3RenameMethod#sqlite3.c#86765,sqlite3.c,86765,95032,3421,4002
fts3BeginMethod#sqlite3.c#86609,sqlite3.c,86609,95032,3421,4002
fts3ConnectMethod#sqlite3.c#85491,sqlite3.c,85491,95032,3421,4002
fts3ColumnMethod#sqlite3.c#86540,sqlite3.c,86540,95032,3421,4002
fts3CommitMethod#sqlite3.c#86621,sqlite3.c,86621,10,1,137
fts3UpdateMethod#sqlite3.c#86570,sqlite3.c,86570,95032,3421,4002
fts3CreateMethod#sqlite3.c#85495,sqlite3.c,85495,95032,3421,4002
fts3FilterMethod#sqlite3.c#86448,sqlite3.c,86448,95032,3421,4002
fts3DisconnectMethod#sqlite3.c#84875,sqlite3.c,84875,95032,3421,4002
fts3ReleaseMethod#sqlite3.c#86815,sqlite3.c,86815,8,1,142
fts3EofMethod#sqlite3.c#86525,sqlite3.c,86525,95032,3421,4002
fts3SyncMethod#sqlite3.c#86574,sqlite3.c,86574,95032,3421,4002
fts3DestroyMethod#sqlite3.c#84917,sqlite3.c,84917,95032,3421,4002
fts3FindFunctionMethod#sqlite3.c#86746,sqlite3.c,86746,95032,3421,4002
fts3RowidMethod#sqlite3.c#86534,sqlite3.c,86534,5,1,151
fts3ShadowName#sqlite3.c#86835,sqlite3.c,86835,46,4,163
fts3SavepointMethod#sqlite3.c#86790,sqlite3.c,86790,95032,3421,4002
fts3IntegrityMethod#sqlite3.c#86845,sqlite3.c,86845,95032,3421,4002
fts3CloseMethod#sqlite3.c#85625,sqlite3.c,85625,95032,3421,4002
fts3NextMethod#sqlite3.c#86417,sqlite3.c,86417,95032,3421,4002
fts3RollbackToMethod#sqlite3.c#86824,sqlite3.c,86824,97,12,295
fts3Module#sqlite3.c#86864,sqlite3.c,86864,95032,3421,4002
fts3BinHash#sqlite3.c#89109,sqlite3.c,89109,8,1,1
fts3StrHash#sqlite3.c#89093,sqlite3.c,89093,10,1,1
ftsHashFunction#sqlite3.c#89123,sqlite3.c,89123,26,3,3
fts3StrCompare#sqlite3.c#89104,sqlite3.c,89104,4,1,1
fts3BinCompare#sqlite3.c#89118,sqlite3.c,89118,4,1,1
ftsCompareFunction#sqlite3.c#89132,sqlite3.c,89132,16,3,3
porterNext#sqlite3.c#89616,sqlite3.c,89616,95032,3421,4002
porterDestroy#sqlite3.c#89320,sqlite3.c,89320,54,8,289
porterClose#sqlite3.c#89346,sqlite3.c,89346,56,8,289
porterOpen#sqlite3.c#89325,sqlite3.c,89325,95032,3421,4002
porterCreate#sqlite3.c#89309,sqlite3.c,89309,95032,3421,4002
porterTokenizerModule#sqlite3.c#89648,sqlite3.c,89648,95032,3421,4002
simpleDestroy#sqlite3.c#89852,sqlite3.c,89852,54,8,289
simpleClose#sqlite3.c#89878,sqlite3.c,89878,56,8,289
simpleOpen#sqlite3.c#89857,sqlite3.c,89857,95032,3421,4002
simpleNext#sqlite3.c#89885,sqlite3.c,89885,95032,3421,4002
simpleCreate#sqlite3.c#89827,sqlite3.c,89827,95032,3421,4002
simpleTokenizerModule#sqlite3.c#89922,sqlite3.c,89922,95032,3421,4002
fts3MIBufferFree#sqlite3.c#93585,sqlite3.c,93585,62,8,289
fts3MIBufferAlloc#sqlite3.c#93598,sqlite3.c,93598,95032,3421,4002
jsonEachNext#sqlite3.c#98372,sqlite3.c,98372,95032,3421,4002
jsonEachConnect#sqlite3.c#98258,sqlite3.c,98258,95032,3421,4002
jsonEachClose#sqlite3.c#98311,sqlite3.c,98311,158,17,316
jsonEachDisconnect#sqlite3.c#98278,sqlite3.c,98278,109,12,310
jsonEachFilter#sqlite3.c#98604,sqlite3.c,98604,95032,3421,4002
jsonEachBestIndex#sqlite3.c#98554,sqlite3.c,98554,49,1,139
jsonEachEof#sqlite3.c#98318,sqlite3.c,98318,4,1,142
jsonEachColumn#sqlite3.c#98459,sqlite3.c,98459,95032,3421,4002
jsonEachRowid#sqlite3.c#98548,sqlite3.c,98548,5,1,142
jsonEachOpen#sqlite3.c#98284,sqlite3.c,98284,95032,3421,4002
jsonEachModule#sqlite3.c#98690,sqlite3.c,98690,95032,3421,4002
rtreeClose#sqlite3.c#99239,sqlite3.c,99239,95032,3421,4002
rtreeConnect#sqlite3.c#99138,sqlite3.c,99138,95032,3421,4002
rtreeColumn#sqlite3.c#99631,sqlite3.c,99631,95032,3421,4002
rtreeDisconnect#sqlite3.c#99177,sqlite3.c,99177,95032,3421,4002
rtreeEof#sqlite3.c#99253,sqlite3.c,99253,4,1,145
rtreeFilter#sqlite3.c#99713,sqlite3.c,99713,95032,3421,4002
rtreeBeginTransaction#sqlite3.c#100638,sqlite3.c,100638,6,1,141
rtreeUpdate#sqlite3.c#100550,sqlite3.c,100550,95032,3421,4002
rtreeSavepoint#sqlite3.c#100668,sqlite3.c,100668,95032,3421,4002
rtreeEndTransaction#sqlite3.c#100645,sqlite3.c,100645,95032,3421,4002
rtreeRowid#sqlite3.c#99616,sqlite3.c,99616,95032,3421,4002
rtreeDestroy#sqlite3.c#99182,sqlite3.c,99182,95032,3421,4002
rtreeCreate#sqlite3.c#99134,sqlite3.c,99134,95032,3421,4002
rtreeIntegrity#sqlite3.c#101223,sqlite3.c,101223,95032,3421,4002
rtreeRollback#sqlite3.c#100652,sqlite3.c,100652,95032,3421,4002
rtreeNext#sqlite3.c#99603,sqlite3.c,99603,95032,3421,4002
rtreeOpen#sqlite3.c#99199,sqlite3.c,99199,95032,3421,4002
rtreeBestIndex#sqlite3.c#99815,sqlite3.c,99815,95032,3421,4002
rtreeShadowName#sqlite3.c#100704,sqlite3.c,100704,46,4,163
rtreeRename#sqlite3.c#100656,sqlite3.c,100656,95032,3421,4002
rtreeModule#sqlite3.c#100716,sqlite3.c,100716,95032,3421,4002
stmtConnect#sqlite3.c#102310,sqlite3.c,102310,95032,3421,4002
stmtRowid#sqlite3.c#102378,sqlite3.c,102378,5,1,139
stmtFilter#sqlite3.c#102389,sqlite3.c,102389,95032,3421,4002
stmtClose#sqlite3.c#102353,sqlite3.c,102353,64,9,290
stmtNext#sqlite3.c#102359,sqlite3.c,102359,57,8,289
stmtColumn#sqlite3.c#102367,sqlite3.c,102367,95032,3421,4002
stmtOpen#sqlite3.c#102333,sqlite3.c,102333,95032,3421,4002
stmtEof#sqlite3.c#102384,sqlite3.c,102384,4,1,139
stmtBestIndex#sqlite3.c#102427,sqlite3.c,102427,6,1,139
stmtDisconnect#sqlite3.c#102328,sqlite3.c,102328,54,8,289
stmtModule#sqlite3.c#102434,sqlite3.c,102434,95032,3421,4002
sqlite3Strlen30#sqlite3.c#11874,sqlite3.c,11874,95032,3421,4002
sqlite3CompileOptions#sqlite3.c#5430,sqlite3.c,5430,4,1,2
sqlite3IsIdChar#sqlite3.c#81506,sqlite3.c,81506,1,1,6
sqlite3_compileoption_used#sqlite3.c#84381,sqlite3.c,84381,95032,3421,4002
sqlite3_compileoption_get#sqlite3.c#84396,sqlite3.c,84396,13,2,3
sqlite3Close#sqlite3.c#82686,sqlite3.c,82686,95032,3421,4002
sqlite3_close_v2#sqlite3.c#82738,sqlite3.c,82738,95033,3422,4003
sqlite3_callback#sqlite3.h#1770,sqlite3.h,1770,0,0,1
sqlite3InitCallback#sqlite3.c#62542,sqlite3.c,62542,95032,3421,4002
sqlite3ApiExit#sqlite3.c#8843,sqlite3.c,8843,95032,3421,4002
sqlite3SafetyCheckOk#sqlite3.c#12888,sqlite3.c,12888,95032,3421,4002
analysisLoader#sqlite3.c#50711,sqlite3.c,50711,441,21,208
sqlite3MisuseError#sqlite3.c#83922,sqlite3.c,83922,95032,3421,4002
sqlite3DbFree#sqlite3.c#8582,sqlite3.c,8582,104,11,309
sqlite3DbStrDup#sqlite3.c#8764,sqlite3.c,8764,95032,3421,4002
sqlite3_get_table_cb#sqlite3.c#67963,sqlite3.c,67963,95032,3421,4002
sqlite3DbMallocRaw#sqlite3.c#8668,sqlite3.c,8668,95032,3421,4002
sqlite3Error#sqlite3.c#11895,sqlite3.c,11895,95032,3421,4002
sqlite3VdbeFinalize#sqlite3.c#33101,sqlite3.c,33101,95032,3421,4002
sqlite3OomFault#sqlite3.c#8805,sqlite3.c,8805,95032,3421,4002
sqlite3CtypeMap#sqlite3.c#5444,sqlite3.c,5444,0,0,1
sqlite3MemoryBarrier#sqlite3.c#8216,sqlite3.c,8216,3,1,1
sqlite3Initialize#sqlite3.c#82130,sqlite3.c,82130,95032,3421,4002
sqlite3MallocEnd#sqlite3.c#8381,sqlite3.c,8381,6,1,17
sqlite3MutexEnd#sqlite3.c#7756,sqlite3.c,7756,7,1,16
sqlite3_os_end#sqlite3.c#16173,sqlite3.c,16173,4,1,4
sqlite3PcacheShutdown#sqlite3.c#17090,sqlite3.c,17090,5,1,16
unixDelete#sqlite3.c#15872,sqlite3.c,15872,95032,3421,4002
unixCurrentTimeInt64#sqlite3.c#16132,sqlite3.c,16132,9,1,9
unixDlOpen#sqlite3.c#16072,sqlite3.c,16072,4,1,4
unixRandomness#sqlite3.c#16100,sqlite3.c,16100,95032,3421,4002
sqlite3MutexAlloc#sqlite3.c#7771,sqlite3.c,7771,8,1,16
unixSetSystemCall#sqlite3.c#14010,sqlite3.c,14010,26,1,5
unixOpen#sqlite3.c#15741,sqlite3.c,15741,95032,3421,4002
unixNextSystemCall#sqlite3.c#14046,sqlite3.c,14046,13,1,5
unixFullPathname#sqlite3.c#15990,sqlite3.c,15990,95032,3421,4002
unixSleep#sqlite3.c#16123,sqlite3.c,16123,8,1,4
unixGetSystemCall#sqlite3.c#14037,sqlite3.c,14037,8,1,5
unixDlError#sqlite3.c#16077,sqlite3.c,16077,95032,3421,4002
unixDlClose#sqlite3.c#16095,sqlite3.c,16095,4,1,4
unixGetLastError#sqlite3.c#16151,sqlite3.c,16151,6,1,4
unixCurrentTime#sqlite3.c#16142,sqlite3.c,16142,17,2,10
unixAccess#sqlite3.c#15900,sqlite3.c,15900,13,1,5
sqlite3_os_init#sqlite3.c#16158,sqlite3.c,16158,95032,3421,4002
sqlite3PCacheSetDefault#sqlite3.c#18071,sqlite3.c,18071,95032,3421,4002
sqlite3HeaderSizePcache#sqlite3.c#17446,sqlite3.c,17446,1,1,137
sqlite3MemSetDefault#sqlite3.c#7723,sqlite3.c,7723,95032,3421,4002
sqlite3HeaderSizePcache1#sqlite3.c#18077,sqlite3.c,18077,1,1,10
sqlite3HeaderSizeBtree#sqlite3.c#29861,sqlite3.c,29861,1,1,137
sqlite3ExpirePreparedStatements#sqlite3.c#33943,sqlite3.c,33943,6,1,137
setupLookaside#sqlite3.c#82368,sqlite3.c,82368,248,19,303
sqlite3_extended_result_codes#sqlite3.c#84012,sqlite3.c,84012,26,4,159
sqlite3_last_insert_rowid#sqlite3.c#82590,sqlite3.c,82590,27,4,166
sqlite3_set_last_insert_rowid#sqlite3.c#82598,sqlite3.c,82598,25,4,164
sqlite3_changes#sqlite3.c#82612,sqlite3.c,82612,30,5,167
sqlite3_total_changes#sqlite3.c#82624,sqlite3.c,82624,30,5,167
sqlite3_is_interrupted#sqlite3.c#82954,sqlite3.c,82954,3,1,137
sqlite3ValueSetStr#sqlite3.c#31318,sqlite3.c,31318,95032,3421,4002
sqlite3ValueNew#sqlite3.c#31175,sqlite3.c,31175,95032,3421,4002
sqlite3ValueText#sqlite3.c#31152,sqlite3.c,31152,95032,3421,4002
sqlite3ValueFree#sqlite3.c#31322,sqlite3.c,31322,158,15,298
sqlite3_complete16#sqlite3.c#82088,sqlite3.c,82088,95049,3422,4003
sqliteDefaultBusyCallback#sqlite3.c#82873,sqlite3.c,82873,24,2,138
sqlite3_busy_handler#sqlite3.c#82907,sqlite3.c,82907,53,6,161
sqlite3Atoi#sqlite3.c#12539,sqlite3.c,12539,53,3,146
sqlite3_setlk_timeout#sqlite3.c#82943,sqlite3.c,82943,6,1,137
sqlite3_free_table#sqlite3.c#68067,sqlite3.c,68067,60,8,289
sqlite3Realloc#sqlite3.c#8587,sqlite3.c,8587,180,15,298
sqlite3_get_table#sqlite3.c#68012,sqlite3.c,68012,95096,3423,4004
sqlite3VdbeFuncName#sqlite3.c#34127,sqlite3.c,34127,5,1,138
iErr#shell.c#23744,shell.c,23744,0,0,1
sqlite3StrAccumFinish#sqlite3.c#9839,sqlite3.c,9839,95032,3421,4002
sqlite3StrAccumInit#sqlite3.c#9900,sqlite3.c,9900,9,1,145
sqlite3Malloc#sqlite3.c#8440,sqlite3.c,8440,110,11,173
sqlite3_realloc#sqlite3.c#8632,sqlite3.c,8632,95032,3421,4002
sqlite3StatusDown#sqlite3.c#5886,sqlite3.c,5886,12,2,148
sqlite3MallocSize#sqlite3.c#8469,sqlite3.c,8469,4,1,142
sqlite3_msize#sqlite3.c#8495,sqlite3.c,8495,5,1,143
sqlite3_memory_used#sqlite3.c#8388,sqlite3.c,8388,95032,3421,4002
sqlite3_memory_highwater#sqlite3.c#8394,sqlite3.c,8394,95037,3422,4003
chacha_block#sqlite3.c#10058,sqlite3.c,10058,16,1,6
sqlite3OsRandomness#sqlite3.c#7509,sqlite3.c,7509,10,1,20
sqlite3_trace#sqlite3.c#83097,sqlite3.c,83097,30,4,159
sqlite3_profile#sqlite3.c#83119,sqlite3.c,83119,31,4,160
openDatabase#sqlite3.c#83629,sqlite3.c,83629,95032,3421,4002
sqlite3_open16#sqlite3.c#83778,sqlite3.c,83778,95055,3422,4003
databaseName#sqlite3.c#84256,sqlite3.c,84256,6,1,2
uriParameter#sqlite3.c#83618,sqlite3.c,83618,95032,3421,4002
sqlite3_uri_parameter#sqlite3.c#84300,sqlite3.c,84300,95032,3421,4002
sqlite3GetBoolean#sqlite3.c#60743,sqlite3.c,60743,95032,3421,4002
sqlite3_uri_boolean#sqlite3.c#84317,sqlite3.c,84317,95032,3421,4002
sqlite3DecOrHexToI64#sqlite3.c#12476,sqlite3.c,12476,118,4,146
sqlite3_uri_int64#sqlite3.c#84323,sqlite3.c,84323,95032,3421,4002
sqlite3_uri_key#sqlite3.c#84306,sqlite3.c,84306,95042,3422,4003
sqlite3_filename_journal#sqlite3.c#84337,sqlite3.c,84337,95042,3422,4003
sqlite3_filename_wal#sqlite3.c#84348,sqlite3.c,84348,95047,3423,4004
sqlite3_database_file_object#sqlite3.c#20217,sqlite3.c,20217,11,1,137
appendText#sqlite3.c#84263,sqlite3.c,84263,5,1,1
sqlite3_create_filename#sqlite3.c#84269,sqlite3.c,84269,95061,3423,4004
sqlite3_free_filename#sqlite3.c#84294,sqlite3.c,84294,61,9,291
sqlite3SafetyCheckSickOrOk#sqlite3.c#12906,sqlite3.c,12906,95032,3421,4002
sqlite3ErrStr#sqlite3.c#82845,sqlite3.c,82845,95032,3421,4002
sqlite3ErrorWithMsg#sqlite3.c#11920,sqlite3.c,11920,95032,3421,4002
sqlite3_value_text16#sqlite3.c#34287,sqlite3.c,34287,95032,3421,4002
sqlite3OomClear#sqlite3.c#8825,sqlite3.c,8825,8,1,137
sqlite3_errmsg16#sqlite3.c#83318,sqlite3.c,83318,95058,3422,4003
sqlite3_set_errmsg#sqlite3.c#83290,sqlite3.c,83290,95047,3422,4003
aHardLimit#sqlite3.c#83435,sqlite3.c,83435,0,0,1
sqlite3LockAndPrepare#sqlite3.c#62997,sqlite3.c,62997,95032,3421,4002
sqlite3_prepare#sqlite3.c#63051,sqlite3.c,63051,95032,3421,4002
sqlite3_prepare_v3#sqlite3.c#63065,sqlite3.c,63065,95032,3421,4002
sqlite3Prepare16#sqlite3.c#63072,sqlite3.c,63072,95094,3424,4005
sqlite3_prepare16#sqlite3.c#63106,sqlite3.c,63106,95100,3425,4006
sqlite3_prepare16_v2#sqlite3.c#63113,sqlite3.c,63113,95100,3425,4006
sqlite3_prepare16_v3#sqlite3.c#63120,sqlite3.c,63120,95100,3425,4006
sqlite3VdbeExpandSql#sqlite3.c#35391,sqlite3.c,35391,95032,3421,4002
sqlite3Reprepare#sqlite3.c#63022,sqlite3.c,63022,95032,3421,4002
bindText#sqlite3.c#35054,sqlite3.c,35054,95032,3421,4002
sqlite3_bind_blob64#sqlite3.c#35092,sqlite3.c,35092,95036,3422,4003
vdbeUnbind#sqlite3.c#35026,sqlite3.c,35026,95032,3421,4002
sqlite3VdbeMemSetDouble#sqlite3.c#30868,sqlite3.c,30868,95032,3421,4002
getAbsoluteLevel#sqlite3.c#90353,sqlite3.c,90353,8,1,142
nodeGetRowid#sqlite3.c#99107,sqlite3.c,99107,7,2,144
sqlite3VdbeMemSetInt64#sqlite3.c#30843,sqlite3.c,30843,95032,3421,4002
sqlite3_bind_text16#sqlite3.c#35163,sqlite3.c,35163,95035,3422,4003
sqlite3_bind_zeroblob#sqlite3.c#35199,sqlite3.c,35199,95032,3421,4002
sqlite3VdbeMemSetPointer#sqlite3.c#30858,sqlite3.c,30858,160,16,298
sqlite3VdbeMemSetZeroBlob#sqlite3.c#30827,sqlite3.c,30827,162,15,297
sqlite3_bind_zeroblob64#sqlite3.c#35211,sqlite3.c,35211,95046,3422,4003
sqlite3VListNumToName#sqlite3.c#13044,sqlite3.c,13044,11,1,137
sqlite3VdbeParameterIndex#sqlite3.c#35237,sqlite3.c,35237,95032,3421,4002
sqlite3VdbeMemRelease#sqlite3.c#30575,sqlite3.c,30575,153,14,296
columnName#sqlite3.c#34968,sqlite3.c,34968,95032,3421,4002
sqlite3_column_name16#sqlite3.c#35014,sqlite3.c,35014,95035,3422,4003
sqlite3_column_decltype16#sqlite3.c#35022,sqlite3.c,35022,95035,3422,4003
sqlite3Step#sqlite3.c#34588,sqlite3.c,34588,95032,3421,4002
vdbeSafetyNotNull#sqlite3.c#34153,sqlite3.c,34153,95032,3421,4002
sqlite3_data_count#sqlite3.c#34856,sqlite3.c,34856,5,1,151
columnMem#sqlite3.c#34868,sqlite3.c,34868,95032,3421,4002
columnMallocFailure#sqlite3.c#34884,sqlite3.c,34884,95032,3421,4002
sqlite3_column_text16#sqlite3.c#34947,sqlite3.c,34947,95037,3422,4003
sqlite3_value_bytes16#sqlite3.c#34253,sqlite3.c,34253,95032,3421,4002
sqlite3_column_bytes16#sqlite3.c#34907,sqlite3.c,34907,95037,3422,4003
sqlite3VdbeDelete#sqlite3.c#33152,sqlite3.c,33152,937,68,373
vdbeSafety#sqlite3.c#34144,sqlite3.c,34144,95032,3421,4002
sqlite3VdbeReset#sqlite3.c#33081,sqlite3.c,33081,95032,3421,4002
sqlite3LeaveMutexAndCloseZombie#sqlite3.c#82740,sqlite3.c,82740,95032,3421,4002
invokeProfileCallback#sqlite3.c#34162,sqlite3.c,34162,32,3,140
sqlite3VdbeRewind#sqlite3.c#32515,sqlite3.c,32515,14,1,137
createFunctionApi#sqlite3.c#83025,sqlite3.c,83025,95032,3421,4002
rtreedepth#sqlite3.c#100981,sqlite3.c,100981,95032,3421,4002
rtreecheck#sqlite3.c#101238,sqlite3.c,101238,95032,3421,4002
fts3TokenizerFunc#sqlite3.c#89662,sqlite3.c,89662,95032,3421,4002
rtreenode#sqlite3.c#100945,sqlite3.c,100945,95032,3421,4002
sqlite3CreateFunc#sqlite3.c#82958,sqlite3.c,82958,95032,3421,4002
sqlite3Utf16to8#sqlite3.c#10379,sqlite3.c,10379,95047,3422,4003
sqlite3_create_function16#sqlite3.c#83063,sqlite3.c,83063,95059,3423,4004
geomCallback#sqlite3.c#101298,sqlite3.c,101298,95032,3421,4002
sqlite3InvalidFunction#sqlite3.c#83076,sqlite3.c,83076,95032,3421,4002
rtreeFreeCallback#sqlite3.c#101283,sqlite3.c,101283,55,8,290
sqlite3_create_function_v2#sqlite3.c#83055,sqlite3.c,83055,95032,3421,4002
sqlite3_aggregate_count#sqlite3.c#34845,sqlite3.c,34845,4,1,138
sqlite3_expired#sqlite3.c#34133,sqlite3.c,34133,30,4,160
sqlite3TransferBindings#sqlite3.c#35246,sqlite3.c,35246,175,16,298
sqlite3_transfer_bindings#sqlite3.c#35260,sqlite3.c,35260,191,17,299
sqlite3_memory_alarm#sqlite3.c#8310,sqlite3.c,8310,6,1,3
sqlite3VdbeMemExpandBlob#sqlite3.c#30449,sqlite3.c,30449,95032,3421,4002
sqlite3VdbeRealValue#sqlite3.c#30672,sqlite3.c,30672,95032,3421,4002
sqlite3VdbeIntValue#sqlite3.c#30593,sqlite3.c,30593,122,5,147
sqlite3_value_pointer#sqlite3.c#34274,sqlite3.c,34274,8,1,137
sqlite3_value_text16le#sqlite3.c#34295,sqlite3.c,34295,95035,3422,4003
sqlite3_value_text16be#sqlite3.c#34291,sqlite3.c,34291,95035,3422,4003
sqlite3ValueBytes#sqlite3.c#31332,sqlite3.c,31332,95032,3421,4002
applyNumericAffinity#sqlite3.c#35530,sqlite3.c,35530,95032,3421,4002
sqlite3_value_nochange#sqlite3.c#34309,sqlite3.c,34309,3,1,138
sqlite3_value_frombind#sqlite3.c#34313,sqlite3.c,34313,3,1,137
sqlite3_value_encoding#sqlite3.c#34305,sqlite3.c,34305,3,1,137
sqlite3_value_subtype#sqlite3.c#34269,sqlite3.c,34269,4,1,137
sqlite3VdbeMemMakeWriteable#sqlite3.c#30434,sqlite3.c,30434,95032,3421,4002
createAggContext#sqlite3.c#34775,sqlite3.c,34775,95032,3421,4002
sqlite3DbMallocZero#sqlite3.c#8651,sqlite3.c,8651,95032,3421,4002
jsonCacheDeleteGeneric#sqlite3.c#94971,sqlite3.c,94971,150,16,316
sqlite3RowSetClear#sqlite3.c#18123,sqlite3.c,18123,118,12,310
sqlite3PagerGetData#sqlite3.c#21181,sqlite3.c,21181,4,1,138
setResultStrOrError#sqlite3.c#34343,sqlite3.c,34343,95032,3421,4002
statAccumDestructor#sqlite3.c#50317,sqlite3.c,50317,108,12,310
invokeValueDestructor#sqlite3.c#34370,sqlite3.c,34370,95032,3421,4002
sqlite3VdbeMemSetStr#sqlite3.c#30945,sqlite3.c,30945,95032,3421,4002
sqlite3_result_error16#sqlite3.c#34409,sqlite3.c,34409,95037,3422,4003
sqlite3_result_error_toobig#sqlite3.c#34522,sqlite3.c,34522,95032,3421,4002
sqlite3VdbeMemSetNull#sqlite3.c#30815,sqlite3.c,30815,144,13,295
sqlite3CorruptError#sqlite3.c#83917,sqlite3.c,83917,95032,3421,4002
sqlite3Utf8Read#sqlite3.c#10202,sqlite3.c,10202,12,1,4
readInt16#sqlite3.c#98842,sqlite3.c,98842,3,1,8
patternCompare#sqlite3.c#55981,sqlite3.c,55981,118,2,11
sqlite3RCStrUnref#sqlite3.c#10018,sqlite3.c,10018,61,8,292
sqlite3OpcodeName#sqlite3.c#13238,sqlite3.c,13238,5,1,6
jsonbType#sqlite3.c#94892,sqlite3.c,94892,0,0,1
sqlite3VdbeMemZeroTerminateIfAble#sqlite3.c#30399,sqlite3.c,30399,84,9,293
sqlite3RCStrRef#sqlite3.c#10010,sqlite3.c,10010,7,1,141
sqlite3_result_text16#sqlite3.c#34473,sqlite3.c,34473,95036,3422,4003
sqlite3VdbeMemTooBig#sqlite3.c#30890,sqlite3.c,30890,11,1,137
sqlite3VdbeMemCopy#sqlite3.c#30920,sqlite3.c,30920,95032,3421,4002
sqlite3VdbeChangeEncoding#sqlite3.c#30326,sqlite3.c,30326,95032,3421,4002
rtreeMatchArgFree#sqlite3.c#101289,sqlite3.c,101289,169,17,304
sqlite3_result_pointer#sqlite3.c#34430,sqlite3.c,34430,190,21,308
sqlite3_result_zeroblob64#sqlite3.c#34503,sqlite3.c,34503,95032,3421,4002
sqlite3_result_subtype#sqlite3.c#34439,sqlite3.c,34439,95032,3421,4002
createCollation#sqlite3.c#83391,sqlite3.c,83391,95032,3421,4002
sqlite3_create_collation16#sqlite3.c#83816,sqlite3.c,83816,95061,3423,4004
sqlite3_collation_needed16#sqlite3.c#83840,sqlite3.c,83840,28,4,159
sqlite3OsSleep#sqlite3.c#7520,sqlite3.c,7520,3,1,137
sqlite3_db_name#sqlite3.c#84359,sqlite3.c,84359,29,4,159
sqlite3DbNameToBtree#sqlite3.c#84354,sqlite3.c,84354,52,5,176
sqlite3BtreeGetFilename#sqlite3.c#29723,sqlite3.c,29723,95032,3421,4002
sqlite3BtreeIsReadonly#sqlite3.c#29857,sqlite3.c,29857,3,1,137
sqlite3FindDbName#sqlite3.c#51834,sqlite3.c,51834,48,4,175
sqlite3BtreeTxnState#sqlite3.c#29733,sqlite3.c,29733,4,1,137
sqlite3_next_stmt#sqlite3.c#35323,sqlite3.c,35323,31,4,162
sqlite3_commit_hook#sqlite3.c#83131,sqlite3.c,83131,29,4,159
sqlite3_rollback_hook#sqlite3.c#83151,sqlite3.c,83151,29,4,159
sqlite3_update_hook#sqlite3.c#83141,sqlite3.c,83141,29,4,159
sqlite3_enable_shared_cache#sqlite3.c#23422,sqlite3.c,23422,4,1,16
sqlite3BtreeEnterAll#sqlite3.c#23392,sqlite3.c,23392,99,10,165
sqlite3BtreePager#sqlite3.c#29272,sqlite3.c,29272,3,1,137
sqlite3BtreeLeaveAll#sqlite3.c#23406,sqlite3.c,23406,45,6,161
sqlite3PagerShrink#sqlite3.c#19571,sqlite3.c,19571,7,2,143
sqlite3_db_release_memory#sqlite3.c#82456,sqlite3.c,82456,146,17,172
sqlite3StatusValue#sqlite3.c#5867,sqlite3.c,5867,7,1,8
sqlite3_release_memory#sqlite3.c#8294,sqlite3.c,8294,4,1,1
sqlite3_soft_heap_limit64#sqlite3.c#8317,sqlite3.c,8317,95032,3421,4002
sqlite3_hard_heap_limit64#sqlite3.c#8346,sqlite3.c,8346,95032,3421,4002
sqlite3_soft_heap_limit#sqlite3.c#8341,sqlite3.c,8341,95036,3422,4003
sqlite3FindTable#sqlite3.c#51460,sqlite3.c,51460,131,7,168
sqlite3MPrintf#sqlite3.c#9935,sqlite3.c,9935,95032,3421,4002
sqlite3ColumnColl#sqlite3.c#51723,sqlite3.c,51723,10,1,137
sqlite3ColumnType#sqlite3.c#11879,sqlite3.c,11879,10,1,138
sqlite3IsRowid#sqlite3.c#45598,sqlite3.c,45598,25,2,151
sqlite3Init#sqlite3.c#62750,sqlite3.c,62750,95032,3421,4002
sqlite3ColumnIndex#sqlite3.c#63277,sqlite3.c,63277,51,3,152
sqlite3StrBINARY#sqlite3.c#5463,sqlite3.c,5463,0,0,1
sqlite3LoadExtension#sqlite3.c#60477,sqlite3.c,60477,95032,3421,4002
sqlite3_auto_extension#sqlite3.c#60619,sqlite3.c,60619,95062,3422,4003
sqlite3_cancel_auto_extension#sqlite3.c#60650,sqlite3.c,60650,37,4,160
createModule#sqlite3.c#70191,sqlite3.c,70191,95032,3421,4002
hashDestroy#sqlite3.c#86867,sqlite3.c,86867,79,10,293
sqlite3_create_module_v2#sqlite3.c#70205,sqlite3.c,70205,95032,3421,4002
sqlite3_drop_modules#sqlite3.c#70209,sqlite3.c,70209,95048,3422,4003
sqlite3ParseObjectReset#sqlite3.c#62838,sqlite3.c,62838,730,53,357
sqlite3ParseObjectInit#sqlite3.c#62881,sqlite3.c,62881,95032,3421,4002
sqlite3GetToken#sqlite3.c#81545,sqlite3.c,81545,461,2,15
sqlite3ExprListDelete#sqlite3.c#45226,sqlite3.c,45226,708,52,356
zDbstatSchema#sqlite3.c#101352,sqlite3.c,101352,0,0,1
sqlite3PrimaryKeyIndex#sqlite3.c#51905,sqlite3.c,51905,5,1,137
sqlite3RunParser#sqlite3.c#81842,sqlite3.c,81842,95032,3421,4002
sqlite3DeleteTable#sqlite3.c#51789,sqlite3.c,51789,708,52,356
sqlite3FindFunction#sqlite3.c#54971,sqlite3.c,54971,95032,3421,4002
sqlite3LocateTable#sqlite3.c#51508,sqlite3.c,51508,95032,3421,4002
sqlite3VdbeAddOpList#sqlite3.c#31757,sqlite3.c,31757,95032,3421,4002
sqlite3OpenTempDatabase#sqlite3.c#54479,sqlite3.c,54479,95032,3421,4002
sqlite3VdbeMakeReady#sqlite3.c#32530,sqlite3.c,32530,95032,3421,4002
sqlite3VdbeAddOp4Int#sqlite3.c#31495,sqlite3.c,31495,95032,3421,4002
sqlite3VdbeChangeP4#sqlite3.c#31952,sqlite3.c,31952,95032,3421,4002
blobSeekToRow#sqlite3.c#39947,sqlite3.c,39947,95032,3421,4002
sqlite3VdbeUsesBtree#sqlite3.c#32247,sqlite3.c,32247,11,2,138
sqlite3VdbeChangeP5#sqlite3.c#31805,sqlite3.c,31805,4,1,147
sqlite3ErrorMsg#sqlite3.c#11955,sqlite3.c,11955,95032,3421,4002
sqlite3SchemaToIndex#sqlite3.c#62823,sqlite3.c,62823,14,1,137
sqlite3VdbeCreate#sqlite3.c#31356,sqlite3.c,31356,95032,3421,4002
sqlite3_blob_open#sqlite3.c#39997,sqlite3.c,39997,95032,3421,4002
sqlite3_blob_reopen#sqlite3.c#40202,sqlite3.c,40202,95032,3421,4002
sqlite3_blob_close#sqlite3.c#40141,sqlite3.c,40141,95032,3421,4002
sqlite3_blob_bytes#sqlite3.c#40197,sqlite3.c,40197,4,1,145
blobReadWrite#sqlite3.c#40158,sqlite3.c,40158,95032,3421,4002
sqlite3BtreePayloadChecked#sqlite3.c#26292,sqlite3.c,26292,95032,3421,4002
sqlite3_blob_read#sqlite3.c#40189,sqlite3.c,40189,95032,3421,4002
sqlite3BtreePutData#sqlite3.c#29799,sqlite3.c,29799,95032,3421,4002
sqlite3_blob_write#sqlite3.c#40193,sqlite3.c,40193,95035,3422,4003
vfsUnlink#sqlite3.c#7590,sqlite3.c,7590,15,1,5
sqlite3MutexInit#sqlite3.c#7729,sqlite3.c,7729,256,33,318
sqlite3_mutex_free#sqlite3.c#7780,sqlite3.c,7780,6,1,148
sqlite3_mutex_try#sqlite3.c#7794,sqlite3.c,7794,8,1,142
sqlite3_db_mutex#sqlite3.c#82452,sqlite3.c,82452,3,1,137
sqlite3BtreeSetPageSize#sqlite3.c#25070,sqlite3.c,25070,95032,3421,4002
sqlite3BtreeEnter#sqlite3.c#23327,sqlite3.c,23327,82,8,163
sqlite3OsFileControl#sqlite3.c#7420,sqlite3.c,7420,4,1,140
sqlite3PagerJrnlFile#sqlite3.c#21106,sqlite3.c,21106,6,2,138
sqlite3BtreeLeave#sqlite3.c#23366,sqlite3.c,23366,33,4,159
sqlite3BtreeGetRequestedReserve#sqlite3.c#25113,sqlite3.c,25113,106,11,166
sqlite3BtreeClearCache#sqlite3.c#29863,sqlite3.c,29863,119,10,151
sqlite3PagerFile#sqlite3.c#21102,sqlite3.c,21102,6,2,138
sqlite3PagerDataVersion#sqlite3.c#18784,sqlite3.c,18784,3,1,137
sqlite3PagerVfs#sqlite3.c#21098,sqlite3.c,21098,3,1,137
sqlite3PrngSaveState#sqlite3.c#10121,sqlite3.c,10121,3,1,7
sqlite3PrngRestoreState#sqlite3.c#10125,sqlite3.c,10125,3,1,7
sqlite3LogEstToInt#sqlite3.c#13009,sqlite3.c,13009,9,1,137
sqlite3PendingByte#sqlite3.c#5455,sqlite3.c,5455,0,0,1
sqlite3ResultIntReal#sqlite3.c#34562,sqlite3.c,34562,7,1,138
sqlite3BenignMallocHooks#sqlite3.c#7643,sqlite3.c,7643,5,1,2
sqlite3ResetAllSchemasOfConnection#sqlite3.c#51659,sqlite3.c,51659,962,73,377
sqlite3LogEstFromDouble#sqlite3.c#12998,sqlite3.c,12998,22,2,151
sqlite3LogEst#sqlite3.c#12985,sqlite3.c,12985,12,1,150
sqlite3FaultSim#sqlite3.c#11854,sqlite3.c,11854,4,1,16
sqlite3BitvecBuiltinTest#sqlite3.c#16934,sqlite3.c,16934,95032,3421,4002
sqlite3AtoF#sqlite3.c#12240,sqlite3.c,12240,198,7,145
aKWOffset#sqlite3.c#81316,sqlite3.c,81316,0,0,1
aKWLen#sqlite3.c#81314,sqlite3.c,81314,0,0,1
sqlite3KeywordCode#sqlite3.c#81486,sqlite3.c,81486,170,2,15
sqlite3_result_str#sqlite3.c#34535,sqlite3.c,34535,95032,3421,4002
rtreeTokenLength#sqlite3.c#100846,sqlite3.c,100846,465,3,16
daysAfterMonday#sqlite3.c#7111,sqlite3.c,7111,4,1,4
daysAfterSunday#sqlite3.c#7116,sqlite3.c,7116,4,1,4
daysAfterJan01#sqlite3.c#7099,sqlite3.c,7099,53,3,6
pragCName#sqlite3.c#60710,sqlite3.c,60710,0,0,1
getTextArg#sqlite3.c#8891,sqlite3.c,8891,95032,3421,4002
aDigits#sqlite3.c#8864,sqlite3.c,8864,0,0,1
sqlite3StrAppendchar64#sqlite3.c#9776,sqlite3.c,9776,95032,3421,4002
sqlite3FpDecode#sqlite3.c#12545,sqlite3.c,12545,247,9,15
sqlite3RecordErrorOffsetOfExpr#sqlite3.c#9707,sqlite3.c,9707,8,1,138
sqlite3StrAppend64#sqlite3.c#9807,sqlite3.c,9807,95032,3421,4002
aHex#sqlite3.c#8866,sqlite3.c,8866,0,0,1
sqlite3RecordErrorByteOffset#sqlite3.c#9690,sqlite3.c,9690,16,1,139
getDoubleArg#sqlite3.c#8886,sqlite3.c,8886,95032,3421,4002
getIntArg#sqlite3.c#8881,sqlite3.c,8881,95032,3421,4002
sqlite3DbMallocSize#sqlite3.c#8478,sqlite3.c,8478,16,1,144
sqlite3StrAccumSetError#sqlite3.c#8874,sqlite3.c,8874,128,14,313
sqlite3AppendOneUtf8Character#sqlite3.c#10179,sqlite3.c,10179,22,1,3
sqlite3StrAccumEnlarge#sqlite3.c#9716,sqlite3.c,9716,95032,3421,4002
sqlite3StrAccumEnlargeIfNeeded#sqlite3.c#9761,sqlite3.c,9761,95032,3421,4002
printfTempBuf#sqlite3.c#8896,sqlite3.c,8896,95032,3421,4002
enlargeAndAppend#sqlite3.c#9784,sqlite3.c,9784,95032,3421,4002
explainIndexColumnName#sqlite3.c#71282,sqlite3.c,71282,6,1,147
sqlite3_status#sqlite3.c#5927,sqlite3.c,5927,95042,3422,4003
sqlite3Pcache1Mutex#sqlite3.c#18079,sqlite3.c,18079,3,1,12
sqlite3MallocMutex#sqlite3.c#8306,sqlite3.c,8306,3,1,6
statMutex#sqlite3.c#5864,sqlite3.c,5864,0,0,1
sqlite3BtreeConnectionCount#sqlite3.c#29874,sqlite3.c,29874,4,1,137
sqlite3PagerCacheStat#sqlite3.c#20994,sqlite3.c,20994,11,1,140
sqlite3BtreeGetPageSize#sqlite3.c#25102,sqlite3.c,25102,3,1,137
sqlite3LookasideUsed#sqlite3.c#5947,sqlite3.c,5947,17,2,138
sqlite3DeleteTrigger#sqlite3.c#68456,sqlite3.c,68456,746,56,360
sqlite3PagerMemUsed#sqlite3.c#20985,sqlite3.c,20985,12,3,144
checkReadTransaction#sqlite3.c#29924,sqlite3.c,29924,95039,3422,4003
sqlite3MallocZero#sqlite3.c#8643,sqlite3.c,8643,117,12,178
findBtree#sqlite3.c#29895,sqlite3.c,29895,95032,3421,4002
sqlite3PagerPagecount#sqlite3.c#19697,sqlite3.c,19697,5,1,137
sqlite3PagerWrite#sqlite3.c#20782,sqlite3.c,20782,95032,3421,4002
sqlite3BtreeLastPage#sqlite3.c#24666,sqlite3.c,24666,7,2,141
sqlite3BtreeBeginTrans#sqlite3.c#25431,sqlite3.c,25431,95032,3421,4002
backupOnePage#sqlite3.c#29973,sqlite3.c,29973,95032,3421,4002
attachBackupObject#sqlite3.c#30015,sqlite3.c,30015,14,3,139
sqlite3PagerCommitPhaseOne#sqlite3.c#20874,sqlite3.c,20874,95032,3421,4002
sqlite3PagerTruncateImage#sqlite3.c#19712,sqlite3.c,19712,5,1,138
sqlite3BtreeSetVersion#sqlite3.c#29829,sqlite3.c,29829,95032,3421,4002
sqlite3BtreeCommitPhaseTwo#sqlite3.c#25801,sqlite3.c,25801,95032,3421,4002
sqlite3PagerGetJournalMode#sqlite3.c#21253,sqlite3.c,21253,6,2,138
sqlite3PagerUnref#sqlite3.c#20548,sqlite3.c,20548,90,7,148
setDestPgsz#sqlite3.c#29920,sqlite3.c,29920,95032,3421,4002
sqlite3PagerSync#sqlite3.c#20849,sqlite3.c,20849,19,3,144
backupTruncateFile#sqlite3.c#30006,sqlite3.c,30006,15,3,140
sqlite3PagerIsMemdb#sqlite3.c#21006,sqlite3.c,21006,6,2,138
sqlite3PagerGet#sqlite3.c#20522,sqlite3.c,20522,6,2,143
sqlite3BtreeNewDb#sqlite3.c#25320,sqlite3.c,25320,95032,3421,4002
isFatalError#sqlite3.c#29969,sqlite3.c,29969,3,1,137
sqlite3BtreeCommitPhaseOne#sqlite3.c#25758,sqlite3.c,25758,95032,3421,4002
sqlite3BtreeUpdateMeta#sqlite3.c#29214,sqlite3.c,29214,95032,3421,4002
sqlite3OsWrite#sqlite3.c#7385,sqlite3.c,7385,95032,3421,4002
sqlite3PagerBackupPtr#sqlite3.c#21272,sqlite3.c,21272,6,2,138
sqlite3BtreeRollback#sqlite3.c#25870,sqlite3.c,25870,95032,3421,4002
sqlite3_backup_remaining#sqlite3.c#30236,sqlite3.c,30236,3,1,137
sqlite3_backup_pagecount#sqlite3.c#30240,sqlite3.c,30240,3,1,137
sqlite3StrICmp#sqlite3.c#12071,sqlite3.c,12071,19,1,150
sqlite3StdType#sqlite3.c#5470,sqlite3.c,5470,0,0,1
NanInfName#sqlite3.c#95461,sqlite3.c,95461,0,0,1
aXformType#sqlite3.c#6616,sqlite3.c,6616,0,0,1
sqlite3MemSize#sqlite3.c#7685,sqlite3.c,7685,7,1,3
renderLogMsg#sqlite3.c#9986,sqlite3.c,9986,95032,3421,4002
sqlite3_log#sqlite3.c#9994,sqlite3.c,9994,95032,3421,4002
sqlite3WalDefaultHook#sqlite3.c#83173,sqlite3.c,83173,95032,3421,4002
sqlite3_wal_hook#sqlite3.c#83191,sqlite3.c,83191,95032,3421,4002
sqlite3_wal_autocheckpoint#sqlite3.c#83182,sqlite3.c,83182,95032,3421,4002
sqlite3_wal_checkpoint_v2#sqlite3.c#83201,sqlite3.c,83201,95032,3421,4002
sqlite3_wal_checkpoint#sqlite3.c#83236,sqlite3.c,83236,95032,3421,4002
sqlite3Checkpoint#sqlite3.c#83240,sqlite3.c,83240,95032,3421,4002
termFromWhereClause#sqlite3.c#74736,sqlite3.c,74736,8,1,150
sqlite3ExprCompareCollSeq#sqlite3.c#44097,sqlite3.c,44097,95032,3421,4002
sqlite3_vtab_distinct#sqlite3.c#76117,sqlite3.c,76117,5,1,150
sqlite3_vtab_in#sqlite3.c#76082,sqlite3.c,76082,13,1,150
valueFromValueList#sqlite3.c#34711,sqlite3.c,34711,95076,3422,4003
sqlite3_vtab_in_first#sqlite3.c#34756,sqlite3.c,34756,95079,3423,4004
sqlite3_vtab_in_next#sqlite3.c#34760,sqlite3.c,34760,95079,3423,4004
sqlite3ValueFromExpr#sqlite3.c#31314,sqlite3.c,31314,95032,3421,4002
sqlite3_vtab_rhs_value#sqlite3.c#76096,sqlite3.c,76096,95052,3422,4003
sqlite3PagerFlush#sqlite3.c#20023,sqlite3.c,20023,95047,3422,4003
sqlite3_db_cacheflush#sqlite3.c#82472,sqlite3.c,82472,95068,3423,4004
sqlite3_system_errno#sqlite3.c#83377,sqlite3.c,83377,29,4,159
memdbFromDbSchema#sqlite3.c#16624,sqlite3.c,16624,95044,3422,4003
sqlite3_serialize#sqlite3.c#16637,sqlite3.c,16637,95117,3423,4004
sqlite3_rtree_geometry_callback#sqlite3.c#101327,sqlite3.c,101327,95042,3422,4003
sqlite3_rtree_query_callback#sqlite3.c#101338,sqlite3.c,101338,95045,3422,4003
sqlite3HashInit#sqlite3.c#13069,sqlite3.c,13069,7,1,137
findElementWithHash#sqlite3.c#13147,sqlite3.c,13147,53,3,152
removeElement#sqlite3.c#13174,sqlite3.c,13174,91,9,290
insertElement#sqlite3.c#13102,sqlite3.c,13102,22,1,3
rehash#sqlite3.c#13125,sqlite3.c,13125,191,18,302
sqlite3HashInsert#sqlite3.c#13207,sqlite3.c,13207,315,24,310
sqlite3HashFind#sqlite3.c#13201,sqlite3.c,13201,58,4,153
sqlite3HashClear#sqlite3.c#13077,sqlite3.c,13077,65,8,289
sqlite3OsInit#sqlite3.c#7566,sqlite3.c,7566,95032,3421,4002
sqlite3OsClose#sqlite3.c#7373,sqlite3.c,7373,6,1,137
sqlite3OsRead#sqlite3.c#7380,sqlite3.c,7380,4,1,138
sqlite3OsTruncate#sqlite3.c#7390,sqlite3.c,7390,3,1,138
sqlite3OsSync#sqlite3.c#7394,sqlite3.c,7394,4,1,139
sqlite3OsFileSize#sqlite3.c#7399,sqlite3.c,7399,4,1,137
sqlite3OsLock#sqlite3.c#7404,sqlite3.c,7404,5,1,137
sqlite3OsUnlock#sqlite3.c#7410,sqlite3.c,7410,4,1,137
sqlite3OsCheckReservedLock#sqlite3.c#7415,sqlite3.c,7415,4,1,137
sqlite3OsFileControlHint#sqlite3.c#7425,sqlite3.c,7425,3,1,140
sqlite3OsSectorSize#sqlite3.c#7429,sqlite3.c,7429,4,1,14
sqlite3OsDeviceCharacteristics#sqlite3.c#7434,sqlite3.c,7434,4,1,137
sqlite3OsShmMap#sqlite3.c#7451,sqlite3.c,7451,4,1,25
sqlite3OsShmLock#sqlite3.c#7439,sqlite3.c,7439,3,1,24
sqlite3OsShmBarrier#sqlite3.c#7443,sqlite3.c,7443,3,1,24
sqlite3OsShmUnmap#sqlite3.c#7447,sqlite3.c,7447,3,1,24
sqlite3OsFetch#sqlite3.c#7456,sqlite3.c,7456,4,1,137
sqlite3OsUnfetch#sqlite3.c#7461,sqlite3.c,7461,3,1,137
sqlite3OsOpen#sqlite3.c#7465,sqlite3.c,7465,8,1,140
sqlite3OsDelete#sqlite3.c#7474,sqlite3.c,7474,5,1,137
sqlite3OsAccess#sqlite3.c#7480,sqlite3.c,7480,4,1,137
sqlite3OsFullPathname#sqlite3.c#7485,sqlite3.c,7485,5,1,4
sqlite3OsDlOpen#sqlite3.c#7491,sqlite3.c,7491,5,1,4
sqlite3OsDlError#sqlite3.c#7497,sqlite3.c,7497,3,1,4
sqlite3OsDlClose#sqlite3.c#7505,sqlite3.c,7505,3,1,137
sqlite3OsGetLastError#sqlite3.c#7524,sqlite3.c,7524,3,1,137
sqlite3RealToI64#sqlite3.c#30736,sqlite3.c,30736,5,1,137
sqlite3OsCurrentTimeInt64#sqlite3.c#7528,sqlite3.c,7528,16,2,139
sqlite3OsOpenMalloc#sqlite3.c#7540,sqlite3.c,7540,170,17,304
sqlite3OsCloseFree#sqlite3.c#7560,sqlite3.c,7560,61,9,290
setSectorSize#sqlite3.c#19206,sqlite3.c,19206,26,4,140
sqlite3PagerSetPagesize#sqlite3.c#19629,sqlite3.c,19629,95032,3421,4002
pageReinit#sqlite3.c#24741,sqlite3.c,24741,95032,3421,4002
sqlite3PcacheOpen#sqlite3.c#17098,sqlite3.c,17098,95032,3421,4002
sqlite3JournalSize#sqlite3.c#42296,sqlite3.c,42296,3,1,18
sqlite3PagerSetFlags#sqlite3.c#19575,sqlite3.c,19575,35,1,137
setGetterMethod#sqlite3.c#18503,sqlite3.c,18503,95032,3421,4002
sqlite3PageFree#sqlite3.c#17687,sqlite3.c,17687,79,9,291
sqlite3CantopenError#sqlite3.c#83927,sqlite3.c,83927,95032,3421,4002
pagerStress#sqlite3.c#19988,sqlite3.c,19988,95032,3421,4002
sqlite3PcacheSize#sqlite3.c#17096,sqlite3.c,17096,1,1,137
sqlite3PagerOpen#sqlite3.c#20039,sqlite3.c,20039,95032,3421,4002
pager_error#sqlite3.c#18865,sqlite3.c,18865,95032,3421,4002
sqlite3BeginBenignMalloc#sqlite3.c#7649,sqlite3.c,7649,6,1,2
sqlite3PcacheClose#sqlite3.c#17335,sqlite3.c,17335,5,1,142
databaseIsUnmoved#sqlite3.c#19778,sqlite3.c,19778,18,2,141
pager_reset#sqlite3.c#18778,sqlite3.c,18778,106,7,148
pagerSyncHotJournal#sqlite3.c#19718,sqlite3.c,19718,18,3,141
pager_unlock#sqlite3.c#18816,sqlite3.c,18816,95032,3421,4002
sqlite3WalClose#sqlite3.c#22276,sqlite3.c,22276,95032,3421,4002
pagerUnlockAndRollback#sqlite3.c#18955,sqlite3.c,18955,95032,3421,4002
pagerFreeMapHdrs#sqlite3.c#19769,sqlite3.c,19769,58,8,289
sqlite3EndBenignMalloc#sqlite3.c#7656,sqlite3.c,7656,6,1,2
sqlite3PagerClose#sqlite3.c#19793,sqlite3.c,19793,95032,3421,4002
sqlite3PagerReadFileheader#sqlite3.c#19683,sqlite3.c,19683,17,2,139
btreeInvokeBusyHandler#sqlite3.c#24754,sqlite3.c,24754,17,2,138
sqlite3PagerSetBusyHandler#sqlite3.c#19619,sqlite3.c,19619,29,4,143
pagerFixMaplimit#sqlite3.c#19555,sqlite3.c,19555,95032,3421,4002
sqlite3PcacheRefCount#sqlite3.c#17408,sqlite3.c,17408,3,1,137
sqlite3PcacheSetPageSize#sqlite3.c#17113,sqlite3.c,17113,26,2,143
sqlite3PageMalloc#sqlite3.c#17682,sqlite3.c,17682,143,13,175
sqlite3PagerMaxPageCount#sqlite3.c#19675,sqlite3.c,19675,7,1,137
sqlite3PcacheSetCachesize#sqlite3.c#17421,sqlite3.c,17421,15,2,143
sqlite3PagerSetCachesize#sqlite3.c#19547,sqlite3.c,19547,18,3,144
sqlite3PcacheSetSpillsize#sqlite3.c#17427,sqlite3.c,17427,23,2,138
sqlite3PagerSetSpillsize#sqlite3.c#19551,sqlite3.c,19551,26,3,139
sqlite3PagerSetMmapLimit#sqlite3.c#19566,sqlite3.c,19566,95032,3421,4002
sqlite3PcacheShrink#sqlite3.c#17441,sqlite3.c,17441,4,1,142
sqlite3WalHeapMemory#sqlite3.c#23157,sqlite3.c,23157,3,1,137
sqlite3PagerLockingMode#sqlite3.c#21190,sqlite3.c,21190,13,2,138
sqlite3PagerSharedLock#sqlite3.c#20283,sqlite3.c,20283,95032,3421,4002
pagerUnlockDb#sqlite3.c#18545,sqlite3.c,18545,19,2,138
pagerLockDb#sqlite3.c#18561,sqlite3.c,18561,16,2,138
sqlite3PagerSetJournalMode#sqlite3.c#21201,sqlite3.c,21201,95032,3421,4002
sqlite3PagerOkToChangeJournalMode#sqlite3.c#21257,sqlite3.c,21257,6,1,137
sqlite3WalLimit#sqlite3.c#21958,sqlite3.c,21958,3,1,137
sqlite3PagerJournalSizeLimit#sqlite3.c#21264,sqlite3.c,21264,10,2,138
sqlite3PcacheDirtyList#sqlite3.c#17400,sqlite3.c,17400,60,3,140
sqlite3PcacheFetch#sqlite3.c#17130,sqlite3.c,17130,16,1,142
sqlite3PcacheFetchFinish#sqlite3.c#17189,sqlite3.c,17189,28,2,138
sqlite3PagerLookup#sqlite3.c#20526,sqlite3.c,20526,54,4,145
sqlite3PcacheRef#sqlite3.c#17215,sqlite3.c,17215,6,1,137
sqlite3PagerRef#sqlite3.c#19832,sqlite3.c,19832,9,2,138
sqlite3PagerUnrefNotNull#sqlite3.c#20537,sqlite3.c,20537,87,6,147
sqlite3PcacheRelease#sqlite3.c#17202,sqlite3.c,17202,66,3,144
pagerReleaseMapPage#sqlite3.c#19760,sqlite3.c,19760,11,2,138
pagerUnlockIfUnused#sqlite3.c#20384,sqlite3.c,20384,95032,3421,4002
sqlite3PagerUnrefPageOne#sqlite3.c#20552,sqlite3.c,20552,95032,3421,4002
subjournalPageIfRequired#sqlite3.c#19980,sqlite3.c,19980,95032,3421,4002
pager_write#sqlite3.c#20682,sqlite3.c,20682,95032,3421,4002
pagerWriteLargeSector#sqlite3.c#20722,sqlite3.c,20722,95032,3421,4002
sqlite3PagerDontWrite#sqlite3.c#20800,sqlite3.c,20800,10,1,137
sqlite3PcacheDrop#sqlite3.c#17222,sqlite3.c,17222,56,2,143
sqlite3BitvecClear#sqlite3.c#16885,sqlite3.c,16885,33,1,137
sqlite3PcacheMove#sqlite3.c#17287,sqlite3.c,17287,78,3,144
sqlite3PcacheMakeDirty#sqlite3.c#17232,sqlite3.c,17232,62,2,138
sqlite3PagerMovepage#sqlite3.c#21114,sqlite3.c,21114,95032,3421,4002
sqlite3PcachePageRefcount#sqlite3.c#17412,sqlite3.c,17412,3,1,137
sqlite3PagerPageRefcount#sqlite3.c#20990,sqlite3.c,20990,6,2,138
sqlite3PagerGetExtra#sqlite3.c#21186,sqlite3.c,21186,3,1,137
sqlite3WalExclusiveMode#sqlite3.c#23129,sqlite3.c,23129,42,4,143
pager_wait_on_lock#sqlite3.c#19703,sqlite3.c,19703,24,3,139
sqlite3WalBeginWriteTransaction#sqlite3.c#22700,sqlite3.c,22700,44,5,141
sqlite3TempInMemory#sqlite3.c#83263,sqlite3.c,83263,3,1,137
sqlite3PagerBegin#sqlite3.c#20614,sqlite3.c,20614,146,13,152
pagerFlushOnCommit#sqlite3.c#18879,sqlite3.c,18879,23,3,139
pager_truncate#sqlite3.c#19165,sqlite3.c,19165,95032,3421,4002
writeSuperJournal#sqlite3.c#18747,sqlite3.c,18747,95032,3421,4002
sqlite3BackupRestart#sqlite3.c#30266,sqlite3.c,30266,7,1,137
pager_write_pagelist#sqlite3.c#19893,sqlite3.c,19893,95032,3421,4002
pagerWalFrames#sqlite3.c#19390,sqlite3.c,19390,95032,3421,4002
pager_incr_changecounter#sqlite3.c#20811,sqlite3.c,20811,95032,3421,4002
syncJournal#sqlite3.c#19836,sqlite3.c,19836,95032,3421,4002
sqlite3PcacheCleanAll#sqlite3.c#17262,sqlite3.c,17262,74,4,145
sqlite3PagerExclusiveLock#sqlite3.c#20861,sqlite3.c,20861,36,4,140
pager_end_transaction#sqlite3.c#18886,sqlite3.c,18886,95032,3421,4002
sqlite3PagerCommitPhaseTwo#sqlite3.c#20937,sqlite3.c,20937,95032,3421,4002
sqlite3PagerSavepoint#sqlite3.c#21057,sqlite3.c,21057,95032,3421,4002
pager_playback#sqlite3.c#19215,sqlite3.c,19215,95032,3421,4002
sqlite3PagerRollback#sqlite3.c#20953,sqlite3.c,20953,95032,3421,4002
pagerOpenSavepoint#sqlite3.c#21010,sqlite3.c,21010,239,19,303
sqlite3PagerOpenSavepoint#sqlite3.c#21047,sqlite3.c,21047,248,20,304
pagerPlaybackSavepoint#sqlite3.c#19483,sqlite3.c,19483,95032,3421,4002
sqlite3JournalIsInMemory#sqlite3.c#42292,sqlite3.c,42292,95032,3421,4002
sqlite3BitvecDestroy#sqlite3.c#16919,sqlite3.c,16919,60,8,289
hasHotJournal#sqlite3.c#20229,sqlite3.c,20229,162,16,157
pagerBeginReadTransaction#sqlite3.c#19421,sqlite3.c,19421,95032,3421,4002
pagerOpenWalIfPresent#sqlite3.c#19457,sqlite3.c,19457,95032,3421,4002
pagerPagecount#sqlite3.c#19435,sqlite3.c,19435,31,3,139
sqlite3WalCheckpoint#sqlite3.c#23049,sqlite3.c,23049,95032,3421,4002
sqlite3PagerCheckpoint#sqlite3.c#21281,sqlite3.c,21281,95032,3421,4002
sqlite3PagerWalSupported#sqlite3.c#21296,sqlite3.c,21296,5,1,137
sqlite3WalCallback#sqlite3.c#23120,sqlite3.c,23120,8,1,137
sqlite3PagerWalCallback#sqlite3.c#21292,sqlite3.c,21292,14,3,139
pagerOpenWal#sqlite3.c#21314,sqlite3.c,21314,95032,3421,4002
sqlite3PagerOpenWal#sqlite3.c#21328,sqlite3.c,21328,95032,3421,4002
pagerExclusiveLock#sqlite3.c#21302,sqlite3.c,21302,46,5,141
sqlite3PagerCloseWal#sqlite3.c#21349,sqlite3.c,21349,95032,3421,4002
sqlite3WalFindFrame#sqlite3.c#22673,sqlite3.c,22673,95032,3421,4002
sqlite3PCacheIsDirty#sqlite3.c#17456,sqlite3.c,17456,3,1,137
sqlite3PagerDirectReadOk#sqlite3.c#18480,sqlite3.c,18480,95032,3421,4002
sqlite3PagerIsreadonly#sqlite3.c#20981,sqlite3.c,20981,3,1,137
sqlite3PcachePagecount#sqlite3.c#17416,sqlite3.c,17416,4,1,142
sqlite3IsMemdb#sqlite3.c#16764,sqlite3.c,16764,95032,3421,4002
sqlite3PagerFilename#sqlite3.c#21089,sqlite3.c,21089,95032,3421,4002
sqlite3WalFile#sqlite3.c#23161,sqlite3.c,23161,3,1,137
sqlite3PagerJournalname#sqlite3.c#21110,sqlite3.c,21110,3,1,137
sqlite3PagerTempSpace#sqlite3.c#19671,sqlite3.c,19671,3,1,137
sqlite3PagerClearCache#sqlite3.c#21276,sqlite3.c,21276,113,9,150
sqlite3SectorSize#sqlite3.c#19195,sqlite3.c,19195,14,2,138
sqlite3PagerRekey#sqlite3.c#21175,sqlite3.c,21175,83,4,145
sqlite3BtreeSetCacheSize#sqlite3.c#25033,sqlite3.c,25033,118,13,168
uptr#sqlite3.c#2453,sqlite3.c,2453,0,0,1
sqlite3Get4byte#sqlite3.c#12852,sqlite3.c,12852,8,2,139
sqlite3BtreeSchema#sqlite3.c#29759,sqlite3.c,29759,95032,3421,4002
sqlite3BtreeOpen#sqlite3.c#24761,sqlite3.c,24761,95032,3421,4002
removeFromSharingList#sqlite3.c#24955,sqlite3.c,24955,54,5,161
freeTempSpace#sqlite3.c#25000,sqlite3.c,25000,86,10,292
sqlite3BtreeClose#sqlite3.c#25008,sqlite3.c,25008,95032,3421,4002
sqlite3BtreeSetSpillSize#sqlite3.c#25042,sqlite3.c,25042,127,13,169
sqlite3BtreeSetMmapLimit#sqlite3.c#25052,sqlite3.c,25052,95032,3421,4002
sqlite3BtreeSetPagerFlags#sqlite3.c#25061,sqlite3.c,25061,135,11,166
sqlite3BtreeMaxPageCount#sqlite3.c#25122,sqlite3.c,25122,106,11,166
btreePagecount#sqlite3.c#24662,sqlite3.c,24662,3,1,140
sqlite3BtreeSecureDelete#sqlite3.c#25130,sqlite3.c,25130,106,10,165
sqlite3BtreeGetReserveNoMutex#sqlite3.c#25106,sqlite3.c,25106,6,1,137
sqlite3BtreeGetAutoVacuum#sqlite3.c#25160,sqlite3.c,25160,99,10,165
sqlite3BtreeSetAutoVacuum#sqlite3.c#25145,sqlite3.c,25145,113,11,166
btreeBeginTrans#sqlite3.c#25329,sqlite3.c,25329,95032,3421,4002
autoVacuumCommit#sqlite3.c#25693,sqlite3.c,25693,95032,3421,4002
btreeEndTransaction#sqlite3.c#25779,sqlite3.c,25779,95032,3421,4002
btreeClearHasContent#sqlite3.c#23585,sqlite3.c,23585,64,9,290
sqlite3BtreeCommit#sqlite3.c#25824,sqlite3.c,25824,95032,3421,4002
btreeSetNPage#sqlite3.c#25862,sqlite3.c,25862,20,4,141
releasePageOne#sqlite3.c#24715,sqlite3.c,24715,95032,3421,4002
sqlite3BtreeTripAllCursors#sqlite3.c#25835,sqlite3.c,25835,95032,3421,4002
btreeGetPage#sqlite3.c#24641,sqlite3.c,24641,35,6,148
saveAllCursors#sqlite3.c#23652,sqlite3.c,23652,95032,3421,4002
sqlite3BtreeBeginStmt#sqlite3.c#25909,sqlite3.c,25909,333,27,311
btreeCreateTable#sqlite3.c#28964,sqlite3.c,28964,95032,3421,4002
sqlite3BtreeCreateTable#sqlite3.c#29057,sqlite3.c,29057,95032,3421,4002
sqlite3BtreeIsInBackup#sqlite3.c#29753,sqlite3.c,29753,5,1,137
sqlite3SchemaClear#sqlite3.c#55025,sqlite3.c,55025,781,58,362
querySharedCacheTableLock#sqlite3.c#23427,sqlite3.c,23427,30,1,137
sqlite3BtreeSchemaLocked#sqlite3.c#29771,sqlite3.c,29771,132,11,166
setSharedCacheTableLock#sqlite3.c#23458,sqlite3.c,23458,150,13,179
sqlite3BtreeLockTable#sqlite3.c#29782,sqlite3.c,29782,268,21,187
newDatabase#sqlite3.c#25284,sqlite3.c,25284,95032,3421,4002
sqlite3BtreeSavepoint#sqlite3.c#25923,sqlite3.c,25923,95032,3421,4002
sqlite3BtreeCheckpoint#sqlite3.c#29738,sqlite3.c,29738,95032,3421,4002
sqlite3BtreeGetJournalname#sqlite3.c#29728,sqlite3.c,29728,7,2,138
sqlite3BtreeCopyFile#sqlite3.c#30274,sqlite3.c,30274,95032,3421,4002
incrVacuumStep#sqlite3.c#25571,sqlite3.c,25571,95032,3421,4002
invalidateAllOverflowCache#sqlite3.c#23542,sqlite3.c,23542,7,1,137
finalDbSize#sqlite3.c#25646,sqlite3.c,25646,28,2,139
sqlite3Put4byte#sqlite3.c#12857,sqlite3.c,12857,21,5,146
sqlite3BtreeIncrVacuum#sqlite3.c#25662,sqlite3.c,25662,95032,3421,4002
btreeDropTable#sqlite3.c#29130,sqlite3.c,29130,95032,3421,4002
sqlite3BtreeDropTable#sqlite3.c#29191,sqlite3.c,29191,95032,3421,4002
invalidateIncrblobCursors#sqlite3.c#23550,sqlite3.c,23550,14,1,138
clearDatabasePage#sqlite3.c#29065,sqlite3.c,29065,95032,3421,4002
sqlite3BtreeClearTable#sqlite3.c#29110,sqlite3.c,29110,95032,3421,4002
sqlite3BtreeClearTableOfCursor#sqlite3.c#29126,sqlite3.c,29126,95032,3421,4002
saveCursorPosition#sqlite3.c#23628,sqlite3.c,23628,95032,3421,4002
btreeReleaseAllCursorPages#sqlite3.c#23590,sqlite3.c,23590,106,8,149
sqlite3BtreeClearCursor#sqlite3.c#23682,sqlite3.c,23682,56,8,289
sqlite3BtreeGetMeta#sqlite3.c#29199,sqlite3.c,29199,117,13,169
btreeCursor#sqlite3.c#25949,sqlite3.c,25949,95032,3421,4002
btreeCursorWithLock#sqlite3.c#25993,sqlite3.c,25993,95032,3421,4002
sqlite3BtreeCursor#sqlite3.c#26001,sqlite3.c,26001,95032,3421,4002
sqlite3BtreeFakeValidCursor#sqlite3.c#23744,sqlite3.c,23744,5,1,137
sqlite3BtreeCursorSize#sqlite3.c#26009,sqlite3.c,26009,3,1,137
sqlite3BtreeCursorZero#sqlite3.c#26013,sqlite3.c,26013,3,1,137
sqlite3BtreeCursorHintFlags#sqlite3.c#23767,sqlite3.c,23767,4,1,137
unlockBtreeIfUnused#sqlite3.c#25272,sqlite3.c,25272,95032,3421,4002
sqlite3BtreeCloseCursor#sqlite3.c#26017,sqlite3.c,26017,95032,3421,4002
sqlite3GetVarint#sqlite3.c#12725,sqlite3.c,12725,98,1,138
moveToChild#sqlite3.c#26324,sqlite3.c,26324,95032,3421,4002
getCellInfo#sqlite3.c#26050,sqlite3.c,26050,11,2,138
sqlite3BtreeNext#sqlite3.c#26885,sqlite3.c,26885,95032,3421,4002
moveToRoot#sqlite3.c#26367,sqlite3.c,26367,95032,3421,4002
sqlite3BtreeTableMoveto#sqlite3.c#26526,sqlite3.c,26526,95032,3421,4002
indexCellCompare#sqlite3.c#26641,sqlite3.c,26641,16,1,138
accessPayload#sqlite3.c#26153,sqlite3.c,26153,95032,3421,4002
getAndInitPage#sqlite3.c#24671,sqlite3.c,24671,95032,3421,4002
releasePage#sqlite3.c#24711,sqlite3.c,24711,99,8,149
sqlite3VdbeRecordCompare#sqlite3.c#33706,sqlite3.c,33706,95032,3421,4002
cursorOnLastPage#sqlite3.c#26658,sqlite3.c,26658,9,1,137
sqlite3VdbeFindCompare#sqlite3.c#33830,sqlite3.c,33830,95032,3421,4002
sqlite3BtreeIndexMoveto#sqlite3.c#26668,sqlite3.c,26668,95032,3421,4002
sqlite3BtreeCursorHasMoved#sqlite3.c#23737,sqlite3.c,23737,6,1,137
btreeRestoreCursorPosition#sqlite3.c#23711,sqlite3.c,23711,95032,3421,4002
sqlite3BtreeCursorRestore#sqlite3.c#23750,sqlite3.c,23750,95032,3421,4002
balance#sqlite3.c#28425,sqlite3.c,28425,95032,3421,4002
insertCell#sqlite3.c#27474,sqlite3.c,27474,95032,3421,4002
saveCursorKey#sqlite3.c#23601,sqlite3.c,23601,95032,3421,4002
sqlite3BtreePrevious#sqlite3.c#26955,sqlite3.c,26955,95032,3421,4002
btreeComputeFreeSpace#sqlite3.c#24473,sqlite3.c,24473,95032,3421,4002
releasePageNotNull#sqlite3.c#24701,sqlite3.c,24701,96,7,148
clearCellOverflow#sqlite3.c#27281,sqlite3.c,27281,95032,3421,4002
dropCell#sqlite3.c#27432,sqlite3.c,27432,95032,3421,4002
sqlite3BtreeDelete#sqlite3.c#28831,sqlite3.c,28831,95032,3421,4002
insertCellFast#sqlite3.c#27531,sqlite3.c,27531,95032,3421,4002
btreeMoveto#sqlite3.c#23689,sqlite3.c,23689,95032,3421,4002
ptrmapPut#sqlite3.c#23786,sqlite3.c,23786,95032,3421,4002
btreeOverwriteCell#sqlite3.c#28551,sqlite3.c,28551,95032,3421,4002
fillInCell#sqlite3.c#27324,sqlite3.c,27324,95032,3421,4002
sqlite3BtreeInsert#sqlite3.c#28564,sqlite3.c,28564,95032,3421,4002
moveToLeftmost#sqlite3.c#26429,sqlite3.c,26429,95032,3421,4002
sqlite3BtreeFirst#sqlite3.c#26461,sqlite3.c,26461,95032,3421,4002
sqlite3BtreeIsEmpty#sqlite3.c#26478,sqlite3.c,26478,95032,3421,4002
btreeLast#sqlite3.c#26496,sqlite3.c,26496,95032,3421,4002
sqlite3BtreeLast#sqlite3.c#26515,sqlite3.c,26515,95032,3421,4002
btreeNext#sqlite3.c#26833,sqlite3.c,26833,95032,3421,4002
sqlite3BtreeEof#sqlite3.c#26815,sqlite3.c,26815,3,1,138
btreePrevious#sqlite3.c#26905,sqlite3.c,26905,95032,3421,4002
sqlite3BtreeIntegerKey#sqlite3.c#26064,sqlite3.c,26064,18,3,139
sqlite3BtreeCursorPin#sqlite3.c#26072,sqlite3.c,26072,4,1,137
sqlite3BtreeCursorUnpin#sqlite3.c#26077,sqlite3.c,26077,4,1,137
sqlite3BtreeOffset#sqlite3.c#26082,sqlite3.c,26082,17,3,139
sqlite3BtreePayload#sqlite3.c#26275,sqlite3.c,26275,95032,3421,4002
fetchPayload#sqlite3.c#26301,sqlite3.c,26301,18,1,137
sqlite3BtreePayloadFetch#sqlite3.c#26320,sqlite3.c,26320,21,2,138
sqlite3BtreePayloadSize#sqlite3.c#26089,sqlite3.c,26089,17,3,140
sqlite3BtreeMaxRecordSize#sqlite3.c#26096,sqlite3.c,26096,5,1,137
sqlite3MemSetArrayInt64#sqlite3.c#30852,sqlite3.c,30852,95032,3421,4002
getPageReferenced#sqlite3.c#29320,sqlite3.c,29320,5,1,140
setPageReferenced#sqlite3.c#29326,sqlite3.c,29326,5,1,140
checkAppendMsg#sqlite3.c#29300,sqlite3.c,29300,95032,3421,4002
checkPtrmap#sqlite3.c#29345,sqlite3.c,29345,95032,3421,4002
ptrmapPageno#sqlite3.c#23772,sqlite3.c,23772,13,1,138
checkOom#sqlite3.c#29276,sqlite3.c,29276,5,1,140
checkTreePage#sqlite3.c#29439,sqlite3.c,29439,95032,3421,4002
checkList#sqlite3.c#29360,sqlite3.c,29360,95032,3421,4002
sqlite3BtreeIntegrityCheck#sqlite3.c#29623,sqlite3.c,29623,95032,3421,4002
sqlite3BtreeRowCountEst#sqlite3.c#26819,sqlite3.c,26819,13,1,137
accessPayloadChecked#sqlite3.c#26282,sqlite3.c,26282,95032,3421,4002
sqlite3BtreeIncrblobCursor#sqlite3.c#29824,sqlite3.c,29824,4,1,139
sqlite3BtreeCursorHasHint#sqlite3.c#29853,sqlite3.c,29853,3,1,137
sqlite3BtreeCursorIsValidNN#sqlite3.c#26059,sqlite3.c,26059,4,1,137
moveToParent#sqlite3.c#26351,sqlite3.c,26351,111,8,149
sqlite3BtreeCount#sqlite3.c#29236,sqlite3.c,29236,95032,3421,4002
allocateBtreePage#sqlite3.c#26968,sqlite3.c,26968,95032,3421,4002
btreePayloadToLocal#sqlite3.c#23872,sqlite3.c,23872,14,1,137
sqlite3PutVarint#sqlite3.c#12712,sqlite3.c,12712,36,2,140
sqlite3BtreeTransferRow#sqlite3.c#28740,sqlite3.c,28740,95032,3421,4002
btreeLockCarefully#sqlite3.c#23343,sqlite3.c,23343,67,7,162
btreeEnterAll#sqlite3.c#23377,sqlite3.c,23377,96,9,164
sqlite3BtreeSharable#sqlite3.c#29870,sqlite3.c,29870,3,1,137
sqlite3BtreeEnterCursor#sqlite3.c#23410,sqlite3.c,23410,85,9,166
unlockBtreeMutex#sqlite3.c#23315,sqlite3.c,23315,23,3,158
sqlite3BtreeLeaveCursor#sqlite3.c#23414,sqlite3.c,23414,36,5,162
btreeLeaveAll#sqlite3.c#23396,sqlite3.c,23396,42,5,160
sqlite3VdbeAddOp2#sqlite3.c#31467,sqlite3.c,31467,95032,3421,4002
sqlite3DbMallocRawNN#sqlite3.c#8676,sqlite3.c,8676,95032,3421,4002
sqlite3VdbeParser#sqlite3.c#31379,sqlite3.c,31379,3,1,137
sqlite3VdbeAddOp3#sqlite3.c#31471,sqlite3.c,31471,95032,3421,4002
sqlite3VdbeAddOp0#sqlite3.c#31459,sqlite3.c,31459,95032,3421,4002
sqlite3VdbeAddOp1#sqlite3.c#31463,sqlite3.c,31463,95032,3421,4002
sqlite3ExprImpliesExpr#sqlite3.c#47974,sqlite3.c,47974,95032,3421,4002
sqlite3ExprCompare#sqlite3.c#47812,sqlite3.c,47812,95032,3421,4002
sqlite3TableColumnToStorage#sqlite3.c#51935,sqlite3.c,51935,14,1,137
sqlite3ExprTruthValue#sqlite3.c#45269,sqlite3.c,45269,22,2,138
sqlite3ExprImpliesNonNullRow#sqlite3.c#48055,sqlite3.c,48055,237,15,172
sqlite3VdbeCurrentAddr#sqlite3.c#31742,sqlite3.c,31742,4,1,137
sqlite3AffinityType#sqlite3.c#52228,sqlite3.c,52228,99,3,147
sqlite3VdbeGoto#sqlite3.c#31516,sqlite3.c,31516,95032,3421,4002
sqlite3VdbeAddOp4#sqlite3.c#31543,sqlite3.c,31543,95032,3421,4002
sqlite3VdbeLoadString#sqlite3.c#31520,sqlite3.c,31520,95032,3421,4002
actionName#sqlite3.c#60844,sqlite3.c,60844,12,1,148
sqlite3PreferredTableName#sqlite3.c#51560,sqlite3.c,51560,42,3,163
sqlite3VdbeMultiLoad#sqlite3.c#31524,sqlite3.c,31524,95032,3421,4002
growOp3#sqlite3.c#31442,sqlite3.c,31442,95032,3421,4002
sqlite3IndexAffinityStr#sqlite3.c#58195,sqlite3.c,58195,95032,3421,4002
sqlite3KeyInfoRef#sqlite3.c#63926,sqlite3.c,63926,7,1,137
sqlite3KeyInfoFromExprList#sqlite3.c#63934,sqlite3.c,63934,95032,3421,4002
sqlite3VdbeDb#sqlite3.c#33950,sqlite3.c,33950,3,1,137
sqlite3VdbeAddOp4Dup8#sqlite3.c#31572,sqlite3.c,31572,95032,3421,4002
addOp4IntSlow#sqlite3.c#31449,sqlite3.c,31449,95032,3421,4002
sqlite3MayAbort#sqlite3.c#54541,sqlite3.c,54541,4,1,137
freeEphemeralFunction#sqlite3.c#31831,sqlite3.c,31831,104,11,294
sqlite3VdbeAddFunctionCall#sqlite3.c#31549,sqlite3.c,31549,95032,3421,4002
sqlite3VdbeEndCoroutine#sqlite3.c#31621,sqlite3.c,31621,95032,3421,4002
growOpArray#sqlite3.c#31423,sqlite3.c,31423,95032,3421,4002
sqlite3OpcodeProperty#sqlite3.c#5461,sqlite3.c,5461,0,0,1
sqlite3SelectOpName#sqlite3.c#63952,sqlite3.c,63952,10,1,137
sqlite3VMPrintf#sqlite3.c#9920,sqlite3.c,9920,95032,3421,4002
sqlite3VdbeExplain#sqlite3.c#31585,sqlite3.c,31585,95032,3421,4002
sqlite3VdbeExplainParent#sqlite3.c#31578,sqlite3.c,31578,16,2,150
sqlite3VdbeExplainPop#sqlite3.c#31607,sqlite3.c,31607,20,3,151
sqlite3VdbeGetOp#sqlite3.c#32038,sqlite3.c,32038,10,1,149
sqlite3VdbeAddParseSchemaOp#sqlite3.c#31612,sqlite3.c,31612,95032,3421,4002
sqlite3VdbeChangeOpcode#sqlite3.c#31785,sqlite3.c,31785,14,2,150
sqlite3VdbeChangeP1#sqlite3.c#31790,sqlite3.c,31790,18,3,151
sqlite3VdbeChangeP2#sqlite3.c#31795,sqlite3.c,31795,18,3,151
sqlite3VdbeChangeP3#sqlite3.c#31800,sqlite3.c,31800,18,3,151
sqlite3VdbeGetLastOp#sqlite3.c#32049,sqlite3.c,32049,13,2,150
sqlite3VdbeTypeofColumn#sqlite3.c#31810,sqlite3.c,31810,19,3,151
sqlite3VdbeJumpHere#sqlite3.c#31817,sqlite3.c,31817,21,4,152
sqlite3VdbeJumpHereOrPopInst#sqlite3.c#31821,sqlite3.c,31821,27,4,152
freeP4#sqlite3.c#31849,sqlite3.c,31849,858,64,369
sqlite3VdbeChangeToNoop#sqlite3.c#31917,sqlite3.c,31917,869,65,372
sqlite3VdbeDeletePriorOpcode#sqlite3.c#31929,sqlite3.c,31929,876,66,373
vdbeChangeP4Full#sqlite3.c#31937,sqlite3.c,31937,95032,3421,4002
sqlite3VtabLock#sqlite3.c#70238,sqlite3.c,70238,3,1,137
sqlite3VdbeAppendP4#sqlite3.c#31984,sqlite3.c,31984,873,65,370
sqlite3KeyInfoOfIndex#sqlite3.c#54679,sqlite3.c,54679,95032,3421,4002
sqlite3VdbeSetP4KeyInfo#sqlite3.c#32000,sqlite3.c,32000,95032,3421,4002
sqlite3VdbeMakeLabel#sqlite3.c#31627,sqlite3.c,31627,3,1,137
sqlite3VdbeRunOnlyOnce#sqlite3.c#31659,sqlite3.c,31659,95032,3421,4002
sqlite3VdbeReusable#sqlite3.c#31663,sqlite3.c,31663,9,1,137
sqlite3VdbeClearObject#sqlite3.c#33130,sqlite3.c,33130,921,67,372
sqlite3DbNNFreeNN#sqlite3.c#8552,sqlite3.c,8552,98,10,293
allocSpace#sqlite3.c#32500,sqlite3.c,32500,14,1,138
initMemArray#sqlite3.c#32292,sqlite3.c,32292,11,1,137
resolveP2Values#sqlite3.c#31673,sqlite3.c,31673,166,11,294
resizeResolveLabel#sqlite3.c#31631,sqlite3.c,31631,95032,3421,4002
sqlite3VdbeResolveLabel#sqlite3.c#31645,sqlite3.c,31645,95032,3421,4002
sqlite3VdbeResetStepResult#sqlite3.c#33059,sqlite3.c,33059,3,1,137
sqlite3VdbeHalt#sqlite3.c#32934,sqlite3.c,32934,95032,3421,4002
sqlite3VdbeTransferError#sqlite3.c#33063,sqlite3.c,33063,95032,3421,4002
releaseMemArray#sqlite3.c#32304,sqlite3.c,32304,214,17,316
sqlite3VdbeSetNumCols#sqlite3.c#32690,sqlite3.c,32690,95032,3421,4002
sqlite3VdbeMemSetText#sqlite3.c#31020,sqlite3.c,31020,95032,3421,4002
sqlite3VdbeSetColName#sqlite3.c#32704,sqlite3.c,32704,95032,3421,4002
sqlite3VdbeCountChanges#sqlite3.c#33939,sqlite3.c,33939,3,1,137
sqlite3VdbePrepareFlags#sqlite3.c#33954,sqlite3.c,33954,3,1,137
sqlite3DbStrNDup#sqlite3.c#8778,sqlite3.c,8778,95032,3421,4002
sqlite3VdbeSetSql#sqlite3.c#31391,sqlite3.c,31391,95032,3421,4002
sqlite3VdbeSwap#sqlite3.c#31401,sqlite3.c,31401,21,1,137
sqlite3VdbeTakeOpArray#sqlite3.c#31747,sqlite3.c,31747,175,12,295
sqlite3ValueApplyAffinity#sqlite3.c#35582,sqlite3.c,35582,95032,3421,4002
sqlite3VdbeGetBoundValue#sqlite3.c#33958,sqlite3.c,33958,95032,3421,4002
sqlite3VdbeSetVarmask#sqlite3.c#33975,sqlite3.c,33975,9,1,137
findNextHostParameter#sqlite3.c#35373,sqlite3.c,35373,478,3,16
sqlite3GetInt32#sqlite3.c#12495,sqlite3.c,12495,48,2,145
vdbeCompareMemString#sqlite3.c#33381,sqlite3.c,33381,95032,3421,4002
sqlite3IntFloatCompare#sqlite3.c#33419,sqlite3.c,33419,95032,3421,4002
sqlite3BlobCompare#sqlite3.c#33397,sqlite3.c,33397,28,2,138
sqlite3MemCompare#sqlite3.c#33436,sqlite3.c,33436,95032,3421,4002
isAllZero#sqlite3.c#33389,sqlite3.c,33389,7,1,137
sqlite3GetVarint32#sqlite3.c#12824,sqlite3.c,12824,119,2,140
sqlite3VdbeSerialTypeLen#sqlite3.c#33204,sqlite3.c,33204,8,1,4
sqlite3VdbeSerialGet#sqlite3.c#33249,sqlite3.c,33249,76,2,139
sqlite3VdbeRecordUnpack#sqlite3.c#33324,sqlite3.c,33324,381,19,304
sqlite3VdbeRecordCompareWithSkip#sqlite3.c#33532,sqlite3.c,33532,95032,3421,4002
serialGet7#sqlite3.c#33234,sqlite3.c,33234,14,1,137
vdbeRecordDecodeInt#sqlite3.c#33503,sqlite3.c,33503,28,1,8
sqlite3VarintLen#sqlite3.c#12846,sqlite3.c,12846,5,1,137
sqlite3VdbeAllocUnpackedRecord#sqlite3.c#33311,sqlite3.c,33311,95032,3421,4002
vdbeRecordCompareInt#sqlite3.c#33710,sqlite3.c,33710,95032,3421,4002
vdbeRecordCompareString#sqlite3.c#33777,sqlite3.c,33777,95032,3421,4002
sqlite3VdbeLinkSubProgram#sqlite3.c#31908,sqlite3.c,31908,4,1,137
sqlite3VdbeHasSubProgram#sqlite3.c#31913,sqlite3.c,31913,3,1,137
sqlite3NotPureFunc#sqlite3.c#34096,sqlite3.c,34096,95032,3421,4002
onErrorText#sqlite3.c#68822,sqlite3.c,68822,11,1,1
vdbeVComment#sqlite3.c#32009,sqlite3.c,32009,95032,3421,4002
sqlite3VdbeComment#sqlite3.c#32019,sqlite3.c,32019,95032,3421,4002
sqlite3VdbeNoopComment#sqlite3.c#32028,sqlite3.c,32028,95032,3421,4002
sqlite3PcacheInitialize#sqlite3.c#17082,sqlite3.c,17082,95032,3421,4002
sqlite3PCacheBufferSetup#sqlite3.c#17527,sqlite3.c,17527,21,1,23
numberOfCachePages#sqlite3.c#17071,sqlite3.c,17071,10,1,137
sqlite3PcacheFetchStress#sqlite3.c#17147,sqlite3.c,17147,28,2,143
pcacheFetchFinishWithInit#sqlite3.c#17172,sqlite3.c,17172,28,2,138
pcacheUnpin#sqlite3.c#17063,sqlite3.c,17063,7,1,142
pcacheManageDirtyList#sqlite3.c#17015,sqlite3.c,17015,47,1,137
sqlite3PcacheMakeClean#sqlite3.c#17248,sqlite3.c,17248,67,3,144
sqlite3PcacheClearWritable#sqlite3.c#17270,sqlite3.c,17270,8,1,137
sqlite3PcacheTruncate#sqlite3.c#17310,sqlite3.c,17310,91,4,145
pcacheSortDirtyList#sqlite3.c#17371,sqlite3.c,17371,53,2,139
sqlite3PcacheClearSyncFlags#sqlite3.c#17279,sqlite3.c,17279,7,1,137
sqlite3PcacheClear#sqlite3.c#17341,sqlite3.c,17341,94,5,146
pcache1Truncate#sqlite3.c#18043,sqlite3.c,18043,144,12,294
pcache1Shutdown#sqlite3.c#17825,sqlite3.c,17825,5,1,12
pcache1Init#sqlite3.c#17806,sqlite3.c,17806,26,2,24
pcache1Rekey#sqlite3.c#18016,sqlite3.c,18016,26,1,11
pcache1Fetch#sqlite3.c#17984,sqlite3.c,17984,422,30,316
pcache1Create#sqlite3.c#17833,sqlite3.c,17833,355,26,312
pcache1Pagecount#sqlite3.c#17910,sqlite3.c,17910,8,1,11
pcache1Unpin#sqlite3.c#17996,sqlite3.c,17996,119,11,293
pcache1Cachesize#sqlite3.c#17876,sqlite3.c,17876,148,13,295
pcache1Destroy#sqlite3.c#18053,sqlite3.c,18053,178,14,296
pcache1Shrink#sqlite3.c#17896,sqlite3.c,17896,142,13,295
sqlite3PCachePercentDirty#sqlite3.c#17448,sqlite3.c,17448,17,2,138
sqlite3_mutex_held#sqlite3.c#3281,sqlite3.c,3281,0,0,3
sqlite3WalkExprNN#sqlite3.c#42319,sqlite3.c,42319,138,11,168
sqlite3ColumnExpr#sqlite3.c#51697,sqlite3.c,51697,7,1,137
sqlite3WalkExpr#sqlite3.c#42352,sqlite3.c,42352,138,11,168
sqlite3WalkSelect#sqlite3.c#42407,sqlite3.c,42407,138,11,168
walkWindowList#sqlite3.c#42300,sqlite3.c,42300,138,11,168
sqlite3WalkExprList#sqlite3.c#42356,sqlite3.c,42356,138,11,168
sqlite3WalkSelectExpr#sqlite3.c#42372,sqlite3.c,42372,138,11,168
sqlite3WalkSelectFrom#sqlite3.c#42389,sqlite3.c,42389,138,11,168
sqlite3SelectPopWith#sqlite3.c#66227,sqlite3.c,66227,14,2,148
sqlite3WalkWinDefnDummyCallback#sqlite3.c#42367,sqlite3.c,42367,4,1,147
sqlite3ExprWalkNoop#sqlite3.c#42436,sqlite3.c,42436,4,1,147
sqlite3SelectWalkNoop#sqlite3.c#42441,sqlite3.c,42441,4,1,147
sqlite3SelectWalkFail#sqlite3.c#45246,sqlite3.c,45246,5,1,147
sqlite3WalkerDepthIncrease#sqlite3.c#42425,sqlite3.c,42425,5,1,147
sqlite3WalkerDepthDecrease#sqlite3.c#42431,sqlite3.c,42431,4,1,147
findRightmost#sqlite3.c#63232,sqlite3.c,63232,4,1,137
sqlite3SelectNew#sqlite3.c#63185,sqlite3.c,63185,95032,3421,4002
sqlite3ReadSchema#sqlite3.c#62775,sqlite3.c,62775,95032,3421,4002
sqlite3SrcItemAttachSubquery#sqlite3.c#54270,sqlite3.c,54270,95032,3421,4002
sqlite3SelectWrongNumTermsError#sqlite3.c#64788,sqlite3.c,64788,95032,3421,4002
exprListIsNoAffinity#sqlite3.c#58504,sqlite3.c,58504,95032,3421,4002
sqlite3Select#sqlite3.c#67249,sqlite3.c,67249,95032,3421,4002
sqlite3MultiValuesEnd#sqlite3.c#58485,sqlite3.c,58485,95032,3421,4002
sqlite3GetVdbe#sqlite3.c#64452,sqlite3.c,64452,95032,3421,4002
sqlite3SelectDestInit#sqlite3.c#63176,sqlite3.c,63176,8,1,138
exprListIsConstant#sqlite3.c#58496,sqlite3.c,58496,95032,3421,4002
sqlite3ExprCodeExprList#sqlite3.c#47415,sqlite3.c,47415,95032,3421,4002
sqlite3MultiValues#sqlite3.c#58516,sqlite3.c,58516,95032,3421,4002
sqlite3WindowUnlinkFromSelect#sqlite3.c#78442,sqlite3.c,78442,7,1,137
sqlite3ExprDelete#sqlite3.c#44675,sqlite3.c,44675,708,52,356
sqlite3WindowDelete#sqlite3.c#78450,sqlite3.c,78450,708,52,356
sqlite3WindowListDelete#sqlite3.c#78464,sqlite3.c,78464,708,52,356
sqlite3WindowOffsetExpr#sqlite3.c#78472,sqlite3.c,78472,95032,3421,4002
sqlite3WindowAlloc#sqlite3.c#78481,sqlite3.c,78481,95032,3421,4002
sqlite3WindowAttach#sqlite3.c#78557,sqlite3.c,78557,95032,3421,4002
sqlite3WindowCompare#sqlite3.c#78590,sqlite3.c,78590,95032,3421,4002
sqlite3ExprListCompare#sqlite3.c#47878,sqlite3.c,47878,95032,3421,4002
sqlite3WindowLink#sqlite3.c#78573,sqlite3.c,78573,95032,3421,4002
first_valueName#sqlite3.c#78098,sqlite3.c,78098,0,0,1
nth_valueName#sqlite3.c#78096,sqlite3.c,78096,0,0,1
lagName#sqlite3.c#78102,sqlite3.c,78102,0,0,1
leadName#sqlite3.c#78100,sqlite3.c,78100,0,0,1
sqlite3WindowCodeInit#sqlite3.c#78613,sqlite3.c,78613,95032,3421,4002
windowExprGtZero#sqlite3.c#79280,sqlite3.c,79280,95032,3421,4002
windowCodeOp#sqlite3.c#79132,sqlite3.c,79132,95032,3421,4002
windowCacheFrame#sqlite3.c#79040,sqlite3.c,79040,11,1,141
windowInitAccum#sqlite3.c#79013,sqlite3.c,79013,95032,3421,4002
sqlite3ExprCode#sqlite3.c#47380,sqlite3.c,47380,95032,3421,4002
windowCheckValue#sqlite3.c#78675,sqlite3.c,78675,95032,3421,4002
windowReturnOneRow#sqlite3.c#78949,sqlite3.c,78949,95032,3421,4002
windowAggFinal#sqlite3.c#78841,sqlite3.c,78841,95032,3421,4002
windowIfNewPeer#sqlite3.c#79052,sqlite3.c,79052,95032,3421,4002
windowCodeRangeTest#sqlite3.c#79067,sqlite3.c,79067,95032,3421,4002
sqlite3WhereEnd#sqlite3.c#77552,sqlite3.c,77552,95032,3421,4002
sqlite3WindowCodeStep#sqlite3.c#79292,sqlite3.c,79292,95032,3421,4002
sqlite3SelectDelete#sqlite3.c#63224,sqlite3.c,63224,708,52,356
disallowAggregatesInOrderByCb#sqlite3.c#78324,sqlite3.c,78324,95032,3421,4002
sqlite3WindowExtraAggFuncDepth#sqlite3.c#78317,sqlite3.c,78317,6,1,147
sqlite3ExprDup#sqlite3.c#44903,sqlite3.c,44903,95032,3421,4002
sqlite3ExprListAppend#sqlite3.c#45102,sqlite3.c,45102,95032,3421,4002
exprListAppendList#sqlite3.c#78289,sqlite3.c,78289,95032,3421,4002
sqlite3ErrorToParser#sqlite3.c#11981,sqlite3.c,11981,7,1,138
sqlite3AggInfoPersistWalkerInit#sqlite3.c#48220,sqlite3.c,48220,95032,3421,4002
sqlite3ExprInt32#sqlite3.c#44385,sqlite3.c,44385,95032,3421,4002
sqlite3ResultSetOfSelect#sqlite3.c#64417,sqlite3.c,64417,95032,3421,4002
sqlite3SrcListAssignCursors#sqlite3.c#54206,sqlite3.c,54206,17,1,137
selectWindowRewriteEList#sqlite3.c#78271,sqlite3.c,78271,95032,3421,4002
sqlite3SrcListAppend#sqlite3.c#54167,sqlite3.c,54167,95032,3421,4002
sqlite3ParserAddCleanup#sqlite3.c#62861,sqlite3.c,62861,95032,3421,4002
sqlite3WindowRewrite#sqlite3.c#78332,sqlite3.c,78332,95032,3421,4002
percent_rankName#sqlite3.c#78088,sqlite3.c,78088,0,0,1
cume_distName#sqlite3.c#78090,sqlite3.c,78090,0,0,1
windowFind#sqlite3.c#78119,sqlite3.c,78119,95032,3421,4002
sqlite3WindowChain#sqlite3.c#78529,sqlite3.c,78529,95032,3421,4002
dense_rankName#sqlite3.c#78084,sqlite3.c,78084,0,0,1
sqlite3ExprListDup#sqlite3.c#44908,sqlite3.c,44908,95032,3421,4002
rankName#sqlite3.c#78086,sqlite3.c,78086,0,0,1
row_numberName#sqlite3.c#78082,sqlite3.c,78082,0,0,1
ntileName#sqlite3.c#78092,sqlite3.c,78092,0,0,1
sqlite3WindowUpdate#sqlite3.c#78130,sqlite3.c,78130,95032,3421,4002
sqlite3WindowDup#sqlite3.c#79239,sqlite3.c,79239,95032,3421,4002
sqlite3WindowListDup#sqlite3.c#79268,sqlite3.c,79268,95032,3421,4002
last_valueName#sqlite3.c#78094,sqlite3.c,78094,0,0,1
cume_distStepFunc#sqlite3.c#77953,sqlite3.c,77953,95032,3421,4002
nth_valueStepFunc#sqlite3.c#77835,sqlite3.c,77835,95032,3421,4002
sqlite3InsertBuiltinFuncs#sqlite3.c#54950,sqlite3.c,54950,95032,3421,4002
last_valueInvFunc#sqlite3.c#78050,sqlite3.c,78050,95032,3421,4002
percent_rankValueFunc#sqlite3.c#77939,sqlite3.c,77939,95032,3421,4002
dense_rankStepFunc#sqlite3.c#77810,sqlite3.c,77810,95032,3421,4002
cume_distInvFunc#sqlite3.c#77963,sqlite3.c,77963,95032,3421,4002
first_valueFinalizeFunc#sqlite3.c#77889,sqlite3.c,77889,95032,3421,4002
last_valueValueFunc#sqlite3.c#78064,sqlite3.c,78064,95032,3421,4002
noopValueFunc#sqlite3.c#78111,sqlite3.c,78111,1,1,138
ntileInvFunc#sqlite3.c#78001,sqlite3.c,78001,95032,3421,4002
row_numberStepFunc#sqlite3.c#77792,sqlite3.c,77792,95032,3421,4002
ntileValueFunc#sqlite3.c#78009,sqlite3.c,78009,95032,3421,4002
last_valueStepFunc#sqlite3.c#78035,sqlite3.c,78035,95032,3421,4002
percent_rankStepFunc#sqlite3.c#77921,sqlite3.c,77921,95032,3421,4002
nth_valueFinalizeFunc#sqlite3.c#77866,sqlite3.c,77866,95032,3421,4002
ntileStepFunc#sqlite3.c#77986,sqlite3.c,77986,95032,3421,4002
dense_rankValueFunc#sqlite3.c#77818,sqlite3.c,77818,95032,3421,4002
first_valueStepFunc#sqlite3.c#77876,sqlite3.c,77876,95032,3421,4002
cume_distValueFunc#sqlite3.c#77971,sqlite3.c,77971,95032,3421,4002
noopStepFunc#sqlite3.c#78104,sqlite3.c,78104,6,1,139
percent_rankInvFunc#sqlite3.c#77931,sqlite3.c,77931,95032,3421,4002
rankStepFunc#sqlite3.c#77899,sqlite3.c,77899,95032,3421,4002
rankValueFunc#sqlite3.c#77912,sqlite3.c,77912,95032,3421,4002
last_valueFinalizeFunc#sqlite3.c#78072,sqlite3.c,78072,95032,3421,4002
row_numberValueFunc#sqlite3.c#77799,sqlite3.c,77799,95032,3421,4002
sqlite3WindowFunctions#sqlite3.c#78113,sqlite3.c,78113,95032,3421,4002
sqlite3WindowAssemble#sqlite3.c#78515,sqlite3.c,78515,95032,3421,4002
sqlite3ReportError#sqlite3.c#83912,sqlite3.c,83912,95032,3421,4002
sqlite3MallocInit#sqlite3.c#8362,sqlite3.c,8362,95032,3421,4002
mallocWithAlarm#sqlite3.c#8407,sqlite3.c,8407,96,10,170
dbMallocRawFinish#sqlite3.c#8659,sqlite3.c,8659,95032,3421,4002
sqlite3DbSpanDup#sqlite3.c#8791,sqlite3.c,8791,95032,3421,4002
sqlite3StatusUp#sqlite3.c#5875,sqlite3.c,5875,10,1,8
sqlite3MallocAlarm#sqlite3.c#8400,sqlite3.c,8400,30,5,160
sqlite3StatusHighwater#sqlite3.c#5895,sqlite3.c,5895,13,1,8
sqlite3DbRealloc#sqlite3.c#8716,sqlite3.c,8716,95032,3421,4002
sqlite3DbReallocOrFree#sqlite3.c#8755,sqlite3.c,8755,95032,3421,4002
dbReallocFinish#sqlite3.c#8730,sqlite3.c,8730,95032,3421,4002
sqlite3DbFreeNN#sqlite3.c#8520,sqlite3.c,8520,100,10,292
measureAllocationSize#sqlite3.c#8516,sqlite3.c,8516,19,2,145
pcache1Alloc#sqlite3.c#17585,sqlite3.c,17585,139,12,174
pcache1Free#sqlite3.c#17615,sqlite3.c,17615,76,8,290
sqlite3MemInit#sqlite3.c#7713,sqlite3.c,7713,4,1,1
sqlite3MemRealloc#sqlite3.c#7693,sqlite3.c,7693,95032,3421,4002
sqlite3MemFree#sqlite3.c#7678,sqlite3.c,7678,6,1,6
sqlite3MemMalloc#sqlite3.c#7663,sqlite3.c,7663,95032,3421,4002
sqlite3MemRoundup#sqlite3.c#7709,sqlite3.c,7709,3,1,1
sqlite3MemShutdown#sqlite3.c#7718,sqlite3.c,7718,4,1,1
sqlite3HeapNearlyFull#sqlite3.c#8377,sqlite3.c,8377,3,1,6
pthreadMutexInit#sqlite3.c#8220,sqlite3.c,8220,1,1,1
pthreadMutexAlloc#sqlite3.c#8224,sqlite3.c,8224,150,13,180
pthreadMutexEnter#sqlite3.c#8266,sqlite3.c,8266,4,1,3
pthreadMutexTry#sqlite3.c#8271,sqlite3.c,8271,10,1,3
pthreadMutexEnd#sqlite3.c#8222,sqlite3.c,8222,1,1,1
pthreadMutexFree#sqlite3.c#8258,sqlite3.c,8258,57,8,289
pthreadMutexLeave#sqlite3.c#8282,sqlite3.c,8282,5,1,3
sqlite3DefaultMutex#sqlite3.c#8288,sqlite3.c,8288,209,23,308
noopMutexLeave#sqlite3.c#7828,sqlite3.c,7828,1,1,3
noopMutexFree#sqlite3.c#7819,sqlite3.c,7819,1,1,3
noopMutexAlloc#sqlite3.c#7814,sqlite3.c,7814,4,1,3
noopMutexEnter#sqlite3.c#7821,sqlite3.c,7821,1,1,3
noopMutexInit#sqlite3.c#7810,sqlite3.c,7810,1,1,1
noopMutexEnd#sqlite3.c#7812,sqlite3.c,7812,1,1,1
noopMutexTry#sqlite3.c#7823,sqlite3.c,7823,4,1,3
sqlite3NoopMutex#sqlite3.c#7830,sqlite3.c,7830,18,8,11
countLookasideSlots#sqlite3.c#5938,sqlite3.c,5938,8,1,137
sqlite3IsNaN#sqlite3.c#11859,sqlite3.c,11859,95032,3421,4002
sqlite3IsOverflow#sqlite3.c#11866,sqlite3.c,11866,7,1,9
sqlite3Fp10Convert2#sqlite3.c#12196,sqlite3.c,12196,100,6,9
sqlite3Fp2Convert10#sqlite3.c#12178,sqlite3.c,12178,72,6,9
countLeadingZeros#sqlite3.c#12174,sqlite3.c,12174,3,1,2
sqlite3DigitPairs#sqlite3.c#12343,sqlite3.c,12343,0,0,1
sqlite3SetString#sqlite3.c#8799,sqlite3.c,8799,95032,3421,4002
sqlite3ProgressCheck#sqlite3.c#11936,sqlite3.c,11936,18,1,147
sqlite3Dequote#sqlite3.c#11989,sqlite3.c,11989,22,1,138
sqlite3DequoteExpr#sqlite3.c#12012,sqlite3.c,12012,28,2,139
sqlite3DequoteToken#sqlite3.c#12046,sqlite3.c,12046,10,1,4
sqlite3DequoteNumber#sqlite3.c#12019,sqlite3.c,12019,95032,3421,4002
sqlite3TokenInit#sqlite3.c#12057,sqlite3.c,12057,95032,3421,4002
keywordCode#sqlite3.c#81320,sqlite3.c,81320,165,1,11
sqlite3Parser#sqlite3.c#81258,sqlite3.c,81258,95032,3421,4002
sqlite3ParserInit#sqlite3.c#79753,sqlite3.c,79753,9,1,143
analyzeWindowKeyword#sqlite3.c#81521,sqlite3.c,81521,485,5,19
analyzeFilterKeyword#sqlite3.c#81538,sqlite3.c,81538,483,5,19
analyzeOverKeyword#sqlite3.c#81530,sqlite3.c,81530,484,5,19
sqlite3ParserFinalize#sqlite3.c#79822,sqlite3.c,79822,804,58,362
sqlite3GetVTable#sqlite3.c#70242,sqlite3.c,70242,6,1,137
sqlite3AutoincrementBegin#sqlite3.c#58403,sqlite3.c,58403,95032,3421,4002
codeTableLocks#sqlite3.c#51327,sqlite3.c,51327,95032,3421,4002
sqlite3FinishCoding#sqlite3.c#51338,sqlite3.c,51338,95032,3421,4002
sqlite3GetTempReg#sqlite3.c#48443,sqlite3.c,48443,6,1,137
sqlite3ReleaseTempReg#sqlite3.c#48450,sqlite3.c,48450,8,1,137
sqlite3GetTempRange#sqlite3.c#48459,sqlite3.c,48459,20,2,139
sqlite3ReleaseTempRange#sqlite3.c#48474,sqlite3.c,48474,19,2,138
sqlite3ClearTempRegCache#sqlite3.c#48486,sqlite3.c,48486,4,1,137
sqlite3TouchRegister#sqlite3.c#48491,sqlite3.c,48491,3,1,137
sqlite3ExprAlloc#sqlite3.c#44354,sqlite3.c,44354,95032,3421,4002
sqlite3Expr#sqlite3.c#44378,sqlite3.c,44378,95032,3421,4002
sqlite3ExprAttachSubtrees#sqlite3.c#44398,sqlite3.c,44398,732,53,357
sqlite3ExprCheckHeight#sqlite3.c#44283,sqlite3.c,44283,95032,3421,4002
sqlite3ExprAddCollateString#sqlite3.c#43932,sqlite3.c,43932,95032,3421,4002
sqlite3PExpr#sqlite3.c#44423,sqlite3.c,44423,95032,3421,4002
sqlite3ExprSetHeightAndFlags#sqlite3.c#44336,sqlite3.c,44336,95032,3421,4002
sqlite3PExprAddSelect#sqlite3.c#44439,sqlite3.c,44439,95032,3421,4002
sqlite3ExprDeferredDelete#sqlite3.c#44692,sqlite3.c,44692,95032,3421,4002
sqlite3ExprAnd#sqlite3.c#44486,sqlite3.c,44486,95032,3421,4002
sqlite3ExprSimplifiedAndOr#sqlite3.c#45277,sqlite3.c,45277,13,1,137
sqlite3ExprFunction#sqlite3.c#44504,sqlite3.c,44504,95032,3421,4002
sqlite3ExprListDeleteGeneric#sqlite3.c#45230,sqlite3.c,45230,711,53,357
sqlite3ExprOrderByAggregateError#sqlite3.c#44526,sqlite3.c,44526,95032,3421,4002
sqlite3ExprAddFunctionOrderBy#sqlite3.c#44530,sqlite3.c,44530,95032,3421,4002
sqlite3ExprFunctionUsable#sqlite3.c#44570,sqlite3.c,44570,95032,3421,4002
sqlite3VListNameToNum#sqlite3.c#13056,sqlite3.c,13056,12,1,138
sqlite3Atoi64#sqlite3.c#12395,sqlite3.c,12395,95,2,144
sqlite3VListAdd#sqlite3.c#13019,sqlite3.c,13019,95032,3421,4002
sqlite3ExprAssignVarNumber#sqlite3.c#44580,sqlite3.c,44580,95032,3421,4002
sqlite3ExprDeleteNN#sqlite3.c#44638,sqlite3.c,44638,708,52,356
sqlite3ExprDeleteGeneric#sqlite3.c#44679,sqlite3.c,44679,711,53,357
sqlite3RenameExprUnmap#sqlite3.c#48932,sqlite3.c,48932,95032,3421,4002
sqlite3ExprUnmapAndDelete#sqlite3.c#44696,sqlite3.c,44696,95032,3421,4002
zeroItem#sqlite3.c#45066,sqlite3.c,45066,0,0,1
sqlite3ExprListAppendGrow#sqlite3.c#45084,sqlite3.c,45084,95032,3421,4002
sqlite3ExprListAppendNew#sqlite3.c#45068,sqlite3.c,45068,95032,3421,4002
exprRowColumn#sqlite3.c#69037,sqlite3.c,69037,95032,3421,4002
sqlite3ExprVectorSize#sqlite3.c#44125,sqlite3.c,44125,13,1,150
sqlite3ExprForVectorField#sqlite3.c#44154,sqlite3.c,44154,95032,3421,4002
sqlite3IdListDelete#sqlite3.c#54114,sqlite3.c,54114,142,13,312
sqlite3ExprListAppendVector#sqlite3.c#45116,sqlite3.c,45116,95032,3421,4002
sqlite3ExprListToValues#sqlite3.c#44450,sqlite3.c,44450,95032,3421,4002
sqlite3ExprListSetSortOrder#sqlite3.c#45151,sqlite3.c,45151,20,1,142
sqlite3RenameTokenMap#sqlite3.c#48829,sqlite3.c,48829,95032,3421,4002
sqlite3ExprListSetName#sqlite3.c#45172,sqlite3.c,45172,95032,3421,4002
sqlite3ExprListSetSpan#sqlite3.c#45191,sqlite3.c,45191,95032,3421,4002
exprListDeleteNN#sqlite3.c#45213,sqlite3.c,45213,708,52,356
sqlite3ExprListFlags#sqlite3.c#45234,sqlite3.c,45234,11,1,137
sqlite3IndexHasDuplicateRootPage#sqlite3.c#62532,sqlite3.c,62532,7,1,137
sqlite3CommitInternalChanges#sqlite3.c#51680,sqlite3.c,51680,3,1,137
sqlite3InitOne#sqlite3.c#62617,sqlite3.c,62617,95032,3421,4002
sqlite3Prepare#sqlite3.c#62892,sqlite3.c,62892,95032,3421,4002
sqlite3FindIndex#sqlite3.c#51572,sqlite3.c,51572,76,6,156
sqlite3GetUInt32#sqlite3.c#12675,sqlite3.c,12675,11,1,138
corruptSchema#sqlite3.c#62510,sqlite3.c,62510,95032,3421,4002
sqlite3ResetOneSchema#sqlite3.c#51641,sqlite3.c,51641,798,59,363
sqlite3SetTextEncoding#sqlite3.c#54876,sqlite3.c,54876,95032,3421,4002
sqlite3AbsInt32#sqlite3.c#12965,sqlite3.c,12965,66,6,150
sqlite3AnalysisLoad#sqlite3.c#50760,sqlite3.c,50760,95032,3421,4002
getLockingMode#sqlite3.c#60747,sqlite3.c,60747,26,2,151
tableSkipIntegrityCheck#sqlite3.c#60922,sqlite3.c,60922,7,1,137
sqlite3GenerateIndexKey#sqlite3.c#55494,sqlite3.c,55494,95032,3421,4002
sqlite3ExprIfFalse#sqlite3.c#47632,sqlite3.c,47632,95032,3421,4002
sqlite3TableLock#sqlite3.c#51321,sqlite3.c,51321,95032,3421,4002
sqlite3CodeVerifyNamedSchema#sqlite3.c#54518,sqlite3.c,54518,95032,3421,4002
returnSingleInt#sqlite3.c#60814,sqlite3.c,60814,95032,3421,4002
changeTempStorage#sqlite3.c#60790,sqlite3.c,60790,95032,3421,4002
getSafetyLevel#sqlite3.c#60725,sqlite3.c,60725,95032,3421,4002
sqlite3BeginWriteOperation#sqlite3.c#54529,sqlite3.c,54529,95032,3421,4002
pragmaLocate#sqlite3.c#60871,sqlite3.c,60871,53,4,163
integrityCheckResultRow#sqlite3.c#60913,sqlite3.c,60913,95032,3421,4002
sqlite3OpenTable#sqlite3.c#58144,sqlite3.c,58144,95032,3421,4002
sqlite3ViewGetColumnNames#sqlite3.c#53166,sqlite3.c,53166,95032,3421,4002
sqlite3AuthCheck#sqlite3.c#51262,sqlite3.c,51262,95032,3421,4002
sqlite3JournalModename#sqlite3.c#60857,sqlite3.c,60857,13,1,1
setPragmaResultColumnNames#sqlite3.c#60801,sqlite3.c,60801,95032,3421,4002
sqlite3TableColumnToIndex#sqlite3.c#51911,sqlite3.c,51911,18,2,148
invalidateTempStorage#sqlite3.c#60776,sqlite3.c,60776,95032,3421,4002
setAllPagerFlags#sqlite3.c#60826,sqlite3.c,60826,152,12,167
sqlite3OpenTableAndIndices#sqlite3.c#59728,sqlite3.c,59728,95032,3421,4002
getAutoVacuum#sqlite3.c#60755,sqlite3.c,60755,80,5,161
pragmaFunclistLine#sqlite3.c#60888,sqlite3.c,60888,95032,3421,4002
sqlite3ExprCodeGetColumnOfTable#sqlite3.c#46397,sqlite3.c,46397,95032,3421,4002
sqlite3ResolvePartIdxLabel#sqlite3.c#55529,sqlite3.c,55529,95032,3421,4002
sqlite3TwoPartName#sqlite3.c#51855,sqlite3.c,51855,95032,3421,4002
sqlite3RegisterLikeFunctions#sqlite3.c#57026,sqlite3.c,57026,95032,3421,4002
sqlite3NameFromToken#sqlite3.c#51814,sqlite3.c,51814,95032,3421,4002
sqlite3ColumnDefault#sqlite3.c#68999,sqlite3.c,68999,95032,3421,4002
sqlite3FkLocateIndex#sqlite3.c#57458,sqlite3.c,57458,95032,3421,4002
sqlite3ExprCodeLoadIndexColumn#sqlite3.c#46362,sqlite3.c,46362,95032,3421,4002
returnSingleText#sqlite3.c#60819,sqlite3.c,60819,95032,3421,4002
sqlite3CodeVerifySchema#sqlite3.c#54514,sqlite3.c,54514,95032,3421,4002
sqlite3ExprIfTrue#sqlite3.c#47494,sqlite3.c,47494,95032,3421,4002
sqlite3Pragma#sqlite3.c#60930,sqlite3.c,60930,95032,3421,4002
sqlite3VtabCreateModule#sqlite3.c#70154,sqlite3.c,70154,95032,3421,4002
sqlite3PragmaVtabRegister#sqlite3.c#62500,sqlite3.c,62500,95032,3421,4002
sqlite3VtabUnlockList#sqlite3.c#70305,sqlite3.c,70305,143,14,312
sqlite3CollapseDatabaseArray#sqlite3.c#51619,sqlite3.c,51619,125,12,310
sqlite3ColumnSetExpr#sqlite3.c#51684,sqlite3.c,51684,95032,3421,4002
sqlite3ColumnSetColl#sqlite3.c#51705,sqlite3.c,51705,95032,3421,4002
sqlite3DeleteColumnNames#sqlite3.c#51734,sqlite3.c,51734,708,52,356
generateColumnTypes#sqlite3.c#64178,sqlite3.c,64178,95032,3421,4002
sqlite3GenerateColumnNames#sqlite3.c#64193,sqlite3.c,64193,95032,3421,4002
sqlite3ExprSkipCollateAndLikely#sqlite3.c#43947,sqlite3.c,43947,15,1,137
sqlite3IsTrueOrFalse#sqlite3.c#45252,sqlite3.c,45252,24,2,151
sqlite3StrIHash#sqlite3.c#12104,sqlite3.c,12104,9,1,8
sqlite3ColumnsFromExprList#sqlite3.c#64249,sqlite3.c,64249,95032,3421,4002
columnTypeImpl#sqlite3.c#64113,sqlite3.c,64113,74,2,140
sqlite3ExprCollSeq#sqlite3.c#43963,sqlite3.c,43963,95032,3421,4002
sqlite3ExprAffinity#sqlite3.c#43825,sqlite3.c,43825,146,5,163
sqlite3StdTypeAffinity#sqlite3.c#5467,sqlite3.c,5467,0,0,1
sqlite3ExprDataType#sqlite3.c#43869,sqlite3.c,43869,196,6,164
sqlite3SubqueryColumnTypes#sqlite3.c#64338,sqlite3.c,64338,95032,3421,4002
sqlite3SelectPrep#sqlite3.c#66600,sqlite3.c,66600,95032,3421,4002
sqlite3OpenSchemaTable#sqlite3.c#51825,sqlite3.c,51825,95032,3421,4002
sqlite3StorageColumnToTable#sqlite3.c#51925,sqlite3.c,51925,9,1,137
sqlite3ForceNotReadOnly#sqlite3.c#51950,sqlite3.c,51950,95032,3421,4002
sqlite3CheckObjectName#sqlite3.c#51886,sqlite3.c,51886,95032,3421,4002
sqlite3StartTable#sqlite3.c#51959,sqlite3.c,51959,95032,3421,4002
sqlite3StdTypeLen#sqlite3.c#5465,sqlite3.c,5465,0,0,1
sqlite3AddColumn#sqlite3.c#52128,sqlite3.c,52128,95032,3421,4002
sqlite3AddNotNull#sqlite3.c#52209,sqlite3.c,52209,18,1,143
sqlite3CreateIndex#sqlite3.c#53608,sqlite3.c,53608,95032,3421,4002
makeColumnPartOfPrimaryKey#sqlite3.c#52320,sqlite3.c,52320,95032,3421,4002
sqlite3RenameTokenRemap#sqlite3.c#48845,sqlite3.c,48845,10,1,143
sqlite3StringToId#sqlite3.c#52312,sqlite3.c,52312,7,1,137
sqlite3HasExplicitNulls#sqlite3.c#53594,sqlite3.c,53594,95032,3421,4002
sqlite3ExprSkipCollate#sqlite3.c#43939,sqlite3.c,43939,7,1,137
sqlite3AddPrimaryKey#sqlite3.c#52329,sqlite3.c,52329,95032,3421,4002
sqlite3AddCheckConstraint#sqlite3.c#52382,sqlite3.c,52382,95032,3421,4002
sqlite3ExprIsConstantOrFunction#sqlite3.c#45497,sqlite3.c,45497,95032,3421,4002
sqlite3AddDefaultValue#sqlite3.c#52280,sqlite3.c,52280,95032,3421,4002
sqlite3LocateCollSeq#sqlite3.c#54905,sqlite3.c,54905,95032,3421,4002
sqlite3AddCollateType#sqlite3.c#52403,sqlite3.c,52403,95032,3421,4002
sqlite3AddGenerated#sqlite3.c#52426,sqlite3.c,52426,95032,3421,4002
sqlite3NestedParse#sqlite3.c#51432,sqlite3.c,51432,95032,3421,4002
sqlite3ShadowTableName#sqlite3.c#52821,sqlite3.c,52821,95032,3421,4002
sqlite3ResolveSelfReference#sqlite3.c#43786,sqlite3.c,43786,95032,3421,4002
estimateIndexWidth#sqlite3.c#52613,sqlite3.c,52613,23,2,151
convertToWithoutRowidTable#sqlite3.c#52669,sqlite3.c,52669,95032,3421,4002
estimateTableWidth#sqlite3.c#52602,sqlite3.c,52602,22,2,151
createTableStmt#sqlite3.c#52499,sqlite3.c,52499,95032,3421,4002
sqlite3TableAffinity#sqlite3.c#58217,sqlite3.c,58217,95032,3421,4002
sqlite3ChangeCookie#sqlite3.c#52466,sqlite3.c,52466,95032,3421,4002
sqlite3EndTable#sqlite3.c#52835,sqlite3.c,52835,95032,3421,4002
sqlite3DeleteReturning#sqlite3.c#52079,sqlite3.c,52079,716,53,357
sqlite3AddReturning#sqlite3.c#52088,sqlite3.c,52088,95032,3421,4002
sqlite3HexToInt#sqlite3.c#12864,sqlite3.c,12864,5,1,2
sqlite3ParseUri#sqlite3.c#83472,sqlite3.c,83472,95032,3421,4002
sqlite3BitvecCreate#sqlite3.c#16790,sqlite3.c,16790,126,13,179
sqlite3BitvecTestNotNull#sqlite3.c#16800,sqlite3.c,16800,23,1,137
sqlite3BitvecTest#sqlite3.c#16824,sqlite3.c,16824,26,2,138
sqlite3BitvecSet#sqlite3.c#16828,sqlite3.c,16828,95032,3421,4002
sqlite3BitvecSize#sqlite3.c#16930,sqlite3.c,16930,3,1,137
sqlite3RowSetInit#sqlite3.c#18106,sqlite3.c,18106,95032,3421,4002
sqlite3RowSetDelete#sqlite3.c#18138,sqlite3.c,18138,122,13,311
rowSetEntryAlloc#sqlite3.c#18143,sqlite3.c,18143,95032,3421,4002
sqlite3RowSetInsert#sqlite3.c#18160,sqlite3.c,18160,95032,3421,4002
rowSetEntryMerge#sqlite3.c#18180,sqlite3.c,18180,26,1,6
rowSetEntrySort#sqlite3.c#18207,sqlite3.c,18207,47,2,141
rowSetTreeToList#sqlite3.c#18229,sqlite3.c,18229,16,1,6
rowSetListToTree#sqlite3.c#18269,sqlite3.c,18269,39,2,7
sqlite3RowSetTest#sqlite3.c#18308,sqlite3.c,18308,95032,3421,4002
sqlite3RowSetNext#sqlite3.c#18287,sqlite3.c,18287,185,15,313
sqlite3FixSelect#sqlite3.c#51142,sqlite3.c,51142,141,12,169
sqlite3FixInit#sqlite3.c#51113,sqlite3.c,51113,95032,3421,4002
sqlite3SelectDup#sqlite3.c#45026,sqlite3.c,45026,95032,3421,4002
sqlite3RenameExprlistUnmap#sqlite3.c#48944,sqlite3.c,48944,171,14,177
sqlite3CreateView#sqlite3.c#53044,sqlite3.c,53044,95032,3421,4002
viewGetColumnNames#sqlite3.c#53097,sqlite3.c,53097,95032,3421,4002
sqlite3CodeDropTable#sqlite3.c#53256,sqlite3.c,53256,95032,3421,4002
sqlite3FkDropTable#sqlite3.c#57731,sqlite3.c,57731,95032,3421,4002
sqlite3ClearStatTables#sqlite3.c#53244,sqlite3.c,53244,95032,3421,4002
sqlite3SrcListDelete#sqlite3.c#54241,sqlite3.c,54241,708,52,356
sqlite3LocateTableItem#sqlite3.c#51547,sqlite3.c,51547,95032,3421,4002
tableMayNotBeDropped#sqlite3.c#53296,sqlite3.c,53296,32,3,152
sqlite3DropTable#sqlite3.c#53311,sqlite3.c,53311,95032,3421,4002
destroyTable#sqlite3.c#53217,sqlite3.c,53217,95032,3421,4002
sqlite3TriggerList#sqlite3.c#68093,sqlite3.c,68093,46,2,151
sqlite3DropTriggerPtr#sqlite3.c#68505,sqlite3.c,68505,95032,3421,4002
sqliteViewResetAll#sqlite3.c#53172,sqlite3.c,53172,720,53,357
deleteTable#sqlite3.c#51758,sqlite3.c,51758,708,52,356
sqlite3DeleteTableGeneric#sqlite3.c#51796,sqlite3.c,51796,711,53,357
sqlite3DeleteIndexSamples#sqlite3.c#50753,sqlite3.c,50753,6,1,137
sqlite3FreeIndex#sqlite3.c#51588,sqlite3.c,51588,708,52,356
autoIncrementEnd#sqlite3.c#58448,sqlite3.c,58448,95032,3421,4002
sqlite3AutoincrementEnd#sqlite3.c#58481,sqlite3.c,58481,95032,3421,4002
sqlite3SrcListLookup#sqlite3.c#55073,sqlite3.c,55073,95032,3421,4002
sqlite3CodeRowTrigger#sqlite3.c#68954,sqlite3.c,68954,95032,3421,4002
readsTable#sqlite3.c#58259,sqlite3.c,58259,95032,3421,4002
sqlite3ResolveExprListNames#sqlite3.c#43739,sqlite3.c,43739,95032,3421,4002
sqlite3UpsertDelete#sqlite3.c#69744,sqlite3.c,69744,723,54,358
sqlite3UpsertAnalyzeTarget#sqlite3.c#69774,sqlite3.c,69774,95032,3421,4002
sqlite3CodeChangeCount#sqlite3.c#55090,sqlite3.c,55090,95032,3421,4002
sqlite3IsReadOnly#sqlite3.c#55122,sqlite3.c,55122,95032,3421,4002
xferOptimization#sqlite3.c#59828,sqlite3.c,59828,95032,3421,4002
sqlite3TriggersExist#sqlite3.c#68613,sqlite3.c,68613,95032,3421,4002
autoIncStep#sqlite3.c#58442,sqlite3.c,58442,95032,3421,4002
sqlite3GenerateConstraintChecks#sqlite3.c#59125,sqlite3.c,59125,95032,3421,4002
sqlite3SrcListDup#sqlite3.c#44948,sqlite3.c,44948,95032,3421,4002
sqlite3IdListDup#sqlite3.c#45010,sqlite3.c,45010,95032,3421,4002
sqlite3ComputeGeneratedColumns#sqlite3.c#58296,sqlite3.c,58296,95032,3421,4002
sqlite3CompleteInsertion#sqlite3.c#59681,sqlite3.c,59681,95032,3421,4002
sqlite3ExprCodeFactorable#sqlite3.c#47407,sqlite3.c,47407,95032,3421,4002
sqlite3ExprCodeTarget#sqlite3.c#46719,sqlite3.c,46719,95032,3421,4002
sqlite3VtabMakeWritable#sqlite3.c#70889,sqlite3.c,70889,95032,3421,4002
sqlite3FkCheck#sqlite3.c#57803,sqlite3.c,57803,95032,3421,4002
autoIncBegin#sqlite3.c#58367,sqlite3.c,58367,95032,3421,4002
sqlite3UpsertDup#sqlite3.c#69748,sqlite3.c,69748,95032,3421,4002
sqlite3Insert#sqlite3.c#58600,sqlite3.c,58600,95032,3421,4002
sqlite3ExprCodeGeneratedColumn#sqlite3.c#46375,sqlite3.c,46375,95032,3421,4002
exprColumnFlagUnion#sqlite3.c#58288,sqlite3.c,58288,7,1,147
sqlite3ArrayAllocate#sqlite3.c#54073,sqlite3.c,54073,95032,3421,4002
sqlite3IdListAppend#sqlite3.c#54091,sqlite3.c,54091,95032,3421,4002
sqlite3IdListIndex#sqlite3.c#54124,sqlite3.c,54124,27,2,151
sqlite3SrcListEnlarge#sqlite3.c#54133,sqlite3.c,54133,95032,3421,4002
sqlite3SrcListAppendList#sqlite3.c#54364,sqlite3.c,54364,95032,3421,4002
sqlite3SubqueryDelete#sqlite3.c#54224,sqlite3.c,54224,708,52,356
sqlite3SubqueryDetach#sqlite3.c#54230,sqlite3.c,54230,114,12,310
sqlite3ClearOnOrUsing#sqlite3.c#44683,sqlite3.c,44683,716,53,357
sqlite3SrcListAppendFromTerm#sqlite3.c#54297,sqlite3.c,54297,95032,3421,4002
sqlite3SrcListIndexedBy#sqlite3.c#54345,sqlite3.c,54345,95032,3421,4002
sqlite3SrcListFuncArgs#sqlite3.c#54386,sqlite3.c,54386,720,53,357
sqlite3IndexedByLookup#sqlite3.c#65976,sqlite3.c,65976,95032,3421,4002
sqlite3SrcListShiftJoinType#sqlite3.c#54399,sqlite3.c,54399,19,1,143
sqlite3AllocateIndexObject#sqlite3.c#53574,sqlite3.c,53574,95032,3421,4002
sqlite3IndexBloomable#sqlite3.c#52592,sqlite3.c,52592,28,2,151
sqlite3DefaultRowEst#sqlite3.c#53994,sqlite3.c,53994,21,1,138
sqlite3ExprListCheckLength#sqlite3.c#45204,sqlite3.c,45204,95032,3421,4002
recomputeColumnsNotIndexed#sqlite3.c#52653,sqlite3.c,52653,15,1,137
sqlite3FixSrcList#sqlite3.c#51131,sqlite3.c,51131,148,12,169
isDupColumn#sqlite3.c#52634,sqlite3.c,52634,37,2,151
sqlite3RefillIndex#sqlite3.c#53507,sqlite3.c,53507,95032,3421,4002
destroyRootPage#sqlite3.c#53207,sqlite3.c,53207,95032,3421,4002
sqlite3DropIndex#sqlite3.c#54016,sqlite3.c,54016,95032,3421,4002
sqlite3WhereIsSorted#sqlite3.c#76657,sqlite3.c,76657,5,1,147
multiSelect#sqlite3.c#64694,sqlite3.c,64694,95032,3421,4002
fromClauseTermCanBeCoroutine#sqlite3.c#67084,sqlite3.c,67084,93,5,165
sqlite3WhereIsOrdered#sqlite3.c#74022,sqlite3.c,74022,3,1,147
sqlite3WhereMinMaxOptEarlyOut#sqlite3.c#74036,sqlite3.c,74036,95032,3421,4002
sqlite3WhereOrderByLimitOptLabel#sqlite3.c#74026,sqlite3.c,74026,9,1,147
pushDownWhereTerms#sqlite3.c#65776,sqlite3.c,65776,95032,3421,4002
sqlite3WhereBreakLabel#sqlite3.c#74056,sqlite3.c,74056,3,1,147
computeLimitRegisters#sqlite3.c#64462,sqlite3.c,64462,95032,3421,4002
agginfoFree#sqlite3.c#66993,sqlite3.c,66993,110,12,310
sqlite3ExprCodeMove#sqlite3.c#46451,sqlite3.c,46451,95032,3421,4002
explainTempTable#sqlite3.c#63963,sqlite3.c,63963,95032,3421,4002
resetAccumulator#sqlite3.c#66690,sqlite3.c,66690,95032,3421,4002
explainSimpleCount#sqlite3.c#66929,sqlite3.c,66929,95032,3421,4002
isSelfJoinView#sqlite3.c#66964,sqlite3.c,66964,65,4,164
propagateConstants#sqlite3.c#65736,sqlite3.c,65736,95032,3421,4002
fixDistinctOpenEph#sqlite3.c#63660,sqlite3.c,63660,894,67,375
assignAggregateRegisters#sqlite3.c#66683,sqlite3.c,66683,6,1,137
sqlite3WhereBegin#sqlite3.c#77221,sqlite3.c,77221,95032,3421,4002
aggregateConvertIndexedExprRefToColumn#sqlite3.c#66673,sqlite3.c,66673,165,13,170
countOfViewOptimization#sqlite3.c#67000,sqlite3.c,67000,95032,3421,4002
havingToWhere#sqlite3.c#66955,sqlite3.c,66955,95032,3421,4002
sqlite3CopySortOrder#sqlite3.c#67234,sqlite3.c,67234,14,1,6
updateAccumulator#sqlite3.c#66796,sqlite3.c,66796,95032,3421,4002
selectInnerLoop#sqlite3.c#63676,sqlite3.c,63676,95032,3421,4002
sqlite3WhereOutputRowCount#sqlite3.c#74014,sqlite3.c,74014,3,1,147
sqlite3WhereContinueLabel#sqlite3.c#74051,sqlite3.c,74051,4,1,147
minMaxQuery#sqlite3.c#65920,sqlite3.c,65920,95032,3421,4002
finalizeAggFunctions#sqlite3.c#66744,sqlite3.c,66744,95032,3421,4002
sqlite3ExprToRegister#sqlite3.c#46455,sqlite3.c,46455,95032,3421,4002
existsToJoin#sqlite3.c#67113,sqlite3.c,67113,95032,3421,4002
optimizeAggregateUseOfIndexedExpr#sqlite3.c#66635,sqlite3.c,66635,95032,3421,4002
generateSortTail#sqlite3.c#63967,sqlite3.c,63967,95032,3421,4002
disableUnusedSubqueryResultColumns#sqlite3.c#65863,sqlite3.c,65863,56,1,137
sqlite3ExprNullRegisterRange#sqlite3.c#47350,sqlite3.c,47350,95032,3421,4002
sqlite3ExprAnalyzeAggregates#sqlite3.c#48421,sqlite3.c,48421,95032,3421,4002
unsetJoinExpr#sqlite3.c#63356,sqlite3.c,63356,23,1,137
flattenSubquery#sqlite3.c#65383,sqlite3.c,65383,95032,3421,4002
sqlite3WhereIsDistinct#sqlite3.c#74018,sqlite3.c,74018,3,1,147
sameSrcAlias#sqlite3.c#67069,sqlite3.c,67069,14,1,137
isSimpleCount#sqlite3.c#65953,sqlite3.c,65953,22,1,137
analyzeAggFuncArgs#sqlite3.c#66612,sqlite3.c,66612,95032,3421,4002
sqlite3ExprAnalyzeAggList#sqlite3.c#48433,sqlite3.c,48433,95032,3421,4002
sqlite3SelectExprHeight#sqlite3.c#44342,sqlite3.c,44342,31,4,140
clearSelect#sqlite3.c#63151,sqlite3.c,63151,708,52,356
sqlite3SelectDeleteGeneric#sqlite3.c#63228,sqlite3.c,63228,711,53,357
selectCheckOnClausesSelect#sqlite3.c#67192,sqlite3.c,67192,154,12,169
selectCheckOnClausesExpr#sqlite3.c#67158,sqlite3.c,67158,95032,3421,4002
sqlite3SelectCheckOnClauses#sqlite3.c#67209,sqlite3.c,67209,95032,3421,4002
tabIsReadOnly#sqlite3.c#55108,sqlite3.c,55108,95032,3421,4002
sqlite3MultiWrite#sqlite3.c#54536,sqlite3.c,54536,4,1,137
sqlite3GenerateRowDelete#sqlite3.c#55399,sqlite3.c,55399,95032,3421,4002
sqlite3WhereUsesDeferredSeek#sqlite3.c#74065,sqlite3.c,74065,3,1,147
sqlite3AuthContextPush#sqlite3.c#51270,sqlite3.c,51270,6,1,138
sqlite3MaterializeView#sqlite3.c#55134,sqlite3.c,55134,95032,3421,4002
sqlite3ResolveExprNames#sqlite3.c#43712,sqlite3.c,43712,95032,3421,4002
sqlite3FkRequired#sqlite3.c#57939,sqlite3.c,57939,132,10,169
sqlite3AuthContextPop#sqlite3.c#51277,sqlite3.c,51277,6,1,138
sqlite3WhereOkOnePass#sqlite3.c#74060,sqlite3.c,74060,4,1,147
sqlite3DeleteFrom#sqlite3.c#55156,sqlite3.c,55156,95032,3421,4002
sqlite3FkActions#sqlite3.c#58104,sqlite3.c,58104,95032,3421,4002
updateFromSelect#sqlite3.c#69043,sqlite3.c,69043,95032,3421,4002
sqlite3GenerateRowIndexDelete#sqlite3.c#55465,sqlite3.c,55465,95032,3421,4002
sqlite3TriggerColmask#sqlite3.c#68973,sqlite3.c,68973,95032,3421,4002
indexColumnIsBeingUpdated#sqlite3.c#69020,sqlite3.c,69020,179,14,171
sqlite3FkOldmask#sqlite3.c#57917,sqlite3.c,57917,95032,3421,4002
updateVirtualTable#sqlite3.c#69611,sqlite3.c,69611,95032,3421,4002
sqlite3ExprReferencesUpdatedColumn#sqlite3.c#59057,sqlite3.c,59057,168,13,170
indexWhereClauseMightChange#sqlite3.c#69032,sqlite3.c,69032,172,14,171
sqlite3Update#sqlite3.c#69096,sqlite3.c,69096,95032,3421,4002
whereAddIndexedExpr#sqlite3.c#77174,sqlite3.c,77174,95032,3421,4002
sqlite3WhereExplainOneScan#sqlite3.c#71404,sqlite3.c,71404,95032,3421,4002
sqlite3KeyInfoAlloc#sqlite3.c#63897,sqlite3.c,63897,95032,3421,4002
whereLoopAddAll#sqlite3.c#76311,sqlite3.c,76311,95032,3421,4002
sqlite3WhereExprAnalyze#sqlite3.c#73943,sqlite3.c,73943,95032,3421,4002
whereReverseScanOrder#sqlite3.c#77211,sqlite3.c,77211,9,1,147
sqlite3WhereTabFuncArgs#sqlite3.c#73950,sqlite3.c,73950,95032,3421,4002
sqlite3ConstructBloomFilter#sqlite3.c#74641,sqlite3.c,74641,95032,3421,4002
whereOmitNoopJoin#sqlite3.c#77094,sqlite3.c,77094,142,7,153
isDistinctRedundant#sqlite3.c#74332,sqlite3.c,74332,95032,3421,4002
createMask#sqlite3.c#74140,sqlite3.c,74140,4,1,138
whereLoopInit#sqlite3.c#74990,sqlite3.c,74990,6,1,150
whereInfoFree#sqlite3.c#75057,sqlite3.c,75057,785,59,363
sqlite3WhereMalloc#sqlite3.c#74117,sqlite3.c,74117,95032,3421,4002
wherePathSolver#sqlite3.c#76757,sqlite3.c,76757,95032,3421,4002
constructAutomaticIndex#sqlite3.c#74434,sqlite3.c,74434,95032,3421,4002
whereShortCut#sqlite3.c#76998,sqlite3.c,76998,95032,3421,4002
exprIsDeterministic#sqlite3.c#77084,sqlite3.c,77084,159,14,171
sqlite3WhereSplit#sqlite3.c#73779,sqlite3.c,73779,95032,3421,4002
whereCheckIfBloomFilterIsUseful#sqlite3.c#77152,sqlite3.c,77152,54,4,153
sqlite3WhereAddLimit#sqlite3.c#73818,sqlite3.c,73818,95032,3421,4002
sqlite3WhereCodeOneLoopStart#sqlite3.c#71912,sqlite3.c,71912,95032,3421,4002
whereInterstageHeuristic#sqlite3.c#76974,sqlite3.c,76974,23,1,147
wherePartIdxExpr#sqlite3.c#75699,sqlite3.c,75699,95032,3421,4002
sqlite3WhereClauseInit#sqlite3.c#73860,sqlite3.c,73860,9,1,147
sqlite3WhereRightJoinLoop#sqlite3.c#72743,sqlite3.c,72743,95032,3421,4002
sqlite3WhereAddExplainText#sqlite3.c#71331,sqlite3.c,71331,95032,3421,4002
translateColumnToCopy#sqlite3.c#74366,sqlite3.c,74366,33,3,151
sqlite3ExprCodeCopy#sqlite3.c#47400,sqlite3.c,47400,95032,3421,4002
sqlite3ExprCodeGetColumn#sqlite3.c#46438,sqlite3.c,46438,95032,3421,4002
exprCodeVector#sqlite3.c#46468,sqlite3.c,46468,95032,3421,4002
sqlite3ExprIsConstantNotJoin#sqlite3.c#45413,sqlite3.c,45413,95032,3421,4002
sqlite3ExprCodeRunJustOnce#sqlite3.c#47309,sqlite3.c,47309,95032,3421,4002
sqlite3ExprCodeTemp#sqlite3.c#47361,sqlite3.c,47361,95032,3421,4002
sqlite3ExprIsConstant#sqlite3.c#45409,sqlite3.c,45409,95032,3421,4002
sqlite3IndexedExprLookup#sqlite3.c#46603,sqlite3.c,46603,95032,3421,4002
codeVectorCompare#sqlite3.c#44209,sqlite3.c,44209,95032,3421,4002
sqlite3SubselectError#sqlite3.c#45842,sqlite3.c,45842,95032,3421,4002
sqlite3VtabOverloadFunction#sqlite3.c#70853,sqlite3.c,70853,95032,3421,4002
exprPartidxExprLookup#sqlite3.c#46646,sqlite3.c,46646,95032,3421,4002
exprCodeInlineFunction#sqlite3.c#46496,sqlite3.c,46496,95032,3421,4002
setDoNotMergeFlagOnCopy#sqlite3.c#46490,sqlite3.c,46490,22,4,152
codeReal#sqlite3.c#46326,sqlite3.c,46326,95032,3421,4002
exprCodeBetween#sqlite3.c#47451,sqlite3.c,47451,95032,3421,4002
sqlite3CodeSubselect#sqlite3.c#46046,sqlite3.c,46046,95032,3421,4002
sqlite3TableColumnAffinity#sqlite3.c#43820,sqlite3.c,43820,4,1,137
exprCodeTargetAndOr#sqlite3.c#46668,sqlite3.c,46668,95032,3421,4002
sqlite3ExprIsVector#sqlite3.c#44121,sqlite3.c,44121,16,2,151
sqlite3HexToBlob#sqlite3.c#12870,sqlite3.c,12870,95032,3421,4002
exprComputeOperands#sqlite3.c#45299,sqlite3.c,45299,95032,3421,4002
codeInteger#sqlite3.c#46336,sqlite3.c,46336,95032,3421,4002
sqlite3ExprCodeIN#sqlite3.c#46146,sqlite3.c,46146,95032,3421,4002
codeCompare#sqlite3.c#44105,sqlite3.c,44105,95032,3421,4002
exprEvalRhsFirst#sqlite3.c#45291,sqlite3.c,45291,7,1,137
sqlite3ExprIfFalseDup#sqlite3.c#47778,sqlite3.c,47778,95032,3421,4002
sqlite3JsonVtabRegister#sqlite3.c#98700,sqlite3.c,98700,95032,3421,4002
sqlite3VtabEponymousTableInit#sqlite3.c#70907,sqlite3.c,70907,95032,3421,4002
sqlite3DbIsNamed#sqlite3.c#50812,sqlite3.c,50812,22,2,151
sqlite3UnlinkAndDeleteTable#sqlite3.c#51800,sqlite3.c,51800,721,53,357
sqlite3UnlinkAndDeleteIndex#sqlite3.c#51597,sqlite3.c,51597,729,53,357
sqlite3Vacuum#sqlite3.c#69975,sqlite3.c,69975,95032,3421,4002
execSqlF#sqlite3.c#69962,sqlite3.c,69962,95032,3421,4002
execSql#sqlite3.c#69940,sqlite3.c,69940,95032,3421,4002
sqlite3RunVacuum#sqlite3.c#69997,sqlite3.c,69997,95032,3421,4002
exprCompareVariable#sqlite3.c#47787,sqlite3.c,47787,95032,3421,4002
sqlite3ExprCompareSkip#sqlite3.c#47893,sqlite3.c,47893,95032,3421,4002
sqlite3ExprIsIIF#sqlite3.c#47951,sqlite3.c,47951,95032,3421,4002
exprImpliesNotNull#sqlite3.c#47897,sqlite3.c,47897,95032,3421,4002
impliesNotNullRow#sqlite3.c#48000,sqlite3.c,48000,201,13,170
agginfoPersistExprCb#sqlite3.c#48193,sqlite3.c,48193,95032,3421,4002
analyzeAggregate#sqlite3.c#48294,sqlite3.c,48294,95032,3421,4002
exprIdxCover#sqlite3.c#48082,sqlite3.c,48082,25,3,149
sqlite3ExprCoveredByIndex#sqlite3.c#48090,sqlite3.c,48090,174,15,172
selectRefEnter#sqlite3.c#48109,sqlite3.c,48109,95032,3421,4002
selectRefLeave#sqlite3.c#48130,sqlite3.c,48130,8,1,147
exprRefToSrcList#sqlite3.c#48139,sqlite3.c,48139,19,1,147
sqlite3ReferencesSrcList#sqlite3.c#48159,sqlite3.c,48159,95032,3421,4002
sqlite3VtabRollback#sqlite3.c#70776,sqlite3.c,70776,154,15,313
sqlite3RollbackAll#sqlite3.c#82813,sqlite3.c,82813,95032,3421,4002
sqlite3CodeVerifySchemaAtToplevel#sqlite3.c#54501,sqlite3.c,54501,95032,3421,4002
sqlite3BeginTransaction#sqlite3.c#54419,sqlite3.c,54419,95032,3421,4002
sqlite3EndTransaction#sqlite3.c#54449,sqlite3.c,54449,95032,3421,4002
sqlite3Savepoint#sqlite3.c#54465,sqlite3.c,54465,95032,3421,4002
sqlite3CloseSavepoints#sqlite3.c#82628,sqlite3.c,82628,114,12,310
sqlite3VtabEponymousTableClear#sqlite3.c#70944,sqlite3.c,70944,716,53,357
sqlite3CloseExtensions#sqlite3.c#60592,sqlite3.c,60592,115,13,311
connectionIsBusy#sqlite3.c#82675,sqlite3.c,82675,15,2,138
functionDestroy#sqlite3.c#82639,sqlite3.c,82639,116,12,310
sqlite3VtabModuleUnref#sqlite3.c#70226,sqlite3.c,70226,115,12,310
sqlite3ExprIdToTrueFalse#sqlite3.c#45258,sqlite3.c,45258,34,3,152
exprIsConst#sqlite3.c#45399,sqlite3.c,45399,95032,3421,4002
exprNodeIsConstantOrGroupBy#sqlite3.c#45467,sqlite3.c,45467,95032,3421,4002
sqlite3ExprIsConstantOrGroupBy#sqlite3.c#45486,sqlite3.c,45486,95032,3421,4002
sqlite3ExprIsTableConstant#sqlite3.c#45427,sqlite3.c,45427,95032,3421,4002
sqlite3ExprIsSingleTableConstraint#sqlite3.c#45442,sqlite3.c,45442,95032,3421,4002
sqlite3ExprIsInteger#sqlite3.c#45502,sqlite3.c,45502,95032,3421,4002
sqlite3ExprCanBeNull#sqlite3.c#45548,sqlite3.c,45548,16,1,140
sqlite3ExprNeedsNoAffinityChange#sqlite3.c#45565,sqlite3.c,45565,32,1,140
sqlite3ExprIsLikeOperator#sqlite3.c#73044,sqlite3.c,73044,36,2,151
sqlite3RowidAlias#sqlite3.c#45605,sqlite3.c,45605,60,4,153
checkConstraintExprNode#sqlite3.c#59043,sqlite3.c,59043,13,1,147
sqlite3UpsertDoUpdate#sqlite3.c#69890,sqlite3.c,69890,95032,3421,4002
sqlite3UpsertNextIsIPK#sqlite3.c#69869,sqlite3.c,69869,13,1,137
sqlite3FkReferences#sqlite3.c#57701,sqlite3.c,57701,61,5,154
sqlite3RowidConstraint#sqlite3.c#54581,sqlite3.c,54581,95032,3421,4002
sqlite3UniqueConstraint#sqlite3.c#54558,sqlite3.c,54558,95032,3421,4002
indexIteratorFirst#sqlite3.c#59098,sqlite3.c,59098,10,1,139
sqlite3HaltConstraint#sqlite3.c#54546,sqlite3.c,54546,95032,3421,4002
sqlite3UpsertOfIndex#sqlite3.c#69883,sqlite3.c,69883,6,1,137
indexIteratorNext#sqlite3.c#59109,sqlite3.c,59109,15,1,139
exprDup#sqlite3.c#44756,sqlite3.c,44756,95032,3421,4002
sqlite3WithDup#sqlite3.c#44858,sqlite3.c,44858,95032,3421,4002
gatherSelectWindows#sqlite3.c#44893,sqlite3.c,44893,95032,3421,4002
sqlite3FunctionSearch#sqlite3.c#54939,sqlite3.c,54939,29,2,153
matchQuality#sqlite3.c#54917,sqlite3.c,54917,21,1,7
hexdigits#sqlite3.c#56187,sqlite3.c,56187,0,0,1
sqlite3QuoteValue#sqlite3.c#56190,sqlite3.c,56190,95032,3421,4002
totalFinalize#sqlite3.c#56815,sqlite3.c,56815,95032,3421,4002
logFunc#sqlite3.c#57106,sqlite3.c,57106,95032,3421,4002
compileoptiongetFunc#sqlite3.c#56179,sqlite3.c,56179,95032,3421,4002
versionFunc#sqlite3.c#56154,sqlite3.c,56154,95032,3421,4002
percentFinal#sqlite3.c#57440,sqlite3.c,57440,95032,3421,4002
randomBlob#sqlite3.c#55934,sqlite3.c,55934,95032,3421,4002
quoteFunc#sqlite3.c#56307,sqlite3.c,56307,95032,3421,4002
sumInverse#sqlite3.c#56748,sqlite3.c,56748,95032,3421,4002
ceilingFunc#sqlite3.c#57084,sqlite3.c,57084,95032,3421,4002
avgFinalize#sqlite3.c#56800,sqlite3.c,56800,95032,3421,4002
radToDeg#sqlite3.c#57140,sqlite3.c,57140,1,1,1
minMaxFinalize#sqlite3.c#56899,sqlite3.c,56899,95032,3421,4002
xFloor#sqlite3.c#57104,sqlite3.c,57104,1,1,1
concatFunc#sqlite3.c#56630,sqlite3.c,56630,95032,3421,4002
groupConcatFinalize#sqlite3.c#57003,sqlite3.c,57003,95032,3421,4002
absFunc#sqlite3.c#55651,sqlite3.c,55651,95032,3421,4002
likeFunc#sqlite3.c#56108,sqlite3.c,56108,95032,3421,4002
typeofFunc#sqlite3.c#55572,sqlite3.c,55572,95032,3421,4002
groupConcatValue#sqlite3.c#57011,sqlite3.c,57011,95032,3421,4002
charFunc#sqlite3.c#56323,sqlite3.c,56323,95032,3421,4002
loadExt#sqlite3.c#56647,sqlite3.c,56647,95032,3421,4002
countFinalize#sqlite3.c#56845,sqlite3.c,56845,95032,3421,4002
piFunc#sqlite3.c#57171,sqlite3.c,57171,95032,3421,4002
trimFunc#sqlite3.c#56520,sqlite3.c,56520,95032,3421,4002
groupConcatStep#sqlite3.c#56910,sqlite3.c,56910,95032,3421,4002
randomFunc#sqlite3.c#55924,sqlite3.c,55924,95032,3421,4002
unknownFunc#sqlite3.c#56641,sqlite3.c,56641,5,1,138
sqlite3RegisterJsonFunctions#sqlite3.c#98693,sqlite3.c,98693,95032,3421,4002
percentInverse#sqlite3.c#57373,sqlite3.c,57373,95032,3421,4002
sumFinalize#sqlite3.c#56782,sqlite3.c,56782,95032,3421,4002
replaceFunc#sqlite3.c#56439,sqlite3.c,56439,95032,3421,4002
unhexFunc#sqlite3.c#56387,sqlite3.c,56387,95032,3421,4002
minMaxValue#sqlite3.c#56895,sqlite3.c,56895,95032,3421,4002
groupConcatInverse#sqlite3.c#56969,sqlite3.c,56969,95032,3421,4002
xCeil#sqlite3.c#57102,sqlite3.c,57102,1,1,1
math1Func#sqlite3.c#57142,sqlite3.c,57142,95032,3421,4002
sumStep#sqlite3.c#56712,sqlite3.c,56712,95032,3421,4002
hexFunc#sqlite3.c#56356,sqlite3.c,56356,95032,3421,4002
percentValue#sqlite3.c#57444,sqlite3.c,57444,95032,3421,4002
total_changes#sqlite3.c#55962,sqlite3.c,55962,95032,3421,4002
bytelengthFunc#sqlite3.c#55623,sqlite3.c,55623,95032,3421,4002
nullifFunc#sqlite3.c#56146,sqlite3.c,56146,95032,3421,4002
degToRad#sqlite3.c#57138,sqlite3.c,57138,1,1,1
errlogFunc#sqlite3.c#56164,sqlite3.c,56164,95032,3421,4002
last_insert_rowid#sqlite3.c#55950,sqlite3.c,55950,95032,3421,4002
lengthFunc#sqlite3.c#55590,sqlite3.c,55590,95032,3421,4002
zeroblobFunc#sqlite3.c#56426,sqlite3.c,56426,95032,3421,4002
minmaxStep#sqlite3.c#56859,sqlite3.c,56859,95032,3421,4002
upperFunc#sqlite3.c#55886,sqlite3.c,55886,95032,3421,4002
changes#sqlite3.c#55956,sqlite3.c,55956,95032,3421,4002
printfFunc#sqlite3.c#55736,sqlite3.c,55736,95032,3421,4002
lowerFunc#sqlite3.c#55905,sqlite3.c,55905,95032,3421,4002
instrFunc#sqlite3.c#55680,sqlite3.c,55680,95032,3421,4002
sqlite3RegisterDateTimeFunctions#sqlite3.c#7367,sqlite3.c,7367,95032,3421,4002
math2Func#sqlite3.c#57155,sqlite3.c,57155,95032,3421,4002
unicodeFunc#sqlite3.c#56317,sqlite3.c,56317,95032,3421,4002
sourceidFunc#sqlite3.c#56159,sqlite3.c,56159,95032,3421,4002
percentStep#sqlite3.c#57243,sqlite3.c,57243,95032,3421,4002
compileoptionusedFunc#sqlite3.c#56170,sqlite3.c,56170,95032,3421,4002
countStep#sqlite3.c#56836,sqlite3.c,56836,95032,3421,4002
countInverse#sqlite3.c#56851,sqlite3.c,56851,95032,3421,4002
subtypeFunc#sqlite3.c#55585,sqlite3.c,55585,95032,3421,4002
minmaxFunc#sqlite3.c#55550,sqlite3.c,55550,95032,3421,4002
concatwsFunc#sqlite3.c#56634,sqlite3.c,56634,95032,3421,4002
signFunc#sqlite3.c#57177,sqlite3.c,57177,95032,3421,4002
substrFunc#sqlite3.c#55752,sqlite3.c,55752,95032,3421,4002
roundFunc#sqlite3.c#55840,sqlite3.c,55840,95032,3421,4002
unistrFunc#sqlite3.c#56245,sqlite3.c,56245,95032,3421,4002
sqlite3AlterFunctions#sqlite3.c#50246,sqlite3.c,50246,95032,3421,4002
sqlite3RegisterBuiltinFunctions#sqlite3.c#57448,sqlite3.c,57448,95032,3421,4002
strftimeFunc#sqlite3.c#7121,sqlite3.c,7121,95032,3421,4002
ctimeFunc#sqlite3.c#7266,sqlite3.c,7266,95032,3421,4002
timeFunc#sqlite3.c#7038,sqlite3.c,7038,95032,3421,4002
dateFunc#sqlite3.c#7071,sqlite3.c,7071,95032,3421,4002
unixepochFunc#sqlite3.c#6975,sqlite3.c,6975,95032,3421,4002
juliandayFunc#sqlite3.c#6967,sqlite3.c,6967,95032,3421,4002
timediffFunc#sqlite3.c#7276,sqlite3.c,7276,95032,3421,4002
datetimeFunc#sqlite3.c#6987,sqlite3.c,6987,95032,3421,4002
cdateFunc#sqlite3.c#7271,sqlite3.c,7271,95032,3421,4002
ctimestampFunc#sqlite3.c#7362,sqlite3.c,7362,95032,3421,4002
jsonSetFunc#sqlite3.c#97875,sqlite3.c,97875,95032,3421,4002
jsonTypeFunc#sqlite3.c#97889,sqlite3.c,97889,95032,3421,4002
jsonArrayFinal#sqlite3.c#98076,sqlite3.c,98076,95032,3421,4002
jsonArrayStep#sqlite3.c#98021,sqlite3.c,98021,95032,3421,4002
jsonObjectValue#sqlite3.c#98212,sqlite3.c,98212,95032,3421,4002
jsonPrettyFunc#sqlite3.c#97917,sqlite3.c,97917,95032,3421,4002
jsonQuoteFunc#sqlite3.c#97499,sqlite3.c,97499,95032,3421,4002
jsonGroupInverse#sqlite3.c#98080,sqlite3.c,98080,95032,3421,4002
jsonObjectFinal#sqlite3.c#98216,sqlite3.c,98216,95032,3421,4002
jsonReplaceFunc#sqlite3.c#97866,sqlite3.c,97866,95032,3421,4002
jsonArrayLengthFunc#sqlite3.c#97522,sqlite3.c,97522,95032,3421,4002
jsonPatchFunc#sqlite3.c#97773,sqlite3.c,97773,95032,3421,4002
jsonValidFunc#sqlite3.c#97936,sqlite3.c,97936,95032,3421,4002
jsonObjectStep#sqlite3.c#98111,sqlite3.c,98111,95032,3421,4002
jsonErrorFunc#sqlite3.c#97987,sqlite3.c,97987,95032,3421,4002
jsonArrayValue#sqlite3.c#98072,sqlite3.c,98072,95032,3421,4002
jsonArrayFunc#sqlite3.c#97508,sqlite3.c,97508,95032,3421,4002
jsonRemoveFunc#sqlite3.c#97827,sqlite3.c,97827,95032,3421,4002
jsonObjectFunc#sqlite3.c#97798,sqlite3.c,97798,95032,3421,4002
jsonExtractFunc#sqlite3.c#97560,sqlite3.c,97560,95032,3421,4002
sqlite3RegisterPerConnectionBuiltinFunctions#sqlite3.c#57018,sqlite3.c,57018,95032,3421,4002
logBadConnection#sqlite3.c#12884,sqlite3.c,12884,95032,3421,4002
sqlite3ReadOnlyShadowTables#sqlite3.c#53289,sqlite3.c,53289,6,1,137
sqlite3BeginTrigger#sqlite3.c#68121,sqlite3.c,68121,95032,3421,4002
sqlite3FixExpr#sqlite3.c#51146,sqlite3.c,51146,141,12,169
sqlite3DeleteTriggerStep#sqlite3.c#68078,sqlite3.c,68078,737,55,359
sqlite3FixTriggerStep#sqlite3.c#51150,sqlite3.c,51150,165,13,170
sqlite3FinishTrigger#sqlite3.c#68262,sqlite3.c,68262,95032,3421,4002
sqlite3DropTrigger#sqlite3.c#68466,sqlite3.c,68466,95032,3421,4002
tableOfTrigger#sqlite3.c#68501,sqlite3.c,68501,61,5,154
tempTriggersExist#sqlite3.c#68563,sqlite3.c,68563,5,1,137
triggersReallyExist#sqlite3.c#68569,sqlite3.c,68569,95032,3421,4002
codeReturningTrigger#sqlite3.c#68706,sqlite3.c,68706,95032,3421,4002
checkColumnOverlap#sqlite3.c#68554,sqlite3.c,68554,35,3,152
sqlite3CodeRowTriggerDirect#sqlite3.c#68941,sqlite3.c,68941,95032,3421,4002
getRowTrigger#sqlite3.c#68927,sqlite3.c,68927,95032,3421,4002
sqliteViewTriggers#sqlite3.c#4885,sqlite3.c,4885,0,0,137
triggerSpanDup#sqlite3.c#68331,sqlite3.c,68331,95032,3421,4002
sqlite3TriggerSelectStep#sqlite3.c#68338,sqlite3.c,68338,95032,3421,4002
triggerStepAllocate#sqlite3.c#68351,sqlite3.c,68351,95032,3421,4002
sqlite3TriggerInsertStep#sqlite3.c#68374,sqlite3.c,68374,95032,3421,4002
sqlite3TriggerUpdateStep#sqlite3.c#68402,sqlite3.c,68402,95032,3421,4002
sqlite3TriggerDeleteStep#sqlite3.c#68439,sqlite3.c,68439,95032,3421,4002
sqlite3UnlinkAndDeleteTrigger#sqlite3.c#68530,sqlite3.c,68530,777,59,363
sqlite3JoinType#sqlite3.c#63237,sqlite3.c,63237,95032,3421,4002
sqlite3SrcItemColumnUsed#sqlite3.c#63301,sqlite3.c,63301,14,1,137
sqlite3SetJoinExpr#sqlite3.c#63336,sqlite3.c,63336,19,1,137
sqlite3CreateForeignKey#sqlite3.c#53395,sqlite3.c,53395,95032,3421,4002
sqlite3DeferForeignKey#sqlite3.c#53497,sqlite3.c,53497,9,1,143
sqlite3AuthReadCol#sqlite3.c#51182,sqlite3.c,51182,95032,3421,4002
sqlite3AuthRead#sqlite3.c#51199,sqlite3.c,51199,95032,3421,4002
realAuthCheck#sqlite3.c#51240,sqlite3.c,51240,95032,3421,4002
sqliteAuthBadReturnCode#sqlite3.c#51177,sqlite3.c,51177,95032,3421,4002
codeAttach#sqlite3.c#51007,sqlite3.c,51007,95032,3421,4002
attachFunc#sqlite3.c#50816,sqlite3.c,50816,95032,3421,4002
sqlite3Attach#sqlite3.c#51055,sqlite3.c,51055,95032,3421,4002
detachFunc#sqlite3.c#50964,sqlite3.c,50964,95032,3421,4002
sqlite3Detach#sqlite3.c#51048,sqlite3.c,51048,95032,3421,4002
fixExprCb#sqlite3.c#51062,sqlite3.c,51062,95032,3421,4002
fixSelectCb#sqlite3.c#51076,sqlite3.c,51076,95032,3421,4002
sqlite3RealSameAsInt#sqlite3.c#30731,sqlite3.c,30731,9,2,138
forceAlignment#sqlite3.c#12341,sqlite3.c,12341,0,0,1
sqlite3Int64ToText#sqlite3.c#12345,sqlite3.c,12345,33,1,140
sqlite3Utf8CharLen#sqlite3.c#10362,sqlite3.c,10362,16,1,2
sqlite3Utf8Trans1#sqlite3.c#10176,sqlite3.c,10176,0,0,1
sqlite3Utf8ReadLimited#sqlite3.c#10215,sqlite3.c,10215,16,1,5
sqlite3LogEstAdd#sqlite3.c#12971,sqlite3.c,12971,13,1,151
putVarint64#sqlite3.c#12687,sqlite3.c,12687,24,1,3
computeIndexAffStr#sqlite3.c#58166,sqlite3.c,58166,95032,3421,4002
sqlite3TableAffinityStr#sqlite3.c#58200,sqlite3.c,58200,95032,3421,4002
sqlite3CompareAffinity#sqlite3.c#44035,sqlite3.c,44035,159,6,165
comparisonAffinity#sqlite3.c#44049,sqlite3.c,44049,173,7,166
sqlite3IndexAffinityOk#sqlite3.c#44064,sqlite3.c,44064,183,8,167
compare2pow63#sqlite3.c#12379,sqlite3.c,12379,15,1,1
sqlite3SystemError#sqlite3.c#11912,sqlite3.c,11912,10,2,138
sqlite3ErrorFinish#sqlite3.c#11890,sqlite3.c,11890,161,17,299
sqlite3ValueSetNull#sqlite3.c#30823,sqlite3.c,30823,147,14,296
sqlite3ErrorClear#sqlite3.c#11905,sqlite3.c,11905,153,15,297
sqlite3FindDb#sqlite3.c#51846,sqlite3.c,51846,95032,3421,4002
sqlite3MemdbInit#sqlite3.c#16768,sqlite3.c,16768,95032,3421,4002
findCollSeqEntry#sqlite3.c#54836,sqlite3.c,54836,95032,3421,4002
sqlite3FindCollSeq#sqlite3.c#54863,sqlite3.c,54863,95032,3421,4002
binCollFunc#sqlite3.c#82556,sqlite3.c,82556,11,1,1
sqlite3IsBinary#sqlite3.c#82576,sqlite3.c,82576,95032,3421,4002
sqlite3GetCollSeq#sqlite3.c#54883,sqlite3.c,54883,95032,3421,4002
sqlite3CheckCollSeq#sqlite3.c#54823,sqlite3.c,54823,95032,3421,4002
sqlite3ExprNNCollSeq#sqlite3.c#44021,sqlite3.c,44021,95032,3421,4002
sqlite3ExprCollSeqMatch#sqlite3.c#44028,sqlite3.c,44028,95032,3421,4002
sqlite3ExprAddCollateToken#sqlite3.c#43920,sqlite3.c,43920,95032,3421,4002
sqlite3WritableSchema#sqlite3.c#51878,sqlite3.c,51878,7,1,137
sqlite3VdbeSetChanges#sqlite3.c#33933,sqlite3.c,33933,5,1,137
sqlite3AddInt64#sqlite3.c#12918,sqlite3.c,12918,95032,3421,4002
sqlite3SubInt64#sqlite3.c#12935,sqlite3.c,12935,95032,3421,4002
sqlite3MulInt64#sqlite3.c#12947,sqlite3.c,12947,17,1,4
valueToText#sqlite3.c#31120,sqlite3.c,31120,95032,3421,4002
sqlite3ValueIsOfClass#sqlite3.c#31167,sqlite3.c,31167,68,9,293
valueBytes#sqlite3.c#31328,sqlite3.c,31328,95032,3421,4002
valueFromExpr#sqlite3.c#31196,sqlite3.c,31196,95032,3421,4002
applyAffinity#sqlite3.c#35546,sqlite3.c,35546,95032,3421,4002
sqlite3RootPageMoved#sqlite3.c#53185,sqlite3.c,53185,21,1,137
collationMatch#sqlite3.c#54594,sqlite3.c,54594,31,2,151
sqlite3Reindex#sqlite3.c#54607,sqlite3.c,54607,95032,3421,4002
renameTableFunc#sqlite3.c#49479,sqlite3.c,49479,95032,3421,4002
renameQuotefixFunc#sqlite3.c#49600,sqlite3.c,49600,95032,3421,4002
failConstraintFunc#sqlite3.c#50141,sqlite3.c,50141,95032,3421,4002
renameTableTest#sqlite3.c#49665,sqlite3.c,49665,95032,3421,4002
findConstraintFunc#sqlite3.c#50187,sqlite3.c,50187,95032,3421,4002
dropColumnFunc#sqlite3.c#49737,sqlite3.c,49737,95032,3421,4002
dropConstraintFunc#sqlite3.c#49961,sqlite3.c,49961,95032,3421,4002
addConstraintFunc#sqlite3.c#50039,sqlite3.c,50039,95032,3421,4002
renameColumnFunc#sqlite3.c#49319,sqlite3.c,49319,95032,3421,4002
isAlterableTable#sqlite3.c#48495,sqlite3.c,48495,95032,3421,4002
sqlite3IsShadowTableOf#sqlite3.c#52784,sqlite3.c,52784,95032,3421,4002
renameTestSchema#sqlite3.c#48503,sqlite3.c,48503,95032,3421,4002
renameReloadSchema#sqlite3.c#48518,sqlite3.c,48518,95032,3421,4002
sqlite3AlterRenameTable#sqlite3.c#48527,sqlite3.c,48527,95032,3421,4002
isRealTable#sqlite3.c#48752,sqlite3.c,48752,95032,3421,4002
renameFixQuotes#sqlite3.c#48511,sqlite3.c,48511,95032,3421,4002
sqlite3AlterRenameColumn#sqlite3.c#48770,sqlite3.c,48770,95032,3421,4002
alterFindTable#sqlite3.c#50095,sqlite3.c,50095,95032,3421,4002
alterFindCol#sqlite3.c#50069,sqlite3.c,50069,95032,3421,4002
sqlite3AlterDropConstraint#sqlite3.c#50117,sqlite3.c,50117,95032,3421,4002
alterRtrimConstraint#sqlite3.c#50149,sqlite3.c,50149,95032,3421,4002
sqlite3AlterAddConstraint#sqlite3.c#50218,sqlite3.c,50218,95032,3421,4002
sqlite3AlterSetNotNull#sqlite3.c#50167,sqlite3.c,50167,95032,3421,4002
aiClass#sqlite3.c#81303,sqlite3.c,81303,0,0,1
sqlite3VectorFieldSubexpr#sqlite3.c#44139,sqlite3.c,44139,30,3,152
exprINAffinity#sqlite3.c#45819,sqlite3.c,45819,95032,3421,4002
sqlite3KeyInfoUnref#sqlite3.c#63917,sqlite3.c,63917,106,11,294
findCompatibleInRhsSubrtn#sqlite3.c#45857,sqlite3.c,45857,44,3,152
sqlite3BinaryCompareCollSeq#sqlite3.c#44081,sqlite3.c,44081,95032,3421,4002
sqlite3CodeRhsOfIN#sqlite3.c#45889,sqlite3.c,45889,95032,3421,4002
sqlite3SelectAddTypeInfo#sqlite3.c#66591,sqlite3.c,66591,95032,3421,4002
sqlite3ResolveSelectNames#sqlite3.c#43775,sqlite3.c,43775,95032,3421,4002
sqlite3SelectExpand#sqlite3.c#66556,sqlite3.c,66556,95032,3421,4002
sqlite3ExpandSubquery#sqlite3.c#66238,sqlite3.c,66238,95032,3421,4002
sqlite3MatchEName#sqlite3.c#42494,sqlite3.c,42494,63,4,164
sqlite3ExprColUsed#sqlite3.c#42533,sqlite3.c,42533,19,1,137
resolveSelectStep#sqlite3.c#43560,sqlite3.c,43560,95032,3421,4002
resolveExprStep#sqlite3.c#43023,sqlite3.c,43023,95032,3421,4002
resolveAlias#sqlite3.c#42461,sqlite3.c,42461,95032,3421,4002
resolveOutOfRangeError#sqlite3.c#43387,sqlite3.c,43387,95032,3421,4002
sqlite3ResolveOrderGroupBy#sqlite3.c#43475,sqlite3.c,43475,95032,3421,4002
sqlite3ErrorIfNotEmpty#sqlite3.c#48598,sqlite3.c,48598,95032,3421,4002
sqlite3AlterFinishAddColumn#sqlite3.c#48602,sqlite3.c,48602,95032,3421,4002
sqlite3AlterBeginAddColumn#sqlite3.c#48696,sqlite3.c,48696,95032,3421,4002
sqlite3AlterDropColumn#sqlite3.c#49785,sqlite3.c,49785,95032,3421,4002
renameUnmapSelectCb#sqlite3.c#48900,sqlite3.c,48900,95032,3421,4002
renameUnmapExprCb#sqlite3.c#48856,sqlite3.c,48856,18,2,154
callCollNeeded#sqlite3.c#54787,sqlite3.c,54787,95032,3421,4002
synthCollSeq#sqlite3.c#54807,sqlite3.c,54807,95032,3421,4002
analyzeTable#sqlite3.c#50608,sqlite3.c,50608,95032,3421,4002
analyzeDatabase#sqlite3.c#50586,sqlite3.c,50586,95032,3421,4002
sqlite3Analyze#sqlite3.c#50626,sqlite3.c,50626,95032,3421,4002
sqlite3InvokeBusyHandler#sqlite3.c#82895,sqlite3.c,82895,11,1,137
sqlite3IsLikeFunction#sqlite3.c#57047,sqlite3.c,57047,95032,3421,4002
sqlite3SchemaGet#sqlite3.c#55054,sqlite3.c,55054,95032,3421,4002
apiHandleError#sqlite3.c#8834,sqlite3.c,8834,95032,3421,4002
sqlite3RCStrNew#sqlite3.c#10030,sqlite3.c,10030,95032,3421,4002
sqlite3RCStrResize#sqlite3.c#10037,sqlite3.c,10037,95032,3421,4002
strAccumFinishRealloc#sqlite3.c#9825,sqlite3.c,9825,95032,3421,4002
sqlite3CreateColumnExpr#sqlite3.c#42954,sqlite3.c,42954,95032,3421,4002
backupUpdate#sqlite3.c#30244,sqlite3.c,30244,95032,3421,4002
sqlite3BackupUpdate#sqlite3.c#30262,sqlite3.c,30262,95032,3421,4002
sqlite3VectorErrorMsg#sqlite3.c#45849,sqlite3.c,45849,95032,3421,4002
sqlite3ExprCheckIN#sqlite3.c#46132,sqlite3.c,46132,95032,3421,4002
yy_shift#sqlite3.c#79891,sqlite3.c,79891,95032,3421,4002
yy_reduce#sqlite3.c#79921,sqlite3.c,79921,95032,3421,4002
yy_find_shift_action#sqlite3.c#79836,sqlite3.c,79836,36,1,6
yyGrowStack#sqlite3.c#79727,sqlite3.c,79727,95032,3421,4002
yyRuleInfoNRhs#sqlite3.c#79916,sqlite3.c,79916,0,0,1
yyStackOverflow#sqlite3.c#79884,sqlite3.c,79884,95032,3421,4002
yy_accept#sqlite3.c#81252,sqlite3.c,81252,5,1,143
yy_destructor#sqlite3.c#79763,sqlite3.c,79763,787,56,360
yy_syntax_error#sqlite3.c#81241,sqlite3.c,81241,95032,3421,4002
yyFallback#sqlite3.c#79706,sqlite3.c,79706,0,0,1
sqlite3ParserFallback#sqlite3.c#81298,sqlite3.c,81298,4,1,2
sqlite3AutoLoadExtensions#sqlite3.c#60680,sqlite3.c,60680,95032,3421,4002
lockTable#sqlite3.c#51291,sqlite3.c,51291,95032,3421,4002
vtabDisconnectAll#sqlite3.c#70265,sqlite3.c,70265,24,1,137
sqlite3VtabClear#sqlite3.c#70319,sqlite3.c,70319,140,13,311
sqlite3VtabUnlock#sqlite3.c#70249,sqlite3.c,70249,130,13,311
sqlite3VtabDisconnect#sqlite3.c#70290,sqlite3.c,70290,144,14,312
sqlite3VtabImportErrmsg#sqlite3.c#34117,sqlite3.c,34117,95032,3421,4002
sqlite3VtabSync#sqlite3.c#70759,sqlite3.c,70759,95032,3421,4002
callFinaliser#sqlite3.c#70738,sqlite3.c,70738,150,14,312
sqlite3VtabCommit#sqlite3.c#70781,sqlite3.c,70781,154,15,313
sqlite3VtabSavepoint#sqlite3.c#70819,sqlite3.c,70819,166,15,313
sqlite3MarkAllShadowTablesOf#sqlite3.c#52798,sqlite3.c,52798,95032,3421,4002
addModuleArgument#sqlite3.c#70332,sqlite3.c,70332,95032,3421,4002
vtabCallConstructor#sqlite3.c#70447,sqlite3.c,70447,95032,3421,4002
sqlite3VtabBeginParse#sqlite3.c#70352,sqlite3.c,70352,95032,3421,4002
addArgumentToVtab#sqlite3.c#70374,sqlite3.c,70374,95032,3421,4002
sqlite3VtabFinishParse#sqlite3.c#70383,sqlite3.c,70383,95032,3421,4002
sqlite3VtabArgInit#sqlite3.c#70430,sqlite3.c,70430,95032,3421,4002
sqlite3VtabArgExtend#sqlite3.c#70436,sqlite3.c,70436,10,1,143
addToVTrans#sqlite3.c#70596,sqlite3.c,70596,13,3,139
growVTrans#sqlite3.c#70581,sqlite3.c,70581,95032,3421,4002
sqlite3VtabCallCreate#sqlite3.c#70601,sqlite3.c,70601,95032,3421,4002
sqlite3VtabCallConnect#sqlite3.c#70551,sqlite3.c,70551,95032,3421,4002
sqlite3VtabCallDestroy#sqlite3.c#70708,sqlite3.c,70708,841,59,367
sqlite3VtabBegin#sqlite3.c#70786,sqlite3.c,70786,95032,3421,4002
sqlite3VtabUsesAllSchemas#sqlite3.c#76123,sqlite3.c,76123,95032,3421,4002
sqlite3StmtCurrentTime#sqlite3.c#34764,sqlite3.c,34764,26,3,140
sqlite3VdbeMemMove#sqlite3.c#30935,sqlite3.c,30935,162,15,297
whereIndexedExprCleanup#sqlite3.c#75689,sqlite3.c,75689,717,53,357
sqlite3WithDeleteGeneric#sqlite3.c#54783,sqlite3.c,54783,711,53,357
sqlite3CteNew#sqlite3.c#54711,sqlite3.c,54711,95032,3421,4002
cteClear#sqlite3.c#54728,sqlite3.c,54728,708,52,356
sqlite3CteDelete#sqlite3.c#54735,sqlite3.c,54735,713,53,357
sqlite3WithAdd#sqlite3.c#54741,sqlite3.c,54741,95032,3421,4002
sqlite3WithDelete#sqlite3.c#54773,sqlite3.c,54773,708,52,356
sqlite3WithPush#sqlite3.c#66072,sqlite3.c,66072,95032,3421,4002
sqlite3UpsertNew#sqlite3.c#69753,sqlite3.c,69753,95032,3421,4002
upsertDelete#sqlite3.c#69731,sqlite3.c,69731,720,53,357
isSetNullAction#sqlite3.c#57791,sqlite3.c,57791,11,1,137
fkParentIsModified#sqlite3.c#57772,sqlite3.c,57772,37,2,151
fkChildIsModified#sqlite3.c#57762,sqlite3.c,57762,9,1,137
fkLookupParent#sqlite3.c#57523,sqlite3.c,57523,95032,3421,4002
fkScanChildren#sqlite3.c#57630,sqlite3.c,57630,95032,3421,4002
fkActionTrigger#sqlite3.c#57966,sqlite3.c,57966,95032,3421,4002
fkTriggerDelete#sqlite3.c#57705,sqlite3.c,57705,708,52,356
sqlite3FkClearTriggerCache#sqlite3.c#57717,sqlite3.c,57717,721,53,357
sqlite3FkDelete#sqlite3.c#58118,sqlite3.c,58118,708,52,356
sqlite3SetHasNullFlag#sqlite3.c#45649,sqlite3.c,45649,95032,3421,4002
isCandidateForInOpt#sqlite3.c#45615,sqlite3.c,45615,33,1,137
sqlite3InRhsIsConstant#sqlite3.c#45659,sqlite3.c,45659,95032,3421,4002
sqlite3FindInIndex#sqlite3.c#45670,sqlite3.c,45670,95032,3421,4002
sqlite3JournalOpen#sqlite3.c#42267,sqlite3.c,42267,95032,3421,4002
sqlite3MemJournalOpen#sqlite3.c#42288,sqlite3.c,42288,95032,3421,4002
exprSetHeight#sqlite3.c#44322,sqlite3.c,44322,50,5,141
heightOfSelect#sqlite3.c#44310,sqlite3.c,44310,26,3,139
sqlite3ExprSetErrorOffset#sqlite3.c#44348,sqlite3.c,44348,5,1,143
aJournalMagic#sqlite3.c#18477,sqlite3.c,18477,0,0,1
sqlite3ThreadCreate#sqlite3.c#5407,sqlite3.c,5407,0,0,137
sqlite3ThreadJoin#sqlite3.c#10162,sqlite3.c,10162,63,8,289
dbpageDisconnect#sqlite3.c#102005,sqlite3.c,102005,54,8,289
dbpageBegin#sqlite3.c#102252,sqlite3.c,102252,5,1,138
dbpageSync#sqlite3.c#102258,sqlite3.c,102258,121,14,173
dbpageEof#sqlite3.c#102074,sqlite3.c,102074,4,1,139
dbpageColumn#sqlite3.c#102121,sqlite3.c,102121,95032,3421,4002
dbpageUpdate#sqlite3.c#102168,sqlite3.c,102168,95032,3421,4002
dbpageRowid#sqlite3.c#102151,sqlite3.c,102151,5,1,139
dbpageFilter#sqlite3.c#102079,sqlite3.c,102079,95032,3421,4002
dbpageNext#sqlite3.c#102067,sqlite3.c,102067,6,1,139
dbpageRollbackTo#sqlite3.c#102273,sqlite3.c,102273,6,1,138
dbpageBestIndex#sqlite3.c#102010,sqlite3.c,102010,35,1,139
dbpageConnect#sqlite3.c#101982,sqlite3.c,101982,95032,3421,4002
dbpageClose#sqlite3.c#102060,sqlite3.c,102060,95032,3421,4002
dbpageOpen#sqlite3.c#102046,sqlite3.c,102046,95032,3421,4002
statEof#sqlite3.c#101843,sqlite3.c,101843,4,1,141
statConnect#sqlite3.c#101411,sqlite3.c,101411,95032,3421,4002
statDisconnect#sqlite3.c#101443,sqlite3.c,101443,54,8,289
statRowid#sqlite3.c#101949,sqlite3.c,101949,5,1,141
statFilter#sqlite3.c#101848,sqlite3.c,101848,95032,3421,4002
statColumn#sqlite3.c#101902,sqlite3.c,101902,95032,3421,4002
statNext#sqlite3.c#101716,sqlite3.c,101716,95032,3421,4002
statBestIndex#sqlite3.c#101448,sqlite3.c,101448,48,1,139
statClose#sqlite3.c#101555,sqlite3.c,101555,95032,3421,4002
statOpen#sqlite3.c#101497,sqlite3.c,101497,95032,3421,4002
sqlite3azCompileOpt#sqlite3.c#5427,sqlite3.c,5427,0,0,1
vdbeMemTypeName#sqlite3.c#35769,sqlite3.c,35769,95032,3421,4002
sqlite3VdbeError#sqlite3.c#31383,sqlite3.c,31383,95032,3421,4002
sqlite3VdbeFreeCursorNN#sqlite3.c#32615,sqlite3.c,32615,95032,3421,4002
sqlite3VdbeFreeCursor#sqlite3.c#32598,sqlite3.c,32598,95032,3421,4002
freeCursorWithCache#sqlite3.c#32602,sqlite3.c,32602,95032,3421,4002
sqlite3VdbeSorterClose#sqlite3.c#40900,sqlite3.c,40900,248,24,322
sqliteVdbePopStack#sqlite3.c#5703,sqlite3.c,5703,0,0,137
sqlite3VdbeHandleMovedCursor#sqlite3.c#33182,sqlite3.c,33182,95032,3421,4002
sqlite3VdbeFinishMoveto#sqlite3.c#33169,sqlite3.c,33169,95032,3421,4002
sqlite3VdbeCursorRestore#sqlite3.c#33193,sqlite3.c,33193,95032,3421,4002
sqlite3VdbeOneByteSerialTypeLen#sqlite3.c#33213,sqlite3.c,33213,4,1,3
serialGet#sqlite3.c#33218,sqlite3.c,33218,15,1,137
sqlite3VdbeDeleteAuxData#sqlite3.c#33114,sqlite3.c,33114,119,12,310
sqlite2BtreeKeyCompare#sqlite3.c#5719,sqlite3.c,5719,0,0,137
sqlite3VdbeMemFromBtreeZeroOffset#sqlite3.c#31103,sqlite3.c,31103,95032,3421,4002
sqlite3VdbeMemInit#sqlite3.c#30808,sqlite3.c,30808,6,1,141
sqlite3VdbeMemReleaseMalloc#sqlite3.c#30582,sqlite3.c,30582,151,14,296
sqlite3VdbeIdxKeyCompare#sqlite3.c#33910,sqlite3.c,33910,95032,3421,4002
sqlite3VdbeIdxRowid#sqlite3.c#33861,sqlite3.c,33861,95032,3421,4002
sqlite3VdbeEnter#sqlite3.c#32256,sqlite3.c,32256,97,9,164
sqlite3VdbeSorterRewind#sqlite3.c#41678,sqlite3.c,41678,95032,3421,4002
sqlite3VdbeCheckFkDeferred#sqlite3.c#32928,sqlite3.c,32928,95032,3421,4002
sqlite3VdbeValueListFree#sqlite3.c#34707,sqlite3.c,34707,53,8,289
sqlite3VdbeMemIntegerify#sqlite3.c#30712,sqlite3.c,30712,131,6,148
out2Prerelease#sqlite3.c#35631,sqlite3.c,35631,162,15,297
sqlite3VdbeFrameRestore#sqlite3.c#32652,sqlite3.c,32652,95032,3421,4002
sqlite3VdbeFrameMemDel#sqlite3.c#32333,sqlite3.c,32333,6,1,137
vdbeColumnFromOverflow#sqlite3.c#35682,sqlite3.c,35682,95032,3421,4002
sqlite3VdbeMemShallowCopy#sqlite3.c#30908,sqlite3.c,30908,153,14,296
sqlite3VdbeSorterInit#sqlite3.c#40704,sqlite3.c,40704,95032,3421,4002
sqlite3VdbeLogAbort#sqlite3.c#35750,sqlite3.c,35750,95032,3421,4002
sqlite3VdbeSorterWrite#sqlite3.c#41215,sqlite3.c,41215,95032,3421,4002
sqlite3VdbeSorterCompare#sqlite3.c#41769,sqlite3.c,41769,95032,3421,4002
sqlite3VdbeMemSetRowSet#sqlite3.c#30876,sqlite3.c,30876,95032,3421,4002
sqlite3VdbeMemGrow#sqlite3.c#30346,sqlite3.c,30346,95032,3421,4002
sqlite3VdbeMemClearAndResize#sqlite3.c#30387,sqlite3.c,30387,95032,3421,4002
sqlite3VdbeMemStringify#sqlite3.c#30485,sqlite3.c,30485,95032,3421,4002
sqlite3VdbeSorterRowkey#sqlite3.c#41754,sqlite3.c,41754,95032,3421,4002
sqlite3VdbeCheckFkImmediate#sqlite3.c#32923,sqlite3.c,32923,95032,3421,4002
vdbeIndexKeyCompare#sqlite3.c#35735,sqlite3.c,35735,95032,3421,4002
sqlite3VdbeMemAggValue#sqlite3.c#30532,sqlite3.c,30532,160,14,296
sqlite3VdbeBooleanValue#sqlite3.c#30688,sqlite3.c,30688,95032,3421,4002
filterHash#sqlite3.c#35645,sqlite3.c,35645,158,6,148
sqlite3VdbeLeave#sqlite3.c#32287,sqlite3.c,32287,51,6,161
sqlite3VdbeMemCast#sqlite3.c#30766,sqlite3.c,30766,95032,3421,4002
sqlite3VdbeSorterNext#sqlite3.c#41706,sqlite3.c,41706,95032,3421,4002
allocateCursor#sqlite3.c#35481,sqlite3.c,35481,95032,3421,4002
sqlite3VdbeMemFinalize#sqlite3.c#30508,sqlite3.c,30508,123,11,293
numericType#sqlite3.c#35610,sqlite3.c,35610,95032,3421,4002
sqlite3VdbeFindIndexKey#sqlite3.c#34055,sqlite3.c,34055,95032,3421,4002
sqlite3VdbeMemRealify#sqlite3.c#30722,sqlite3.c,30722,95032,3421,4002
sqlite3VdbeSorterReset#sqlite3.c#40872,sqlite3.c,40872,233,23,321
sqlite3VdbeExec#sqlite3.c#35775,sqlite3.c,35775,95032,3421,4002
sqlite3VdbeNextOpcode#sqlite3.c#32340,sqlite3.c,32340,95032,3421,4002
sqlite3VdbeDisplayP4#sqlite3.c#32140,sqlite3.c,32140,95032,3421,4002
translateP#sqlite3.c#32053,sqlite3.c,32053,7,1,7
sqlite3VdbeDisplayComment#sqlite3.c#32061,sqlite3.c,32061,95032,3421,4002
sqlite3VdbeList#sqlite3.c#32429,sqlite3.c,32429,95032,3421,4002
vdbeCommit#sqlite3.c#32720,sqlite3.c,32720,95032,3421,4002
sqlite3VdbeCloseStatement#sqlite3.c#32908,sqlite3.c,32908,95032,3421,4002
closeAllCursors#sqlite3.c#32670,sqlite3.c,32670,95032,3421,4002
sqlite3VdbeMemTranslate#sqlite3.c#10232,sqlite3.c,10232,95032,3421,4002
vdbeMemClearExternAndSetNull#sqlite3.c#30549,sqlite3.c,30549,137,12,294
vdbeClrCopy#sqlite3.c#30902,sqlite3.c,30902,153,14,296
vdbeMemAddTerminator#sqlite3.c#30423,sqlite3.c,30423,95032,3421,4002
sqlite3VdbeMemNulTerminate#sqlite3.c#30473,sqlite3.c,30473,95032,3421,4002
sqlite3VdbeMemHandleBom#sqlite3.c#10334,sqlite3.c,10334,95032,3421,4002
vdbeReleaseAndSetInt64#sqlite3.c#30837,sqlite3.c,30837,149,14,296
sqlite3NoopDestructor#sqlite3.c#30856,sqlite3.c,30856,1,1,1
vdbeMemClear#sqlite3.c#30564,sqlite3.c,30564,147,13,295
vdbeMemRenderNum#sqlite3.c#30307,sqlite3.c,30307,95032,3421,4002
memIntValue#sqlite3.c#30587,sqlite3.c,30587,100,3,145
sqlite3MemRealValueNoRC#sqlite3.c#30666,sqlite3.c,30666,95032,3421,4002
sqlite3MemRealValueRCSlowPath#sqlite3.c#30611,sqlite3.c,30611,95032,3421,4002
sqlite3MemRealValueRC#sqlite3.c#30650,sqlite3.c,30650,95032,3421,4002
sqlite3VdbeIntegerAffinity#sqlite3.c#30695,sqlite3.c,30695,21,2,138
sqlite3VdbeMemNumerify#sqlite3.c#30742,sqlite3.c,30742,95032,3421,4002
sqlite3VdbeMemFromBtree#sqlite3.c#31079,sqlite3.c,31079,95032,3421,4002
vdbeCloseStatement#sqlite3.c#32868,sqlite3.c,32868,95032,3421,4002
sqlite3VdbeFrameDelete#sqlite3.c#32416,sqlite3.c,32416,95032,3421,4002
closeCursorsInFrame#sqlite3.c#32641,sqlite3.c,32641,95032,3421,4002
vdbeIsMatchingIndexKey#sqlite3.c#33999,sqlite3.c,33999,95032,3421,4002
vdbePmaReaderClear#sqlite3.c#40344,sqlite3.c,40344,118,15,296
vdbeSortSubtaskCleanup#sqlite3.c#40785,sqlite3.c,40785,139,15,313
vdbeSorterJoinAll#sqlite3.c#40822,sqlite3.c,40822,87,10,291
vdbeMergeEngineFree#sqlite3.c#40850,sqlite3.c,40850,118,15,296
vdbeSorterRecordFree#sqlite3.c#40776,sqlite3.c,40776,112,12,310
vdbeSorterRowkey#sqlite3.c#41736,sqlite3.c,41736,17,1,137
vdbeMergeEngineStep#sqlite3.c#41127,sqlite3.c,41127,95032,3421,4002
vdbePmaReaderNext#sqlite3.c#40477,sqlite3.c,40477,95032,3421,4002
vdbeSorterFlushPMA#sqlite3.c#41172,sqlite3.c,41172,95032,3421,4002
vdbeSorterSort#sqlite3.c#40992,sqlite3.c,40992,95032,3421,4002
vdbeSorterSetupMerge#sqlite3.c#41621,sqlite3.c,41621,95032,3421,4002
vdbeLeave#sqlite3.c#32272,sqlite3.c,32272,47,5,160
vdbeFkError#sqlite3.c#32915,sqlite3.c,32915,95032,3421,4002
getDigits#sqlite3.c#6268,sqlite3.c,6268,33,1,3
parseTimezone#sqlite3.c#6302,sqlite3.c,6302,65,2,7
parseHhMmSs#sqlite3.c#6335,sqlite3.c,6335,101,3,8
datetimeError#sqlite3.c#6372,sqlite3.c,6372,4,1,4
computeJD#sqlite3.c#6377,sqlite3.c,6377,42,2,5
computeFloor#sqlite3.c#6416,sqlite3.c,6416,16,1,4
parseYyyyMmDd#sqlite3.c#6433,sqlite3.c,6433,189,7,13
clearYMD_HMS_TZ#sqlite3.c#6554,sqlite3.c,6554,5,1,4
setDateTimeToCurrent#sqlite3.c#6466,sqlite3.c,6466,43,5,143
setRawDateNumber#sqlite3.c#6479,sqlite3.c,6479,95032,3421,4002
parseDateOrTime#sqlite3.c#6488,sqlite3.c,6488,95032,3421,4002
validJulianDay#sqlite3.c#6506,sqlite3.c,6506,3,1,5
computeYMD#sqlite3.c#6510,sqlite3.c,6510,32,3,7
computeHMS#sqlite3.c#6536,sqlite3.c,6536,54,3,6
computeYMD_HMS#sqlite3.c#6549,sqlite3.c,6549,86,6,10
osLocaltime#sqlite3.c#6560,sqlite3.c,6560,12,1,16
toLocaltime#sqlite3.c#6573,sqlite3.c,6573,95032,3421,4002
autoAdjustDate#sqlite3.c#6618,sqlite3.c,6618,16,2,6
rLimit#sqlite3.c#6613,sqlite3.c,6613,0,0,1
rXform#sqlite3.c#6614,sqlite3.c,6614,0,0,1
parseModifier#sqlite3.c#6630,sqlite3.c,6630,95032,3421,4002
isDate#sqlite3.c#6936,sqlite3.c,6936,95032,3421,4002
pthread_mutexattr_t#pthreadtypes.h#878,pthreadtypes.h,878,0,0,1
isLookaside#sqlite3.c#8465,sqlite3.c,8465,3,1,138
lookasideMallocSize#sqlite3.c#8474,sqlite3.c,8474,3,1,137
sqlite3ThreadCreate#sqlite3.c#10137,sqlite3.c,10137,138,13,176
powerOfTen#sqlite3.c#12127,sqlite3.c,12127,48,2,5
sqlite3Multiply128#sqlite3.c#12114,sqlite3.c,12114,53,3,6
sqlite3Multiply160#sqlite3.c#12120,sqlite3.c,12120,6,1,4
pwr10to2#sqlite3.c#12170,sqlite3.c,12170,1,1,1
pwr2to10#sqlite3.c#12172,sqlite3.c,12172,1,1,1
strHash#sqlite3.c#13093,sqlite3.c,13093,8,1,1
robust_open#sqlite3.c#14060,sqlite3.c,14060,95032,3421,4002
unixLogErrorAtLine#sqlite3.c#14144,sqlite3.c,14144,95032,3421,4002
openDirectory#sqlite3.c#14777,sqlite3.c,14777,95052,3422,4003
sysconf#unistd.h#1221,unistd.h,1221,0,0,1
unixGetpagesize#sqlite3.c#15014,sqlite3.c,15014,3,1,2
robustFchown#sqlite3.c#14006,sqlite3.c,14006,3,1,17
unixEnterMutex#sqlite3.c#14091,sqlite3.c,14091,18,3,158
unixLeaveMutex#sqlite3.c#14096,sqlite3.c,14096,18,3,158
robust_ftruncate#sqlite3.c#14101,sqlite3.c,14101,5,1,29
robust_close#sqlite3.c#14153,sqlite3.c,14153,95032,3421,4002
storeLastErrno#sqlite3.c#14159,sqlite3.c,14159,3,1,28
closePendingFds#sqlite3.c#14163,sqlite3.c,14163,95032,3421,4002
releaseInodeInfo#sqlite3.c#14176,sqlite3.c,14176,95032,3421,4002
findInodeInfo#sqlite3.c#14204,sqlite3.c,14204,95032,3421,4002
fileHasMoved#sqlite3.c#14252,sqlite3.c,14252,4,1,29
verifyDbFile#sqlite3.c#14257,sqlite3.c,14257,95032,3421,4002
unixFileLock#sqlite3.c#14312,sqlite3.c,14312,24,1,30
unixIsSharingShmNode#sqlite3.c#15064,sqlite3.c,15064,15,1,29
sqliteErrorFromPosixError#sqlite3.c#14107,sqlite3.c,14107,8,1,1
setPendingFd#sqlite3.c#14445,sqlite3.c,14445,9,1,28
posixUnlock#sqlite3.c#14455,sqlite3.c,14455,95032,3421,4002
unixRemapfile#sqlite3.c#15475,sqlite3.c,15475,95032,3421,4002
unixMapfile#sqlite3.c#15508,sqlite3.c,15508,95032,3421,4002
unixUnmapfile#sqlite3.c#15465,sqlite3.c,15465,9,1,29
closeUnixFile#sqlite3.c#14533,sqlite3.c,14533,95032,3421,4002
seekAndRead#sqlite3.c#14665,sqlite3.c,14665,29,2,30
seekAndWriteFd#sqlite3.c#14725,sqlite3.c,14725,13,1,30
seekAndWrite#sqlite3.c#14739,sqlite3.c,14739,16,2,31
full_fsync#sqlite3.c#14766,sqlite3.c,14766,10,1,28
fcntlSizeHint#sqlite3.c#14864,sqlite3.c,14864,95032,3421,4002
unixModeBit#sqlite3.c#14900,sqlite3.c,14900,9,1,28
unixTempFileDir#sqlite3.c#15624,sqlite3.c,15624,20,1,4
unixGetTempname#sqlite3.c#15645,sqlite3.c,15645,95032,3421,4002
unixFcntlExternalReader#sqlite3.c#15042,sqlite3.c,15042,41,4,160
setDeviceCharacteristics#sqlite3.c#14991,sqlite3.c,14991,10,1,28
unixShmSystemLock#sqlite3.c#15080,sqlite3.c,15080,31,1,29
unixShmRegionPerMap#sqlite3.c#15112,sqlite3.c,15112,7,1,3
unixShmPurge#sqlite3.c#15120,sqlite3.c,15120,95032,3421,4002
unixLockSharedMemory#sqlite3.c#15145,sqlite3.c,15145,95032,3421,4002
unixOpenSharedMemory#sqlite3.c#15174,sqlite3.c,15174,95032,3421,4002
fillInUnixFile#sqlite3.c#15568,sqlite3.c,15568,95032,3421,4002
findReusableFd#sqlite3.c#15672,sqlite3.c,15672,54,6,163
getFileMode#sqlite3.c#15699,sqlite3.c,15699,12,1,3
findCreateFileMode#sqlite3.c#15712,sqlite3.c,15712,95032,3421,4002
randomnessPid#sqlite3.c#13989,sqlite3.c,13989,0,0,1
appendOnePathElement#sqlite3.c#15926,sqlite3.c,15926,95032,3421,4002
appendAllPathElements#sqlite3.c#15978,sqlite3.c,15978,95032,3421,4002
memdbLeave#sqlite3.c#16265,sqlite3.c,16265,17,3,158
memdbEnter#sqlite3.c#16261,sqlite3.c,16261,17,3,158
memdbEnlarge#sqlite3.c#16320,sqlite3.c,16320,196,16,299
pcacheMergeDirtyList#sqlite3.c#17345,sqlite3.c,17345,25,1,138
pcache1InitBulk#sqlite3.c#17549,sqlite3.c,17549,157,14,177
pcache1AllocPage#sqlite3.c#17642,sqlite3.c,17642,211,16,179
pcache1FreePage#sqlite3.c#17668,sqlite3.c,17668,89,9,291
pcache1UnderMemoryPressure#sqlite3.c#17691,sqlite3.c,17691,10,2,16
pcache1ResizeHash#sqlite3.c#17699,sqlite3.c,17699,185,18,303
pcache1PinPage#sqlite3.c#17730,sqlite3.c,17730,14,1,10
pcache1RemoveFromHash#sqlite3.c#17745,sqlite3.c,17745,100,10,292
pcache1EnforceMaxPage#sqlite3.c#17757,sqlite3.c,17757,129,12,294
pcache1TruncateUnsafe#sqlite3.c#17773,sqlite3.c,17773,135,11,293
pcache1FetchStage2#sqlite3.c#17919,sqlite3.c,17919,393,28,314
pcache1FetchNoMutex#sqlite3.c#17965,sqlite3.c,17965,411,29,315
rowSetNDeepTree#sqlite3.c#18246,sqlite3.c,18246,22,1,6
walIndexClose#sqlite3.c#21882,sqlite3.c,21882,65,9,290
sqlite3WalOpen#sqlite3.c#21895,sqlite3.c,21895,238,21,308
walLimitSize#sqlite3.c#22262,sqlite3.c,22262,95032,3421,4002
walBeginReadTransaction#sqlite3.c#22598,sqlite3.c,22598,95032,3421,4002
sqlite3WalBeginReadTransaction#sqlite3.c#22613,sqlite3.c,22613,95032,3421,4002
sqlite3WalEndWriteTransaction#sqlite3.c#22725,sqlite3.c,22725,17,3,139
walUnlockShared#sqlite3.c#21616,sqlite3.c,21616,8,2,25
sqlite3WalEndReadTransaction#sqlite3.c#22622,sqlite3.c,22622,30,5,141
walFindFrame#sqlite3.c#22631,sqlite3.c,22631,95032,3421,4002
sqlite3WalReadFrame#sqlite3.c#22682,sqlite3.c,22682,14,2,139
sqlite3WalDbsize#sqlite3.c#22693,sqlite3.c,22693,6,1,137
walIndexHdr#sqlite3.c#21493,sqlite3.c,21493,5,1,24
walLockExclusive#sqlite3.c#21622,sqlite3.c,21622,10,2,25
walUnlockExclusive#sqlite3.c#21630,sqlite3.c,21630,8,2,25
pagerUndoCallback#sqlite3.c#19355,sqlite3.c,19355,95032,3421,4002
walFramePgno#sqlite3.c#21679,sqlite3.c,21679,14,2,26
walCleanupHash#sqlite3.c#21688,sqlite3.c,21688,285,23,309
sqlite3WalUndo#sqlite3.c#22735,sqlite3.c,22735,95032,3421,4002
sqlite3WalSavepoint#sqlite3.c#22756,sqlite3.c,22756,7,1,137
sqlite3WalSavepointUndo#sqlite3.c#22764,sqlite3.c,22764,307,24,310
walFrames#sqlite3.c#22891,sqlite3.c,22891,95032,3421,4002
sqlite3WalFrames#sqlite3.c#23040,sqlite3.c,23040,95032,3421,4002
walCkptInfo#sqlite3.c#21487,sqlite3.c,21487,5,1,25
walPagesize#sqlite3.c#22119,sqlite3.c,22119,3,1,24
walBusyLock#sqlite3.c#22111,sqlite3.c,22111,17,3,26
walIndexReadHdr#sqlite3.c#22339,sqlite3.c,22339,95032,3421,4002
walCheckpoint#sqlite3.c#22139,sqlite3.c,22139,95032,3421,4002
walLockShared#sqlite3.c#21608,sqlite3.c,21608,10,2,25
addToSavepointBitvecs#sqlite3.c#18802,sqlite3.c,18802,95032,3421,4002
readDbPage#sqlite3.c#19312,sqlite3.c,19312,95032,3421,4002
getPageNormal#sqlite3.c#20391,sqlite3.c,20391,95032,3421,4002
getPageError#sqlite3.c#20514,sqlite3.c,20514,7,1,137
pagerAcquireMapPage#sqlite3.c#19729,sqlite3.c,19729,150,14,180
getPageMMap#sqlite3.c#20468,sqlite3.c,20468,95032,3421,4002
subjRequiresPage#sqlite3.c#18513,sqlite3.c,18513,39,2,138
read32bits#sqlite3.c#18530,sqlite3.c,18530,20,4,141
write32bits#sqlite3.c#18539,sqlite3.c,18539,95032,3421,4002
jrnlBufferSize#sqlite3.c#18573,sqlite3.c,18573,5,1,137
freeSuperJournal#sqlite3.c#18579,sqlite3.c,18579,55,8,289
pagerIsSuperJrnlName#sqlite3.c#18585,sqlite3.c,18585,95032,3421,4002
readSuperJournal#sqlite3.c#18597,sqlite3.c,18597,95032,3421,4002
journalHdrOffset#sqlite3.c#18628,sqlite3.c,18628,11,1,137
zeroJournalHdr#sqlite3.c#18640,sqlite3.c,18640,95032,3421,4002
writeJournalHdr#sqlite3.c#18666,sqlite3.c,18666,95032,3421,4002
readJournalHdr#sqlite3.c#18705,sqlite3.c,18705,95032,3421,4002
releaseAllSavepoints#sqlite3.c#18788,sqlite3.c,18788,95032,3421,4002
pager_delsuper#sqlite3.c#19080,sqlite3.c,19080,95032,3421,4002
pager_playback_one_page#sqlite3.c#18989,sqlite3.c,18989,95032,3421,4002
pager_cksum#sqlite3.c#18979,sqlite3.c,18979,9,1,137
pager_write_changecounter#sqlite3.c#19346,sqlite3.c,19346,29,6,147
pagerRollbackWal#sqlite3.c#19376,sqlite3.c,19376,95032,3421,4002
pagerOpentemp#sqlite3.c#19611,sqlite3.c,19611,15,2,141
openSubJournal#sqlite3.c#19938,sqlite3.c,19938,95032,3421,4002
subjournalPage#sqlite3.c#19951,sqlite3.c,19951,95032,3421,4002
pager_open_journal#sqlite3.c#20562,sqlite3.c,20562,95032,3421,4002
pagerAddPageToRollbackJournal#sqlite3.c#20651,sqlite3.c,20651,95032,3421,4002
walIndexPageRealloc#sqlite3.c#21443,sqlite3.c,21443,230,19,303
walIndexPage#sqlite3.c#21479,sqlite3.c,21479,237,20,306
walChecksumBytes#sqlite3.c#21499,sqlite3.c,21499,46,1,25
walShmBarrier#sqlite3.c#21546,sqlite3.c,21546,8,2,25
walIndexWriteHdr#sqlite3.c#21552,sqlite3.c,21552,70,5,29
walEncodeFrame#sqlite3.c#21564,sqlite3.c,21564,84,7,149
walDecodeFrame#sqlite3.c#21582,sqlite3.c,21582,79,4,141
walHash#sqlite3.c#21636,sqlite3.c,21636,5,1,2
walFramePage#sqlite3.c#21672,sqlite3.c,21672,6,1,25
walHashGet#sqlite3.c#21654,sqlite3.c,21654,260,22,308
walNextHash#sqlite3.c#21642,sqlite3.c,21642,3,1,1
walIndexAppend#sqlite3.c#21714,sqlite3.c,21714,95032,3421,4002
walIndexRecover#sqlite3.c#21743,sqlite3.c,21743,95032,3421,4002
walIteratorNext#sqlite3.c#21962,sqlite3.c,21962,23,1,4
walMerge#sqlite3.c#21986,sqlite3.c,21986,25,1,5
walMergesort#sqlite3.c#22012,sqlite3.c,22012,66,2,13
walIteratorFree#sqlite3.c#22054,sqlite3.c,22054,53,8,290
walIteratorInit#sqlite3.c#22058,sqlite3.c,22058,95032,3421,4002
walRestartHdr#sqlite3.c#22123,sqlite3.c,22123,111,12,154
walIndexTryHdr#sqlite3.c#22310,sqlite3.c,22310,87,5,29
walBeginShmUnreliable#sqlite3.c#22402,sqlite3.c,22402,95032,3421,4002
walTryBeginRead#sqlite3.c#22485,sqlite3.c,22485,95032,3421,4002
walRestartLog#sqlite3.c#22787,sqlite3.c,22787,95032,3421,4002
walWriteToLog#sqlite3.c#22827,sqlite3.c,22827,95032,3421,4002
walWriteOneFrame#sqlite3.c#22844,sqlite3.c,22844,95032,3421,4002
walRewriteChecksums#sqlite3.c#22856,sqlite3.c,22856,95032,3421,4002
lockBtreeMutex#sqlite3.c#23306,sqlite3.c,23306,22,3,158
clearAllSharedCacheTableLocks#sqlite3.c#23492,sqlite3.c,23492,79,8,289
downgradeAllSharedCacheTableLocks#sqlite3.c#23522,sqlite3.c,23522,13,1,137
btreeSetHasContent#sqlite3.c#23565,sqlite3.c,23565,95032,3421,4002
btreeGetHasContent#sqlite3.c#23580,sqlite3.c,23580,30,3,139
saveCursorsOnList#sqlite3.c#23664,sqlite3.c,23664,95032,3421,4002
ptrmapGet#sqlite3.c#23828,sqlite3.c,23828,95032,3421,4002
btreeParseCellAdjustSizeForOverflow#sqlite3.c#23855,sqlite3.c,23855,16,1,137
btreeParseCellPtrNoPayload#sqlite3.c#23887,sqlite3.c,23887,109,2,139
btreeParseCellPtr#sqlite3.c#23899,sqlite3.c,23899,80,2,138
btreeParseCellPtrIndex#sqlite3.c#23964,sqlite3.c,23964,47,2,138
btreeParseCell#sqlite3.c#23996,sqlite3.c,23996,3,1,137
cellSizePtr#sqlite3.c#24000,sqlite3.c,24000,32,1,137
cellSizePtrIdxLeaf#sqlite3.c#24033,sqlite3.c,24033,32,1,137
cellSizePtrNoPayload#sqlite3.c#24066,sqlite3.c,24066,10,1,137
cellSizePtrTableLeaf#sqlite3.c#24077,sqlite3.c,24077,32,1,137
ptrmapPutOvflPtr#sqlite3.c#24110,sqlite3.c,24110,95032,3421,4002
defragmentPage#sqlite3.c#24127,sqlite3.c,24127,95032,3421,4002
pageFindSlot#sqlite3.c#24233,sqlite3.c,24233,95032,3421,4002
allocateSpace#sqlite3.c#24278,sqlite3.c,24278,95032,3421,4002
freeSpace#sqlite3.c#24340,sqlite3.c,24340,95032,3421,4002
decodeFlags#sqlite3.c#24415,sqlite3.c,24415,95032,3421,4002
btreeCellSizeCheck#sqlite3.c#24530,sqlite3.c,24530,95032,3421,4002
btreeInitPage#sqlite3.c#24561,sqlite3.c,24561,95032,3421,4002
zeroPage#sqlite3.c#24597,sqlite3.c,24597,95032,3421,4002
btreePageFromDbPage#sqlite3.c#24628,sqlite3.c,24628,19,3,140
btreePageLookup#sqlite3.c#24652,sqlite3.c,24652,82,8,150
btreeGetUnusedPage#sqlite3.c#24726,sqlite3.c,24726,95032,3421,4002
allocateTempSpace#sqlite3.c#24984,sqlite3.c,24984,158,14,176
zMagicHeader#sqlite3.c#23418,sqlite3.c,23418,0,0,1
lockBtree#sqlite3.c#25170,sqlite3.c,25170,95032,3421,4002
setChildPtrmaps#sqlite3.c#25447,sqlite3.c,25447,95032,3421,4002
modifyPagePointer#sqlite3.c#25472,sqlite3.c,25472,95032,3421,4002
relocatePage#sqlite3.c#25521,sqlite3.c,25521,95032,3421,4002
getOverflowPage#sqlite3.c#26102,sqlite3.c,26102,95032,3421,4002
copyPayload#sqlite3.c#26140,sqlite3.c,26140,95032,3421,4002
moveToRightmost#sqlite3.c#26443,sqlite3.c,26443,95032,3421,4002
freePage2#sqlite3.c#27192,sqlite3.c,27192,95032,3421,4002
freePage#sqlite3.c#27275,sqlite3.c,27275,95032,3421,4002
populateCellCache#sqlite3.c#27593,sqlite3.c,27593,15,1,137
computeCellSize#sqlite3.c#27609,sqlite3.c,27609,6,1,137
cachedCellSize#sqlite3.c#27616,sqlite3.c,27616,11,2,138
rebuildPage#sqlite3.c#27622,sqlite3.c,27622,95032,3421,4002
pageInsertArray#sqlite3.c#27677,sqlite3.c,27677,95032,3421,4002
pageFreeArray#sqlite3.c#27719,sqlite3.c,27719,95032,3421,4002
editPage#sqlite3.c#27768,sqlite3.c,27768,95032,3421,4002
balance_quick#sqlite3.c#27830,sqlite3.c,27830,95032,3421,4002
copyNodeContent#sqlite3.c#27884,sqlite3.c,27884,95032,3421,4002
balance_nonroot#sqlite3.c#27912,sqlite3.c,27912,95032,3421,4002
balance_deeper#sqlite3.c#28382,sqlite3.c,28382,95032,3421,4002
anotherValidCursor#sqlite3.c#28415,sqlite3.c,28415,95032,3421,4002
btreeOverwriteContent#sqlite3.c#28489,sqlite3.c,28489,95032,3421,4002
btreeOverwriteOverflowCell#sqlite3.c#28514,sqlite3.c,28514,95032,3421,4002
checkProgress#sqlite3.c#29282,sqlite3.c,29282,17,1,140
checkRef#sqlite3.c#29332,sqlite3.c,29332,95032,3421,4002
btreeHeapInsert#sqlite3.c#29407,sqlite3.c,29407,12,1,13
btreeHeapPull#sqlite3.c#29420,sqlite3.c,29420,18,1,2
valueNew#sqlite3.c#31191,sqlite3.c,31191,95032,3421,4002
vdbeFreeOpArray#sqlite3.c#31893,sqlite3.c,31893,872,65,370
freeP4Mem#sqlite3.c#31838,sqlite3.c,31838,137,13,312
freeP4FuncCtx#sqlite3.c#31843,sqlite3.c,31843,109,12,295
vdbeCompareMemStringWithEncodingChange#sqlite3.c#33359,sqlite3.c,33359,95032,3421,4002
vdbeSkipField#sqlite3.c#33985,sqlite3.c,33985,13,1,137
doWalCallbacks#sqlite3.c#34570,sqlite3.c,34570,123,13,168
columnNullValue#sqlite3.c#34862,sqlite3.c,34862,5,1,137
azExplainColNames8#sqlite3.c#34959,sqlite3.c,34959,0,0,1
alsoAnInt#sqlite3.c#35520,sqlite3.c,35520,113,5,147
computeNumericType#sqlite3.c#35586,sqlite3.c,35586,95032,3421,4002
out2PrereleaseWithClear#sqlite3.c#35625,sqlite3.c,35625,149,14,296
vdbeIncrPopulate#sqlite3.c#41295,sqlite3.c,41295,95032,3421,4002
vdbeIncrBgPopulate#sqlite3.c#41331,sqlite3.c,41331,95032,3421,4002
vdbeSorterJoinThread#sqlite3.c#40802,sqlite3.c,40802,77,9,290
vdbeIncrSwap#sqlite3.c#41337,sqlite3.c,41337,95032,3421,4002
vdbeIncrFree#sqlite3.c#40860,sqlite3.c,40860,118,15,296
vdbePmaReadBlob#sqlite3.c#40352,sqlite3.c,40352,242,17,300
vdbePmaReadVarint#sqlite3.c#40411,sqlite3.c,40411,361,19,302
vdbeSorterMapFile#sqlite3.c#40433,sqlite3.c,40433,15,2,138
vdbePmaReaderSeek#sqlite3.c#40445,sqlite3.c,40445,167,17,180
vdbePmaReaderInit#sqlite3.c#40507,sqlite3.c,40507,95032,3421,4002
vdbeSorterCompareTail#sqlite3.c#40526,sqlite3.c,40526,95032,3421,4002
vdbeSorterCompare#sqlite3.c#40535,sqlite3.c,40535,95032,3421,4002
vdbeSorterCompareText#sqlite3.c#40544,sqlite3.c,40544,95032,3421,4002
vdbeSorterCompareInt#sqlite3.c#40572,sqlite3.c,40572,95032,3421,4002
vdbeSorterFinishRealCompare#sqlite3.c#40624,sqlite3.c,40624,95032,3421,4002
vdbeSorterDecodeU64#sqlite3.c#40645,sqlite3.c,40645,3,1,6
vdbeSorterGetReal#sqlite3.c#40649,sqlite3.c,40649,97,4,141
vdbeSorterCompareRealInt#sqlite3.c#40668,sqlite3.c,40668,95032,3421,4002
vdbeSorterCompareReal#sqlite3.c#40680,sqlite3.c,40680,95032,3421,4002
vdbeIncrPopulateThread#sqlite3.c#41324,sqlite3.c,41324,95032,3421,4002
vdbeSorterFlushThread#sqlite3.c#41163,sqlite3.c,41163,95032,3421,4002
vdbePmaReaderBgIncrInit#sqlite3.c#41481,sqlite3.c,41481,95032,3421,4002
vdbeSorterCreateThread#sqlite3.c#40817,sqlite3.c,40817,95032,3421,4002
vdbeMergeEngineNew#sqlite3.c#40833,sqlite3.c,40833,137,14,180
vdbeSorterExtendFile#sqlite3.c#40916,sqlite3.c,40916,20,4,143
vdbeSorterOpenTempFile#sqlite3.c#40927,sqlite3.c,40927,207,23,310
vdbeSortAllocUnpacked#sqlite3.c#40941,sqlite3.c,40941,95032,3421,4002
vdbeSorterMerge#sqlite3.c#40951,sqlite3.c,40951,29,1,137
vdbeSorterGetCompare#sqlite3.c#40981,sqlite3.c,40981,95032,3421,4002
vdbePmaWriterInit#sqlite3.c#41033,sqlite3.c,41033,122,12,175
vdbePmaWriteBlob#sqlite3.c#41046,sqlite3.c,41046,95032,3421,4002
vdbePmaWriterFinish#sqlite3.c#41066,sqlite3.c,41066,95032,3421,4002
vdbePmaWriteVarint#sqlite3.c#41080,sqlite3.c,41080,95032,3421,4002
vdbeSorterListToPMA#sqlite3.c#41087,sqlite3.c,41087,95032,3421,4002
vdbeIncrMergerNew#sqlite3.c#41363,sqlite3.c,41363,230,25,309
vdbeIncrMergerSetThreads#sqlite3.c#41379,sqlite3.c,41379,4,1,137
vdbeMergeEngineCompare#sqlite3.c#41384,sqlite3.c,41384,34,1,137
vdbePmaReaderIncrMergeInit#sqlite3.c#41444,sqlite3.c,41444,95032,3421,4002
vdbePmaReaderIncrInit#sqlite3.c#41488,sqlite3.c,41488,95032,3421,4002
vdbeMergeEngineInit#sqlite3.c#41421,sqlite3.c,41421,95032,3421,4002
vdbeMergeEngineLevel0#sqlite3.c#41503,sqlite3.c,41503,95032,3421,4002
vdbeSorterTreeDepth#sqlite3.c#41524,sqlite3.c,41524,9,1,137
vdbeSorterAddToTree#sqlite3.c#41534,sqlite3.c,41534,279,27,311
vdbeSorterMergeTreeBuild#sqlite3.c#41568,sqlite3.c,41568,95032,3421,4002
bytecodevtabCursorClear#sqlite3.c#41860,sqlite3.c,41860,95032,3421,4002
memjrnlFreeChunks#sqlite3.c#42130,sqlite3.c,42130,58,8,292
memjrnlCreateFile#sqlite3.c#42139,sqlite3.c,42139,95032,3421,4002
incrAggDepth#sqlite3.c#42446,sqlite3.c,42446,4,1,147
incrAggFunctionDepth#sqlite3.c#42451,sqlite3.c,42451,151,13,170
areDoubleQuotedStringsEnabled#sqlite3.c#42521,sqlite3.c,42521,18,2,139
extendFJMatch#sqlite3.c#42553,sqlite3.c,42553,95032,3421,4002
isValidSchemaTableName#sqlite3.c#42565,sqlite3.c,42565,49,3,163
lookupName#sqlite3.c#42584,sqlite3.c,42584,95032,3421,4002
notValidImpl#sqlite3.c#42980,sqlite3.c,42980,95032,3421,4002
exprProbability#sqlite3.c#42990,sqlite3.c,42990,207,8,146
resolveSetExprSubtypeArg#sqlite3.c#43000,sqlite3.c,43000,22,1,137
resolveAsName#sqlite3.c#43342,sqlite3.c,43342,15,1,137
resolveOrderByTermToExprList#sqlite3.c#43358,sqlite3.c,43358,95032,3421,4002
resolveCompoundOrderBy#sqlite3.c#43392,sqlite3.c,43392,95032,3421,4002
resolveRemoveWindowsCb#sqlite3.c#43499,sqlite3.c,43499,15,2,148
windowRemoveExprFromSelect#sqlite3.c#43508,sqlite3.c,43508,162,14,171
resolveOrderGroupBy#sqlite3.c#43518,sqlite3.c,43518,95032,3421,4002
binaryCompareP5#sqlite3.c#44075,sqlite3.c,44075,164,7,166
exprCodeSubselect#sqlite3.c#44181,sqlite3.c,44181,95032,3421,4002
exprVectorRegister#sqlite3.c#44189,sqlite3.c,44189,95032,3421,4002
heightOfExpr#sqlite3.c#44293,sqlite3.c,44293,7,1,137
heightOfExprList#sqlite3.c#44301,sqlite3.c,44301,15,2,138
exprStructSize#sqlite3.c#44705,sqlite3.c,44705,5,1,137
dupedExprStructSize#sqlite3.c#44711,sqlite3.c,44711,20,1,137
dupedExprNodeSize#sqlite3.c#44732,sqlite3.c,44732,27,2,138
dupedExprSize#sqlite3.c#44740,sqlite3.c,44740,36,3,139
gatherSelectWindowsCallback#sqlite3.c#44877,sqlite3.c,44877,95032,3421,4002
gatherSelectWindowsSelectCallback#sqlite3.c#44889,sqlite3.c,44889,3,1,147
exprNodeIsConstantFunction#sqlite3.c#45327,sqlite3.c,45327,95032,3421,4002
exprNodeIsConstant#sqlite3.c#45349,sqlite3.c,45349,95032,3421,4002
exprSelectWalkTableConstant#sqlite3.c#45417,sqlite3.c,45417,9,1,147
exprNodeCanReturnSubtype#sqlite3.c#46573,sqlite3.c,46573,95032,3421,4002
sqlite3ExprCanReturnSubtype#sqlite3.c#46594,sqlite3.c,46594,95032,3421,4002
sqlite3ExprIsNotTrue#sqlite3.c#47942,sqlite3.c,47942,95032,3421,4002
bothImplyNotNullRow#sqlite3.c#47990,sqlite3.c,47990,147,12,169
addAggInfoColumn#sqlite3.c#48227,sqlite3.c,48227,95032,3421,4002
addAggInfoFunc#sqlite3.c#48233,sqlite3.c,48233,95032,3421,4002
findOrCreateAggInfoColumn#sqlite3.c#48239,sqlite3.c,48239,95032,3421,4002
renameWalkWith#sqlite3.c#48865,sqlite3.c,48865,95032,3421,4002
unmapColumnIdlistNames#sqlite3.c#48892,sqlite3.c,48892,17,2,144
renameTokenFree#sqlite3.c#48960,sqlite3.c,48960,112,12,311
renameTokenFind#sqlite3.c#48969,sqlite3.c,48969,19,1,147
renameColumnSelectCb#sqlite3.c#48989,sqlite3.c,48989,95032,3421,4002
renameColumnExprCb#sqlite3.c#48999,sqlite3.c,48999,28,2,148
renameColumnTokenNext#sqlite3.c#49009,sqlite3.c,49009,11,1,138
errorMPrintf#sqlite3.c#49021,sqlite3.c,49021,95032,3421,4002
renameColumnParseError#sqlite3.c#49036,sqlite3.c,49036,95032,3421,4002
renameColumnElistNames#sqlite3.c#49045,sqlite3.c,49045,30,2,148
renameColumnIdlistNames#sqlite3.c#49057,sqlite3.c,49057,67,5,174
renameParseSql#sqlite3.c#49069,sqlite3.c,49069,95032,3421,4002
renameEditSql#sqlite3.c#49102,sqlite3.c,49102,95032,3421,4002
renameSetENames#sqlite3.c#49174,sqlite3.c,49174,10,1,137
renameResolveTrigger#sqlite3.c#49185,sqlite3.c,49185,95032,3421,4002
renameWalkTrigger#sqlite3.c#49275,sqlite3.c,49275,164,12,169
renameParseCleanup#sqlite3.c#49302,sqlite3.c,49302,95032,3421,4002
renameTableExprCb#sqlite3.c#49448,sqlite3.c,49448,26,2,148
renameTableSelectCb#sqlite3.c#49456,sqlite3.c,49456,95032,3421,4002
renameQuotefixExprCb#sqlite3.c#49593,sqlite3.c,49593,25,2,148
getConstraintToken#sqlite3.c#49712,sqlite3.c,49712,485,3,19
getWhitespace#sqlite3.c#49896,sqlite3.c,49896,471,3,16
getConstraint#sqlite3.c#49907,sqlite3.c,49907,504,4,20
quotedCompare#sqlite3.c#49927,sqlite3.c,49927,95032,3421,4002
skipCreateTable#sqlite3.c#49945,sqlite3.c,49945,95032,3421,4002
openStatTable#sqlite3.c#50252,sqlite3.c,50252,95032,3421,4002
callStatGet#sqlite3.c#50405,sqlite3.c,50405,95032,3421,4002
analyzeVdbeCommentIndexWithColumnName#sqlite3.c#50411,sqlite3.c,50411,95032,3421,4002
analyzeOneTable#sqlite3.c#50425,sqlite3.c,50425,95032,3421,4002
loadAnalysis#sqlite3.c#50579,sqlite3.c,50579,95032,3421,4002
decodeIntArray#sqlite3.c#50674,sqlite3.c,50674,228,8,173
resolveAttachExpr#sqlite3.c#50800,sqlite3.c,50800,95032,3421,4002
identLength#sqlite3.c#52473,sqlite3.c,52473,7,1,137
identPut#sqlite3.c#52481,sqlite3.c,52481,187,3,148
resizeIndexObject#sqlite3.c#52563,sqlite3.c,52563,95032,3421,4002
hasColumn#sqlite3.c#52625,sqlite3.c,52625,8,1,137
vtabIsReadOnly#sqlite3.c#55097,sqlite3.c,55097,95032,3421,4002
sqlite3GetFuncCollSeq#sqlite3.c#55535,sqlite3.c,55535,8,1,138
sqlite3SkipAccumulatorLoad#sqlite3.c#55544,sqlite3.c,55544,5,1,138
contextMalloc#sqlite3.c#55868,sqlite3.c,55868,95032,3421,4002
isNHex#sqlite3.c#56234,sqlite3.c,56234,15,2,5
strContainsChar#sqlite3.c#56377,sqlite3.c,56377,21,2,5
concatFuncCore#sqlite3.c#56595,sqlite3.c,56595,95032,3421,4002
kahanBabuskaNeumaierStep#sqlite3.c#56678,sqlite3.c,56678,95032,3421,4002
kahanBabuskaNeumaierStepInt64#sqlite3.c#56689,sqlite3.c,56689,95032,3421,4002
kahanBabuskaNeumaierInit#sqlite3.c#56701,sqlite3.c,56701,10,1,8
minMaxValueFinalize#sqlite3.c#56884,sqlite3.c,56884,95032,3421,4002
percentIsInfinity#sqlite3.c#57200,sqlite3.c,57200,6,1,3
percentSameValue#sqlite3.c#57207,sqlite3.c,57207,4,1,6
percentBinarySearch#sqlite3.c#57212,sqlite3.c,57212,17,1,9
percentError#sqlite3.c#57230,sqlite3.c,57230,95032,3421,4002
percentSort#sqlite3.c#57311,sqlite3.c,57311,61,1,6
percentCompute#sqlite3.c#57405,sqlite3.c,57405,95032,3421,4002
exprTableRegister#sqlite3.c#57597,sqlite3.c,57597,95032,3421,4002
exprTableColumn#sqlite3.c#57619,sqlite3.c,57619,95032,3421,4002
xferCompatibleIndex#sqlite3.c#59772,sqlite3.c,59772,95032,3421,4002
xferCompatibleCheck#sqlite3.c#59814,sqlite3.c,59814,95032,3421,4002
xferCheckRowid#sqlite3.c#59805,sqlite3.c,59805,8,1,147
getTempStore#sqlite3.c#60764,sqlite3.c,60764,30,2,151
pragmaVtabCursorClear#sqlite3.c#62402,sqlite3.c,62402,95032,3421,4002
schemaIsValid#sqlite3.c#62791,sqlite3.c,62791,95032,3421,4002
sqlite3Utf16ByteLen#sqlite3.c#10395,sqlite3.c,10395,14,1,1
tableAndColumnIndex#sqlite3.c#63316,sqlite3.c,63316,84,5,154
sqlite3ProcessJoin#sqlite3.c#63380,sqlite3.c,63380,95032,3421,4002
innerLoopLoadRow#sqlite3.c#63498,sqlite3.c,63498,95032,3421,4002
makeSorterRecord#sqlite3.c#63502,sqlite3.c,63502,95032,3421,4002
pushOntoSorter#sqlite3.c#63513,sqlite3.c,63513,95032,3421,4002
codeOffset#sqlite3.c#63607,sqlite3.c,63607,95032,3421,4002
codeDistinct#sqlite3.c#63614,sqlite3.c,63614,95032,3421,4002
multiSelectCollSeq#sqlite3.c#64502,sqlite3.c,64502,95032,3421,4002
multiSelectByMergeKeyInfo#sqlite3.c#64516,sqlite3.c,64516,95032,3421,4002
generateWithRecursiveQuery#sqlite3.c#64542,sqlite3.c,64542,95032,3421,4002
generateOutputSubroutine#sqlite3.c#64796,sqlite3.c,64796,95032,3421,4002
multiSelectByMerge#sqlite3.c#64908,sqlite3.c,64908,95032,3421,4002
multiSelectValues#sqlite3.c#64664,sqlite3.c,64664,95032,3421,4002
hasAnchor#sqlite3.c#64689,sqlite3.c,64689,4,1,137
substExpr#sqlite3.c#65165,sqlite3.c,65165,95032,3421,4002
substExprList#sqlite3.c#65248,sqlite3.c,65248,95032,3421,4002
substSelect#sqlite3.c#65256,sqlite3.c,65256,95032,3421,4002
recomputeColumnsUsedExpr#sqlite3.c#65282,sqlite3.c,65282,28,2,148
recomputeColumnsUsed#sqlite3.c#65292,sqlite3.c,65292,180,15,172
srclistRenumberCursors#sqlite3.c#65303,sqlite3.c,65303,19,1,137
renumberCursorDoMapping#sqlite3.c#65323,sqlite3.c,65323,7,1,147
renumberCursorsCb#sqlite3.c#65331,sqlite3.c,65331,17,2,151
renumberCursors#sqlite3.c#65342,sqlite3.c,65342,187,16,176
findLeftmostExprlist#sqlite3.c#65352,sqlite3.c,65352,6,1,137
compoundHasDifferentAffinities#sqlite3.c#65359,sqlite3.c,65359,169,6,164
constInsert#sqlite3.c#65632,sqlite3.c,65632,95032,3421,4002
findConstInWhere#sqlite3.c#65662,sqlite3.c,65662,95032,3421,4002
propagateConstantExprRewriteOne#sqlite3.c#65688,sqlite3.c,65688,95032,3421,4002
propagateConstantExprRewrite#sqlite3.c#65718,sqlite3.c,65718,95032,3421,4002
pushDownWindowCheck#sqlite3.c#65769,sqlite3.c,65769,95032,3421,4002
convertCompoundSelectToSubquery#sqlite3.c#65995,sqlite3.c,65995,95032,3421,4002
cannotBeFunction#sqlite3.c#66046,sqlite3.c,66046,95032,3421,4002
searchWith#sqlite3.c#66054,sqlite3.c,66054,36,2,151
resolveFromTermToCte#sqlite3.c#66087,sqlite3.c,66087,95032,3421,4002
inAnyUsingClause#sqlite3.c#66262,sqlite3.c,66262,37,3,152
selectExpander#sqlite3.c#66273,sqlite3.c,66273,95032,3421,4002
selectAddSubqueryTypeInfo#sqlite3.c#66571,sqlite3.c,66571,95032,3421,4002
aggregateIdxEprRefToColCallback#sqlite3.c#66654,sqlite3.c,66654,18,1,147
havingToWhereExprCb#sqlite3.c#66936,sqlite3.c,66936,95032,3421,4002
isAsteriskTerm#sqlite3.c#68622,sqlite3.c,68622,95032,3421,4002
sqlite3ExpandReturning#sqlite3.c#68633,sqlite3.c,68633,95032,3421,4002
sqlite3ReturningSubqueryVarSelect#sqlite3.c#68666,sqlite3.c,68666,8,1,147
sqlite3ReturningSubqueryCorrelated#sqlite3.c#68675,sqlite3.c,68675,16,1,147
sqlite3ProcessReturningSubqueries#sqlite3.c#68692,sqlite3.c,68692,183,16,173
codeTriggerProgram#sqlite3.c#68780,sqlite3.c,68780,95032,3421,4002
transferParseError#sqlite3.c#68834,sqlite3.c,68834,115,12,310
codeRowTrigger#sqlite3.c#68846,sqlite3.c,68846,95032,3421,4002
sqlite3WhereGetMask#sqlite3.c#74101,sqlite3.c,74101,15,1,147
whereScanNext#sqlite3.c#74173,sqlite3.c,74173,95032,3421,4002
whereScanInit#sqlite3.c#74251,sqlite3.c,74251,95032,3421,4002
sqlite3WhereFindTerm#sqlite3.c#74283,sqlite3.c,74283,95032,3421,4002
sqlite3WhereRealloc#sqlite3.c#74129,sqlite3.c,74129,95032,3421,4002
sqlite3WhereExplainBloomFilter#sqlite3.c#71417,sqlite3.c,71417,95032,3421,4002
explainIndexRange#sqlite3.c#71308,sqlite3.c,71308,95032,3421,4002
whereLoopIsOneRow#sqlite3.c#71899,sqlite3.c,71899,12,1,147
disableTerm#sqlite3.c#71452,sqlite3.c,71452,17,1,147
codeExprOrVector#sqlite3.c#71816,sqlite3.c,71816,95032,3421,4002
codeApplyAffinity#sqlite3.c#71470,sqlite3.c,71470,95032,3421,4002
updateRangeAffinityStr#sqlite3.c#71491,sqlite3.c,71491,230,11,170
codeDeferredSeek#sqlite3.c#71790,sqlite3.c,71790,95032,3421,4002
whereApplyPartialIndexConstraints#sqlite3.c#71841,sqlite3.c,71841,95032,3421,4002
codeAllEqualityTerms#sqlite3.c#71696,sqlite3.c,71696,95032,3421,4002
codeEqualityTerm#sqlite3.c#71675,sqlite3.c,71675,95032,3421,4002
filterPullDown#sqlite3.c#71858,sqlite3.c,71858,95032,3421,4002
whereLikeOptimizationStringFixup#sqlite3.c#71778,sqlite3.c,71778,24,3,151
whereOrInfoDelete#sqlite3.c#72841,sqlite3.c,72841,741,55,359
whereAndInfoDelete#sqlite3.c#72846,sqlite3.c,72846,741,55,359
sqlite3WhereClauseClear#sqlite3.c#73870,sqlite3.c,73870,741,55,359
whereClauseInsert#sqlite3.c#72851,sqlite3.c,72851,95032,3421,4002
whereAddLimitExpr#sqlite3.c#73792,sqlite3.c,73792,95032,3421,4002
sqlite3WhereExprUsageNN#sqlite3.c#73918,sqlite3.c,73918,85,6,152
sqlite3WhereExprUsage#sqlite3.c#73928,sqlite3.c,73928,85,6,152
sqlite3WhereExprUsageFull#sqlite3.c#73896,sqlite3.c,73896,85,6,152
sqlite3WhereExprListUsage#sqlite3.c#73932,sqlite3.c,73932,85,6,152
exprAnalyze#sqlite3.c#73485,sqlite3.c,73485,95032,3421,4002
sqlite3WhereLoopBloomable#sqlite3.c#73995,sqlite3.c,73995,33,3,152
explainAppendTerm#sqlite3.c#71289,sqlite3.c,71289,95032,3421,4002
adjustOrderByCol#sqlite3.c#71501,sqlite3.c,71501,17,1,137
removeUnindexableInClauseTerms#sqlite3.c#71519,sqlite3.c,71519,95032,3421,4002
codeINTerm#sqlite3.c#71580,sqlite3.c,71580,95032,3421,4002
termIsEquivalence#sqlite3.c#73390,sqlite3.c,73390,95032,3421,4002
transferJoinMarkings#sqlite3.c#73131,sqlite3.c,73131,6,1,137
exprMightBeIndexed#sqlite3.c#73460,sqlite3.c,73460,95032,3421,4002
allowedOp#sqlite3.c#72884,sqlite3.c,72884,12,1,150
exprSelectUsage#sqlite3.c#73410,sqlite3.c,73410,85,6,152
exprCommute#sqlite3.c#72897,sqlite3.c,72897,95032,3421,4002
exprAnalyzeOrTerm#sqlite3.c#73193,sqlite3.c,73193,95032,3421,4002
operatorMask#sqlite3.c#72913,sqlite3.c,72913,24,1,140
isAuxiliaryVtabOperator#sqlite3.c#73062,sqlite3.c,73062,110,4,157
markTermAsChild#sqlite3.c#73138,sqlite3.c,73138,7,1,147
isLikeOrGlob#sqlite3.c#72938,sqlite3.c,72938,95032,3421,4002
whereNthSubterm#sqlite3.c#73146,sqlite3.c,73146,9,1,147
whereCombineDisjuncts#sqlite3.c#73156,sqlite3.c,73156,95032,3421,4002
exprMightBeIndexed2#sqlite3.c#73438,sqlite3.c,73438,95032,3421,4002
whereLoopResize#sqlite3.c#75022,sqlite3.c,75022,95032,3421,4002
whereOrMove#sqlite3.c#74069,sqlite3.c,74069,4,1,8
whereOrInsert#sqlite3.c#74074,sqlite3.c,74074,39,2,153
whereRightSubexprIsColumn#sqlite3.c#74145,sqlite3.c,74145,22,2,148
indexInAffinityOk#sqlite3.c#74153,sqlite3.c,74153,95032,3421,4002
whereScanInitIndexExpr#sqlite3.c#74246,sqlite3.c,74246,95032,3421,4002
findIndexCol#sqlite3.c#74302,sqlite3.c,74302,95032,3421,4002
indexColumnNotNull#sqlite3.c#74317,sqlite3.c,74317,14,1,137
estLog#sqlite3.c#74362,sqlite3.c,74362,15,2,151
constraintCompatibleWithOuterJoin#sqlite3.c#74386,sqlite3.c,74386,13,1,147
columnIsGoodIndexCandidate#sqlite3.c#74400,sqlite3.c,74400,14,1,137
termCanDriveIndex#sqlite3.c#74415,sqlite3.c,74415,228,11,170
allocateIndexInfo#sqlite3.c#74745,sqlite3.c,74745,95032,3421,4002
freeIdxStr#sqlite3.c#74908,sqlite3.c,74908,57,8,289
freeIndexInfo#sqlite3.c#74916,sqlite3.c,74916,183,18,317
vtabBestIndex#sqlite3.c#74931,sqlite3.c,74931,95032,3421,4002
whereRangeAdjust#sqlite3.c#74958,sqlite3.c,74958,11,1,147
whereRangeScanEst#sqlite3.c#74970,sqlite3.c,74970,30,2,151
whereLoopClearUnion#sqlite3.c#74997,sqlite3.c,74997,117,12,310
whereLoopClear#sqlite3.c#75011,sqlite3.c,75011,127,13,311
whereLoopXfer#sqlite3.c#75035,sqlite3.c,75035,95032,3421,4002
whereLoopDelete#sqlite3.c#75051,sqlite3.c,75051,161,15,314
whereLoopCheaperProperSubset#sqlite3.c#75074,sqlite3.c,75074,24,1,147
whereLoopAdjustCost#sqlite3.c#75099,sqlite3.c,75099,40,2,148
whereLoopFindLesser#sqlite3.c#75116,sqlite3.c,75116,21,1,147
whereLoopInsert#sqlite3.c#75138,sqlite3.c,75138,95032,3421,4002
exprNodePatternLengthEst#sqlite3.c#75189,sqlite3.c,75189,27,1,147
estLikePatternLength#sqlite3.c#75217,sqlite3.c,75217,179,14,171
whereLoopOutputAdjust#sqlite3.c#75227,sqlite3.c,75227,95032,3421,4002
whereRangeVectorLen#sqlite3.c#75293,sqlite3.c,75293,95032,3421,4002
whereLoopAddBtreeIndex#sqlite3.c#75325,sqlite3.c,75325,95032,3421,4002
indexMightHelpWithOrderBy#sqlite3.c#75565,sqlite3.c,75565,95032,3421,4002
whereUsablePartialIndex#sqlite3.c#75591,sqlite3.c,75591,95032,3421,4002
exprIsCoveredByIndex#sqlite3.c#75611,sqlite3.c,75611,95032,3421,4002
whereIsCoveringIndexWalkCallback#sqlite3.c#75630,sqlite3.c,75630,95032,3421,4002
whereIsCoveringIndex#sqlite3.c#75655,sqlite3.c,75655,95032,3421,4002
whereLoopAddBtree#sqlite3.c#75741,sqlite3.c,75741,95032,3421,4002
isLimitTerm#sqlite3.c#75929,sqlite3.c,75929,4,1,147
allConstraintsUsed#sqlite3.c#75934,sqlite3.c,75934,7,1,2
whereLoopAddVirtualOne#sqlite3.c#75942,sqlite3.c,75942,95032,3421,4002
whereLoopAddVirtual#sqlite3.c#76136,sqlite3.c,76136,95032,3421,4002
whereLoopAddOr#sqlite3.c#76223,sqlite3.c,76223,95032,3421,4002
wherePathMatchSubqueryOB#sqlite3.c#76383,sqlite3.c,76383,41,1,147
wherePathSatisfiesOrderBy#sqlite3.c#76425,sqlite3.c,76425,95032,3421,4002
whereSortingCost#sqlite3.c#76663,sqlite3.c,76663,38,3,152
computeMxChoice#sqlite3.c#76687,sqlite3.c,76687,62,1,147
whereLoopIsNoBetter#sqlite3.c#76750,sqlite3.c,76750,6,1,148
exprNodeIsDeterministic#sqlite3.c#77076,sqlite3.c,77076,7,1,147
selectWindowRewriteExprCb#sqlite3.c#78190,sqlite3.c,78190,95032,3421,4002
selectWindowRewriteSelectCb#sqlite3.c#78258,sqlite3.c,78258,150,12,169
windowArgCount#sqlite3.c#78713,sqlite3.c,78713,6,1,138
windowReadPeerValues#sqlite3.c#78743,sqlite3.c,78743,95032,3421,4002
windowAggStep#sqlite3.c#78757,sqlite3.c,78757,95032,3421,4002
windowFullScan#sqlite3.c#78870,sqlite3.c,78870,95032,3421,4002
parserSyntaxError#sqlite3.c#79547,sqlite3.c,79547,95032,3421,4002
disableLookaside#sqlite3.c#79551,sqlite3.c,79551,6,1,143
parserDoubleLinkSelect#sqlite3.c#79558,sqlite3.c,79558,95032,3421,4002
attachWithToSelect#sqlite3.c#79581,sqlite3.c,79581,95032,3421,4002
parserStackRealloc#sqlite3.c#79591,sqlite3.c,79591,95032,3421,4002
parserStackFree#sqlite3.c#79597,sqlite3.c,79597,54,8,289
parserStackSizeLimit#sqlite3.c#79602,sqlite3.c,79602,3,1,143
tokenExpr#sqlite3.c#79606,sqlite3.c,79606,95032,3421,4002
sqlite3PExprIsNull#sqlite3.c#79635,sqlite3.c,79635,95032,3421,4002
sqlite3PExprIs#sqlite3.c#79651,sqlite3.c,79651,95032,3421,4002
parserAddExprIdListTerm#sqlite3.c#79659,sqlite3.c,79659,95032,3421,4002
yy_pop_parser_stack#sqlite3.c#79814,sqlite3.c,79814,794,57,361
yy_shift_ofst#sqlite3.c#79697,sqlite3.c,79697,0,0,1
yy_lookahead#sqlite3.c#79694,sqlite3.c,79694,0,0,1
yy_default#sqlite3.c#79703,sqlite3.c,79703,0,0,1
yy_action#sqlite3.c#79691,sqlite3.c,79691,0,0,1
yy_reduce_ofst#sqlite3.c#79700,sqlite3.c,79700,0,0,1
yy_find_reduce_action#sqlite3.c#79873,sqlite3.c,79873,10,1,3
yyRuleInfoLhs#sqlite3.c#79913,sqlite3.c,79913,0,0,1
aKWNext#sqlite3.c#81312,sqlite3.c,81312,0,0,1
aKWCode#sqlite3.c#81318,sqlite3.c,81318,0,0,1
getToken#sqlite3.c#81508,sqlite3.c,81508,477,4,18
sqlite3Fts3UnicodeTokenizer#sqlite3.c#94783,sqlite3.c,94783,95032,3421,4002
sqlite3Fts3InitAux#sqlite3.c#88391,sqlite3.c,88391,95032,3421,4002
sqlite3Fts3SimpleTokenizerModule#sqlite3.c#89925,sqlite3.c,89925,95032,3421,4002
sqlite3Fts3InitHashTable#sqlite3.c#89791,sqlite3.c,89791,95032,3421,4002
sqlite3Fts3HashInit#sqlite3.c#89063,sqlite3.c,89063,10,1,145
sqlite3Fts3HashInsert#sqlite3.c#89245,sqlite3.c,89245,95032,3421,4002
sqlite3Fts3PorterTokenizerModule#sqlite3.c#89651,sqlite3.c,89651,95032,3421,4002
sqlite3Fts3InitTok#sqlite3.c#90164,sqlite3.c,90164,95032,3421,4002
sqlite3Fts3HashClear#sqlite3.c#89074,sqlite3.c,89074,71,9,292
rtrimCollFunc#sqlite3.c#82568,sqlite3.c,82568,18,2,3
nocaseCollatingFunc#sqlite3.c#82581,sqlite3.c,82581,20,2,151
disconnectAllVtab#sqlite3.c#82652,sqlite3.c,82652,280,26,324
sqlite3_autovacuum_pages#sqlite3.c#83161,sqlite3.c,83161,31,4,160
fts3HashFree#sqlite3.c#89059,sqlite3.c,89059,53,8,290
fts3HashInsertElement#sqlite3.c#89141,sqlite3.c,89141,18,1,3
fts3Rehash#sqlite3.c#89160,sqlite3.c,89160,95032,3421,4002
fts3HashMalloc#sqlite3.c#89051,sqlite3.c,89051,95032,3421,4002
fts3FindElementByHash#sqlite3.c#89179,sqlite3.c,89179,34,4,6
fts3RemoveElementByHash#sqlite3.c#89198,sqlite3.c,89198,100,10,293
sqlite3Fts3HashFindElem#sqlite3.c#89228,sqlite3.c,89228,70,8,10
sqlite3Fts3HashFind#sqlite3.c#89239,sqlite3.c,89239,75,9,14
fts3PendingTermsDocid#sqlite3.c#90519,sqlite3.c,90519,95032,3421,4002
fts3InsertTerms#sqlite3.c#90546,sqlite3.c,90546,95032,3421,4002
fts3DeleteByRowid#sqlite3.c#93384,sqlite3.c,93384,95032,3421,4002
fts3Writelock#sqlite3.c#90339,sqlite3.c,90339,95032,3421,4002
fts3UpdateDocTotals#sqlite3.c#92035,sqlite3.c,92035,95032,3421,4002
fts3InsertDocsize#sqlite3.c#92011,sqlite3.c,92011,95032,3421,4002
fts3SpecialInsert#sqlite3.c#93267,sqlite3.c,93267,95032,3421,4002
sqlite3Fts3SegmentsClose#sqlite3.c#90717,sqlite3.c,90717,95032,3421,4002
fts3InsertData#sqlite3.c#90562,sqlite3.c,90562,95032,3421,4002
sqlite3Fts3UpdateMethod#sqlite3.c#93410,sqlite3.c,93410,95032,3421,4002
fts3SqlStmt#sqlite3.c#90249,sqlite3.c,90249,95032,3421,4002
fts3SegmentMerge#sqlite3.c#91899,sqlite3.c,91899,95032,3421,4002
sqlite3Fts3PendingTermsClear#sqlite3.c#90532,sqlite3.c,90532,87,11,294
sqlite3Fts3PendingTermsFlush#sqlite3.c#91962,sqlite3.c,91962,95032,3421,4002
fts3PendingListDelete#sqlite3.c#90452,sqlite3.c,90452,53,8,289
fts3DoOptimize#sqlite3.c#92097,sqlite3.c,92097,95032,3421,4002
sqlite3Fts3Optimize#sqlite3.c#93486,sqlite3.c,93486,95032,3421,4002
sqlite3Fts3SegReaderNew#sqlite3.c#90947,sqlite3.c,90947,95032,3421,4002
fts3CompareElemByTerm#sqlite3.c#90979,sqlite3.c,90979,12,1,2
sqlite3Fts3SegReaderPending#sqlite3.c#90992,sqlite3.c,90992,95032,3421,4002
sqlite3Fts3SegReaderFree#sqlite3.c#90936,sqlite3.c,90936,95032,3421,4002
sqlite3Fts3AllSegdirs#sqlite3.c#90362,sqlite3.c,90362,95032,3421,4002
sqlite3Fts3ReadBlock#sqlite3.c#90678,sqlite3.c,90678,95032,3421,4002
sqlite3Fts3SelectDoctotal#sqlite3.c#90307,sqlite3.c,90307,95032,3421,4002
fts3SelectDocsize#sqlite3.c#90288,sqlite3.c,90288,95032,3421,4002
sqlite3Fts3SelectDocsize#sqlite3.c#90323,sqlite3.c,90323,95032,3421,4002
sqlite3Fts3FreeDeferredTokens#sqlite3.c#93297,sqlite3.c,93297,63,9,290
sqlite3Fts3DeferToken#sqlite3.c#93368,sqlite3.c,93368,95032,3421,4002
fts3PendingListAppendVarint#sqlite3.c#90384,sqlite3.c,90384,95032,3421,4002
sqlite3Fts3OpenTokenizer#sqlite3.c#88423,sqlite3.c,88423,19,1,157
fts3PendingListAppend#sqlite3.c#90412,sqlite3.c,90412,95032,3421,4002
sqlite3Fts3CacheDeferredDoclists#sqlite3.c#93308,sqlite3.c,93308,95032,3421,4002
sqlite3Fts3FreeDeferredDoclists#sqlite3.c#93289,sqlite3.c,93289,60,9,290
sqlite3Fts3GetVarint#sqlite3.c#84795,sqlite3.c,84795,22,2,23
sqlite3Fts3DeferredTokenList#sqlite3.c#93350,sqlite3.c,93350,95032,3421,4002
sqlite3Fts3MaxLevel#sqlite3.c#91142,sqlite3.c,91142,95032,3421,4002
fts3SegReaderStart#sqlite3.c#91608,sqlite3.c,91608,95032,3421,4002
sqlite3Fts3SegReaderStart#sqlite3.c#91626,sqlite3.c,91626,95032,3421,4002
fts3SegReaderFirstDocid#sqlite3.c#90841,sqlite3.c,90841,95032,3421,4002
fts3SegReaderSort#sqlite3.c#91113,sqlite3.c,91113,36,2,13
fts3SegReaderCmp#sqlite3.c#91050,sqlite3.c,91050,21,1,9
fts3SegReaderSetEof#sqlite3.c#90748,sqlite3.c,90748,95032,3421,4002
sqlite3Fts3FirstFilter#sqlite3.c#86156,sqlite3.c,86156,82,5,161
sqlite3Fts3VarintLen#sqlite3.c#84830,sqlite3.c,84830,8,1,3
fts3SegReaderNext#sqlite3.c#90757,sqlite3.c,90757,95032,3421,4002
fts3SegReaderDoclistCmp#sqlite3.c#91072,sqlite3.c,91072,12,1,9
fts3ColumnFilter#sqlite3.c#91516,sqlite3.c,91516,42,2,17
sqlite3Fts3PutVarint#sqlite3.c#84763,sqlite3.c,84763,11,1,153
fts3GrowSegReaderBuffer#sqlite3.c#91673,sqlite3.c,91673,95032,3421,4002
fts3MsrBufferData#sqlite3.c#91545,sqlite3.c,91545,95032,3421,4002
fts3SegReaderDoclistCmpRev#sqlite3.c#91085,sqlite3.c,91085,12,1,9
fts3SegReaderNextDocid#sqlite3.c#90860,sqlite3.c,90860,95032,3421,4002
sqlite3Fts3SegReaderStep#sqlite3.c#91686,sqlite3.c,91686,95032,3421,4002
sqlite3Fts3SegReaderFinish#sqlite3.c#91804,sqlite3.c,91804,95032,3421,4002
fts3SegReaderCursor#sqlite3.c#86279,sqlite3.c,86279,95032,3421,4002
sqlite3Fts3SegReaderCursor#sqlite3.c#86317,sqlite3.c,86317,95032,3421,4002
fts3IncrmergeHintStore#sqlite3.c#92886,sqlite3.c,92886,95032,3421,4002
fts3SegmentIsMaxLevel#sqlite3.c#91458,sqlite3.c,91458,95032,3421,4002
fts3IncrmergeHintLoad#sqlite3.c#92900,sqlite3.c,92900,95032,3421,4002
fts3IncrmergeWriter#sqlite3.c#92649,sqlite3.c,92649,95032,3421,4002
fts3IncrmergeAppend#sqlite3.c#92414,sqlite3.c,92414,95032,3421,4002
fts3IncrmergeHintPop#sqlite3.c#92933,sqlite3.c,92933,52,4,25
fts3IncrmergeChomp#sqlite3.c#92854,sqlite3.c,92854,95032,3421,4002
fts3IncrmergeRelease#sqlite3.c#92457,sqlite3.c,92457,95032,3421,4002
fts3IncrmergeHintPush#sqlite3.c#92925,sqlite3.c,92925,95032,3421,4002
fts3PromoteSegments#sqlite3.c#91842,sqlite3.c,91842,95032,3421,4002
fts3IncrmergeOutputIdx#sqlite3.c#92636,sqlite3.c,92636,95032,3421,4002
fts3IncrmergeLoad#sqlite3.c#92523,sqlite3.c,92523,95032,3421,4002
fts3IncrmergeCsr#sqlite3.c#92193,sqlite3.c,92193,95032,3421,4002
sqlite3Fts3Incrmerge#sqlite3.c#92950,sqlite3.c,92950,95032,3421,4002
sqlite3Fts3PrepareStmt#sqlite3.c#90244,sqlite3.c,90244,95032,3421,4002
sqlite3Fts3ErrMsg#sqlite3.c#84894,sqlite3.c,84894,95032,3421,4002
sqlite3Fts3GetVarintU#sqlite3.c#84775,sqlite3.c,84775,19,1,6
sqlite3Fts3GetVarintBounded#sqlite3.c#84799,sqlite3.c,84799,15,1,5
sqlite3Fts3GetVarint32#sqlite3.c#84815,sqlite3.c,84815,14,1,13
sqlite3Fts3Dequote#sqlite3.c#84839,sqlite3.c,84839,19,1,143
fts3GetReverseVarint#sqlite3.c#84865,sqlite3.c,84865,31,3,24
fts3ReversePoslist#sqlite3.c#86641,sqlite3.c,86641,12,1,1
fts3PoslistCopy#sqlite3.c#85794,sqlite3.c,85794,17,1,1
sqlite3Fts3DoclistPrev#sqlite3.c#87131,sqlite3.c,87131,99,6,160
fts3EvalGatherStats#sqlite3.c#87866,sqlite3.c,87866,95032,3421,4002
sqlite3Fts3EvalPhraseStats#sqlite3.c#87915,sqlite3.c,87915,95032,3421,4002
fts3ColumnlistCopy#sqlite3.c#85812,sqlite3.c,85812,16,1,1
fts3DbExec#sqlite3.c#84902,sqlite3.c,84902,95032,3421,4002
sqlite3Fts3CreateStatTable#sqlite3.c#84952,sqlite3.c,84952,95032,3421,4002
fts3EvalTestExpr#sqlite3.c#87703,sqlite3.c,87703,95032,3421,4002
fts3CursorSeek#sqlite3.c#85655,sqlite3.c,85655,95032,3421,4002
sqlite3Fts3EvalTestDeferred#sqlite3.c#87747,sqlite3.c,87747,95032,3421,4002
sqlite3Fts3ReadInt#sqlite3.c#85119,sqlite3.c,85119,10,1,2
sqlite3Fts3IsIdChar#sqlite3.c#89704,sqlite3.c,89704,5,1,1
sqlite3Fts3NextToken#sqlite3.c#89710,sqlite3.c,89710,33,2,2
sqlite3Fts3InitTokenizer#sqlite3.c#89739,sqlite3.c,89739,95032,3421,4002
fts3ExprLoadDoclists#sqlite3.c#93673,sqlite3.c,93673,95032,3421,4002
fts3StringAppend#sqlite3.c#93856,sqlite3.c,93856,95032,3421,4002
sqlite3Fts3ExprIterate#sqlite3.c#93658,sqlite3.c,93658,95032,3421,4002
fts3ExprRestartIfCb#sqlite3.c#94457,sqlite3.c,94457,95032,3421,4002
sqlite3Fts3MallocZero#sqlite3.c#88417,sqlite3.c,88417,95032,3421,4002
fts3GetDeltaPosition#sqlite3.c#93636,sqlite3.c,93636,19,2,17
fts3ExprTermOffsetInit#sqlite3.c#94434,sqlite3.c,94434,95032,3421,4002
sqlite3Fts3Offsets#sqlite3.c#94468,sqlite3.c,94468,95032,3421,4002
fts3SnippetText#sqlite3.c#93914,sqlite3.c,93914,95032,3421,4002
fts3BestSnippet#sqlite3.c#93806,sqlite3.c,93806,95032,3421,4002
sqlite3Fts3Snippet#sqlite3.c#94357,sqlite3.c,94357,95032,3421,4002
fts3GetMatchinfo#sqlite3.c#94301,sqlite3.c,94301,95032,3421,4002
sqlite3Fts3Matchinfo#sqlite3.c#94568,sqlite3.c,94568,95032,3421,4002
sqlite3Fts3MIBufferFree#sqlite3.c#93626,sqlite3.c,93626,59,8,289
fts3ExprCheckDepth#sqlite3.c#88827,sqlite3.c,88827,14,1,20
fts3ExprBalance#sqlite3.c#88842,sqlite3.c,88842,95032,3421,4002
sqlite3Fts3ExprFree#sqlite3.c#89030,sqlite3.c,89030,95032,3421,4002
fts3ExprParseUnbalanced#sqlite3.c#88976,sqlite3.c,88976,95032,3421,4002
sqlite3Fts3ExprParse#sqlite3.c#89002,sqlite3.c,89002,95032,3421,4002
fts3FreeExprNode#sqlite3.c#89023,sqlite3.c,89023,95032,3421,4002
fts3auxCloseMethod#sqlite3.c#88200,sqlite3.c,88200,95032,3421,4002
fts3auxColumnMethod#sqlite3.c#88362,sqlite3.c,88362,95032,3421,4002
fts3auxRowidMethod#sqlite3.c#88385,sqlite3.c,88385,5,1,143
fts3auxBestIndexMethod#sqlite3.c#88138,sqlite3.c,88138,51,1,142
fts3auxConnectMethod#sqlite3.c#88082,sqlite3.c,88082,95032,3421,4002
fts3auxEofMethod#sqlite3.c#88357,sqlite3.c,88357,4,1,143
fts3auxFilterMethod#sqlite3.c#88293,sqlite3.c,88293,95032,3421,4002
fts3auxOpenMethod#sqlite3.c#88190,sqlite3.c,88190,95032,3421,4002
fts3auxNextMethod#sqlite3.c#88224,sqlite3.c,88224,95032,3421,4002
fts3auxDisconnectMethod#sqlite3.c#88126,sqlite3.c,88126,95032,3421,4002
fts3SegReaderCursorFree#sqlite3.c#86366,sqlite3.c,86366,95032,3421,4002
fts3EvalInvalidatePoslist#sqlite3.c#87528,sqlite3.c,87528,58,8,289
sqlite3Fts3EvalPhraseCleanup#sqlite3.c#88043,sqlite3.c,88043,95032,3421,4002
fts3SegReaderTermCmp#sqlite3.c#91098,sqlite3.c,91098,14,1,9
sqlite3Fts3MsrIncrStart#sqlite3.c#91631,sqlite3.c,91631,95032,3421,4002
sqlite3Fts3MsrIncrNext#sqlite3.c#91560,sqlite3.c,91560,95032,3421,4002
fts3EvalNextRow#sqlite3.c#87561,sqlite3.c,87561,95032,3421,4002
fts3EvalRestart#sqlite3.c#87789,sqlite3.c,87789,95032,3421,4002
sqlite3Fts3DoclistNext#sqlite3.c#87171,sqlite3.c,87171,61,4,27
sqlite3Fts3EvalPhrasePoslist#sqlite3.c#87938,sqlite3.c,87938,95032,3421,4002
sqlite3Fts3MsrOvfl#sqlite3.c#90910,sqlite3.c,90910,95032,3421,4002
sqlite3Fts3MsrIncrRestart#sqlite3.c#91657,sqlite3.c,91657,15,1,15
sqlite3Fts3MsrCancel#sqlite3.c#87817,sqlite3.c,87817,95032,3421,4002
fts3tokEofMethod#sqlite3.c#90135,sqlite3.c,90135,4,1,141
fts3tokOpenMethod#sqlite3.c#90061,sqlite3.c,90061,95032,3421,4002
fts3tokDisconnectMethod#sqlite3.c#90037,sqlite3.c,90037,56,8,290
fts3tokNextMethod#sqlite3.c#90096,sqlite3.c,90096,77,9,291
fts3tokCloseMethod#sqlite3.c#90089,sqlite3.c,90089,71,9,291
fts3tokFilterMethod#sqlite3.c#90109,sqlite3.c,90109,95032,3421,4002
fts3tokRowidMethod#sqlite3.c#90158,sqlite3.c,90158,5,1,141
fts3tokConnectMethod#sqlite3.c#89991,sqlite3.c,89991,95032,3421,4002
fts3tokBestIndexMethod#sqlite3.c#90044,sqlite3.c,90044,16,1,139
fts3tokColumnMethod#sqlite3.c#90140,sqlite3.c,90140,95032,3421,4002
remove_diacritic#sqlite3.c#94817,sqlite3.c,94817,22,1,1
sqlite3FtsUnicodeFold#sqlite3.c#94847,sqlite3.c,94847,66,2,5
fts3ExprLoadDoclistsCb#sqlite3.c#93663,sqlite3.c,93663,9,1,152
fts3ExprIterate2#sqlite3.c#93642,sqlite3.c,93642,15,1,20
fts3AllocateMSI#sqlite3.c#87855,sqlite3.c,87855,95032,3421,4002
fts3ExprLocalHitsCb#sqlite3.c#94045,sqlite3.c,94045,95032,3421,4002
fts3SnippetFindPositions#sqlite3.c#93780,sqlite3.c,93780,95032,3421,4002
fts3MatchinfoLcsCb#sqlite3.c#94125,sqlite3.c,94125,5,1,21
fts3ExprPhraseCountCb#sqlite3.c#93683,sqlite3.c,93683,5,1,20
fts3ExprGlobalHitsCb#sqlite3.c#94040,sqlite3.c,94040,95032,3421,4002
langidFromSelect#sqlite3.c#90610,sqlite3.c,90610,95032,3421,4002
fts3ChecksumEntry#sqlite3.c#93124,sqlite3.c,93124,10,1,146
fts3ChecksumIndex#sqlite3.c#93135,sqlite3.c,93135,95032,3421,4002
sqlite3Fts3IntegrityCheck#sqlite3.c#93187,sqlite3.c,93187,95032,3421,4002
fts3EvalNext#sqlite3.c#87764,sqlite3.c,87764,95032,3421,4002
fts3EvalSelectDeferred#sqlite3.c#87438,sqlite3.c,87438,95032,3421,4002
fts3EvalStartReaders#sqlite3.c#87341,sqlite3.c,87341,95032,3421,4002
fts3EvalTokenCosts#sqlite3.c#87372,sqlite3.c,87372,95032,3421,4002
fts3EvalAllocateReaders#sqlite3.c#86926,sqlite3.c,86926,95032,3421,4002
fts3EvalStart#sqlite3.c#87496,sqlite3.c,87496,95032,3421,4002
fts3SegReaderCursorAddZero#sqlite3.c#86327,sqlite3.c,86327,95032,3421,4002
fts3TermSegReaderCursor#sqlite3.c#86331,sqlite3.c,86331,95032,3421,4002
fts3GetDeltaVarint#sqlite3.c#84859,sqlite3.c,84859,27,3,24
fts3DeclareVtab#sqlite3.c#84926,sqlite3.c,84926,95032,3421,4002
fts3CreateTables#sqlite3.c#84957,sqlite3.c,84957,95032,3421,4002
fts3DatabasePageSize#sqlite3.c#84988,sqlite3.c,84988,95032,3421,4002
fts3IsSpecialColumn#sqlite3.c#85013,sqlite3.c,85013,95032,3421,4002
fts3Appendf#sqlite3.c#85029,sqlite3.c,85029,95032,3421,4002
fts3QuoteId#sqlite3.c#85047,sqlite3.c,85047,95032,3421,4002
fts3ReadExprList#sqlite3.c#85066,sqlite3.c,85066,95032,3421,4002
fts3WriteExprList#sqlite3.c#85098,sqlite3.c,85098,95032,3421,4002
fts3GobbleInt#sqlite3.c#85130,sqlite3.c,85130,25,2,3
fts3PrefixParameter#sqlite3.c#85146,sqlite3.c,85146,95032,3421,4002
fts3ContentColumns#sqlite3.c#85182,sqlite3.c,85182,95032,3421,4002
fts3InitVtab#sqlite3.c#85227,sqlite3.c,85227,95032,3421,4002
fts3SetEstimatedRows#sqlite3.c#85499,sqlite3.c,85499,6,2,8
fts3SetUniqueFlag#sqlite3.c#85505,sqlite3.c,85505,6,2,7
fts3CursorFinalizeStmt#sqlite3.c#85603,sqlite3.c,85603,95032,3421,4002
fts3ClearCursor#sqlite3.c#85616,sqlite3.c,85616,95032,3421,4002
fts3CursorSeekStmt#sqlite3.c#85634,sqlite3.c,85634,95032,3421,4002
fts3ScanInteriorNode#sqlite3.c#85683,sqlite3.c,85683,95032,3421,4002
fts3SelectLeaf#sqlite3.c#85746,sqlite3.c,85746,95032,3421,4002
fts3PutDeltaVarint#sqlite3.c#85786,sqlite3.c,85786,18,2,154
fts3ReadNextPos#sqlite3.c#85829,sqlite3.c,85829,24,2,14
fts3PutColNumber#sqlite3.c#85840,sqlite3.c,85840,21,2,154
fts3PoslistMerge#sqlite3.c#85851,sqlite3.c,85851,152,10,166
fts3PoslistPhraseMerge#sqlite3.c#85909,sqlite3.c,85909,175,9,165
fts3PoslistNearMerge#sqlite3.c#85993,sqlite3.c,85993,275,13,169
fts3GetDeltaVarint3#sqlite3.c#86024,sqlite3.c,86024,32,2,10
fts3PutDeltaVarint3#sqlite3.c#86038,sqlite3.c,86038,26,2,155
fts3DoclistOrMerge#sqlite3.c#86054,sqlite3.c,86054,95032,3421,4002
fts3DoclistPhraseMerge#sqlite3.c#86104,sqlite3.c,86104,95032,3421,4002
fts3TermSelectFinishMerge#sqlite3.c#86190,sqlite3.c,86190,95032,3421,4002
fts3TermSelectMerge#sqlite3.c#86221,sqlite3.c,86221,95032,3421,4002
fts3SegReaderCursorAppend#sqlite3.c#86264,sqlite3.c,86264,95032,3421,4002
fts3TermSelect#sqlite3.c#86371,sqlite3.c,86371,95032,3421,4002
fts3DoclistCountDocids#sqlite3.c#86403,sqlite3.c,86403,30,2,22
fts3DocidRange#sqlite3.c#86438,sqlite3.c,86438,95032,3421,4002
fts3SetHasStat#sqlite3.c#86594,sqlite3.c,86594,95032,3421,4002
fts3FunctionArg#sqlite3.c#86654,sqlite3.c,86654,95032,3421,4002
fts3SnippetFunc#sqlite3.c#86668,sqlite3.c,86668,95032,3421,4002
fts3OffsetsFunc#sqlite3.c#86703,sqlite3.c,86703,95032,3421,4002
fts3OptimizeFunc#sqlite3.c#86714,sqlite3.c,86714,95032,3421,4002
fts3MatchinfoFunc#sqlite3.c#86734,sqlite3.c,86734,95032,3421,4002
unicodeDestroy#sqlite3.c#94606,sqlite3.c,94606,58,8,289
unicodeClose#sqlite3.c#94734,sqlite3.c,94734,56,8,289
unicodeNext#sqlite3.c#94741,sqlite3.c,94741,95032,3421,4002
unicodeOpen#sqlite3.c#94713,sqlite3.c,94713,95032,3421,4002
unicodeCreate#sqlite3.c#94675,sqlite3.c,94675,95032,3421,4002
fts3EvalPhraseMergeToken#sqlite3.c#86950,sqlite3.c,86950,95032,3421,4002
fts3EvalPhraseLoad#sqlite3.c#86993,sqlite3.c,86993,95032,3421,4002
fts3EvalDeferredPhrase#sqlite3.c#87013,sqlite3.c,87013,95032,3421,4002
fts3EvalPhraseStart#sqlite3.c#87100,sqlite3.c,87100,95032,3421,4002
fts3EvalDlPhraseNext#sqlite3.c#87194,sqlite3.c,87194,67,4,158
incrPhraseTokenNext#sqlite3.c#87232,sqlite3.c,87232,95032,3421,4002
fts3EvalIncrPhraseNext#sqlite3.c#87256,sqlite3.c,87256,95032,3421,4002
fts3EvalPhraseNext#sqlite3.c#87326,sqlite3.c,87326,95032,3421,4002
fts3EvalAverageDocsize#sqlite3.c#87405,sqlite3.c,87405,95032,3421,4002
fts3EvalNearTrim#sqlite3.c#87537,sqlite3.c,87537,298,14,172
fts3EvalNearTest#sqlite3.c#87664,sqlite3.c,87664,95032,3421,4002
iCnt#shell.c#23745,shell.c,23745,0,0,1
fts3EvalUpdateCounts#sqlite3.c#87830,sqlite3.c,87830,38,2,157
fts3auxGrowStatArray#sqlite3.c#88212,sqlite3.c,88212,95032,3421,4002
insertBinaryOperator#sqlite3.c#88703,sqlite3.c,88703,27,2,21
getNextNode#sqlite3.c#88597,sqlite3.c,88597,95032,3421,4002
fts3ExprParse#sqlite3.c#88719,sqlite3.c,88719,95032,3421,4002
findBarredChar#sqlite3.c#88445,sqlite3.c,88445,9,1,1
getNextToken#sqlite3.c#88455,sqlite3.c,88455,95032,3421,4002
fts3ReallocOrFree#sqlite3.c#88516,sqlite3.c,88516,95032,3421,4002
getNextString#sqlite3.c#88524,sqlite3.c,88524,95032,3421,4002
fts3isspace#sqlite3.c#88413,sqlite3.c,88413,3,1,1
opPrecedence#sqlite3.c#88690,sqlite3.c,88690,12,1,20
isConsonant#sqlite3.c#89358,sqlite3.c,89358,18,2,3
cType#sqlite3.c#89353,sqlite3.c,89353,0,0,1
isVowel#sqlite3.c#89368,sqlite3.c,89368,18,2,3
m_gt_0#sqlite3.c#89378,sqlite3.c,89378,24,3,4
m_eq_1#sqlite3.c#89385,sqlite3.c,89385,28,3,4
m_gt_1#sqlite3.c#89396,sqlite3.c,89396,28,3,4
hasVowel#sqlite3.c#89407,sqlite3.c,89407,22,3,4
doubleConsonant#sqlite3.c#89412,sqlite3.c,89412,21,3,4
star_oh#sqlite3.c#89416,sqlite3.c,89416,21,3,4
stem#sqlite3.c#89420,sqlite3.c,89420,49,6,7
copy_stemmer#sqlite3.c#89432,sqlite3.c,89432,22,1,1
porter_stemmer#sqlite3.c#89455,sqlite3.c,89455,244,11,16
porterIdChar#sqlite3.c#89613,sqlite3.c,89613,0,0,1
fts3TokenizerEnabled#sqlite3.c#89655,sqlite3.c,89655,95032,3421,4002
simpleDelim#sqlite3.c#89819,sqlite3.c,89819,3,1,6
fts3_isalnum#sqlite3.c#89823,sqlite3.c,89823,3,1,1
fts3tokQueryTokenizer#sqlite3.c#89951,sqlite3.c,89951,95032,3421,4002
fts3tokDequoteArray#sqlite3.c#89963,sqlite3.c,89963,95032,3421,4002
fts3tokResetCursor#sqlite3.c#90073,sqlite3.c,90073,65,8,290
fts3SqlExec#sqlite3.c#90327,sqlite3.c,90327,95032,3421,4002
fts3PendingTermsAddOne#sqlite3.c#90456,sqlite3.c,90456,95032,3421,4002
fts3PendingTermsAdd#sqlite3.c#90478,sqlite3.c,90478,95032,3421,4002
fts3DeleteAll#sqlite3.c#90594,sqlite3.c,90594,95032,3421,4002
fts3DeleteTerms#sqlite3.c#90616,sqlite3.c,90616,95032,3421,4002
fts3SegWriterFlush#sqlite3.c#91395,sqlite3.c,91395,95032,3421,4002
fts3SegWriterAdd#sqlite3.c#91313,sqlite3.c,91313,95032,3421,4002
fts3SegWriterFree#sqlite3.c#91417,sqlite3.c,91417,74,9,290
fts3SegmentMaxLevel#sqlite3.c#91444,sqlite3.c,91444,95032,3421,4002
fts3DeleteSegdir#sqlite3.c#91486,sqlite3.c,91486,95032,3421,4002
fts3AllocateSegdirIdx#sqlite3.c#90652,sqlite3.c,90652,95032,3421,4002
fts3SegReaderIncrRead#sqlite3.c#90722,sqlite3.c,90722,95032,3421,4002
fts3SegReaderRequire#sqlite3.c#90739,sqlite3.c,90739,95032,3421,4002
fts3WriteSegment#sqlite3.c#91129,sqlite3.c,91129,95032,3421,4002
fts3WriteSegdir#sqlite3.c#91157,sqlite3.c,91157,95032,3421,4002
fts3PrefixCompress#sqlite3.c#91180,sqlite3.c,91180,6,1,146
fts3NodeAddTerm#sqlite3.c#91187,sqlite3.c,91187,95032,3421,4002
fts3TreeFinishNode#sqlite3.c#91261,sqlite3.c,91261,27,3,156
fts3NodeWrite#sqlite3.c#91270,sqlite3.c,91270,95032,3421,4002
fts3NodeFree#sqlite3.c#91296,sqlite3.c,91296,66,8,289
fts3IsEmpty#sqlite3.c#91426,sqlite3.c,91426,95032,3421,4002
fts3DeleteSegment#sqlite3.c#91471,sqlite3.c,91471,95032,3421,4002
fts3ReadEndBlockField#sqlite3.c#91818,sqlite3.c,91818,95032,3421,4002
fts3EncodeIntArray#sqlite3.c#91990,sqlite3.c,91990,18,2,154
fts3DecodeIntArray#sqlite3.c#91998,sqlite3.c,91998,95032,3421,4002
fts3DoRebuild#sqlite3.c#92127,sqlite3.c,92127,95032,3421,4002
blobGrowBuffer#sqlite3.c#92263,sqlite3.c,92263,95032,3421,4002
nodeReaderNext#sqlite3.c#92276,sqlite3.c,92276,95032,3421,4002
nodeReaderRelease#sqlite3.c#92312,sqlite3.c,92312,53,8,289
nodeReaderInit#sqlite3.c#92316,sqlite3.c,92316,95032,3421,4002
fts3IncrmergePush#sqlite3.c#92328,sqlite3.c,92328,95032,3421,4002
fts3AppendToNode#sqlite3.c#92383,sqlite3.c,92383,95032,3421,4002
fts3TermCmp#sqlite3.c#92497,sqlite3.c,92497,11,1,5
fts3IsAppendable#sqlite3.c#92509,sqlite3.c,92509,95032,3421,4002
fts3RemoveSegdirEntry#sqlite3.c#92686,sqlite3.c,92686,95032,3421,4002
fts3RepackSegdirLevel#sqlite3.c#92699,sqlite3.c,92699,95032,3421,4002
fts3StartNode#sqlite3.c#92748,sqlite3.c,92748,21,2,155
fts3TruncateNode#sqlite3.c#92759,sqlite3.c,92759,95032,3421,4002
fts3TruncateSegment#sqlite3.c#92791,sqlite3.c,92791,95032,3421,4002
fts3Getint#sqlite3.c#93069,sqlite3.c,93069,7,1,1
fts3DoIncrmerge#sqlite3.c#93077,sqlite3.c,93077,95032,3421,4002
fts3DoAutoincrmerge#sqlite3.c#93103,sqlite3.c,93103,95032,3421,4002
fts3DoIntegrityCheck#sqlite3.c#93259,sqlite3.c,93259,95032,3421,4002
fts3MIBufferNew#sqlite3.c#93569,sqlite3.c,93569,95032,3421,4002
fts3MIBufferSetGlobal#sqlite3.c#93621,sqlite3.c,93621,4,1,151
fts3ExprPhraseCount#sqlite3.c#93689,sqlite3.c,93689,95032,3421,4002
fts3SnippetAdvance#sqlite3.c#93695,sqlite3.c,93695,35,3,160
fts3SnippetNextCandidate#sqlite3.c#93712,sqlite3.c,93712,65,4,161
fts3SnippetDetails#sqlite3.c#93743,sqlite3.c,93743,55,3,160
fts3SnippetShift#sqlite3.c#93876,sqlite3.c,93876,56,2,159
fts3ColumnlistCount#sqlite3.c#93984,sqlite3.c,93984,11,1,1
nHit#shell.c#23748,shell.c,23748,0,0,1
fts3ExprLHits#sqlite3.c#93996,sqlite3.c,93996,54,3,161
fts3ExprLHitGather#sqlite3.c#94026,sqlite3.c,94026,67,4,162
fts3MatchinfoCheck#sqlite3.c#94062,sqlite3.c,94062,95032,3421,4002
fts3MatchinfoSize#sqlite3.c#94070,sqlite3.c,94070,17,1,152
fts3MatchinfoSelectDoctotal#sqlite3.c#94088,sqlite3.c,94088,95032,3421,4002
fts3LcsIteratorAdvance#sqlite3.c#94131,sqlite3.c,94131,38,3,29
fts3MatchinfoLcs#sqlite3.c#94148,sqlite3.c,94148,95032,3421,4002
fts3MatchinfoValues#sqlite3.c#94206,sqlite3.c,94206,95032,3421,4002
sqlite3FtsUnicodeIsdiacritic#sqlite3.c#94840,sqlite3.c,94840,6,1,1
sqlite3FtsUnicodeIsalnum#sqlite3.c#94789,sqlite3.c,94789,27,1,1
unicodeAddExceptions#sqlite3.c#94615,sqlite3.c,94615,95032,3421,4002
unicodeIsException#sqlite3.c#94651,sqlite3.c,94651,18,1,5
unicodeIsAlnum#sqlite3.c#94670,sqlite3.c,94670,49,3,7
jsonTranslateTextToBlob#sqlite3.c#95822,sqlite3.c,95822,95032,3421,4002
jsonReturnStringAsBlob#sqlite3.c#96260,sqlite3.c,96260,95032,3421,4002
jsonbValidityCheck#sqlite3.c#95639,sqlite3.c,95639,346,9,154
jsonbPayloadSize#sqlite3.c#96278,sqlite3.c,96278,46,1,142
jsonArgIsJsonb#sqlite3.c#97371,sqlite3.c,97371,95032,3421,4002
jsonAppendRaw#sqlite3.c#95105,sqlite3.c,95105,95032,3421,4002
jsonIsOk#sqlite3.c#94900,sqlite3.c,94900,0,0,1
jsonStringTooDeep#sqlite3.c#95066,sqlite3.c,95066,95032,3421,4002
jsonPrintf#sqlite3.c#95125,sqlite3.c,95125,95032,3421,4002
jsonAppendControlChar#sqlite3.c#95168,sqlite3.c,95168,25,1,139
jsonAppendString#sqlite3.c#95194,sqlite3.c,95194,95032,3421,4002
jsonAppendChar#sqlite3.c#95139,sqlite3.c,95139,95032,3421,4002
jsonStringTrimOneChar#sqlite3.c#95147,sqlite3.c,95147,6,1,139
jsonAppendRawNZ#sqlite3.c#95115,sqlite3.c,95115,95032,3421,4002
jsonStringGrow#sqlite3.c#95073,sqlite3.c,95073,95032,3421,4002
jsonTranslateBlobToText#sqlite3.c#96325,sqlite3.c,96325,95032,3421,4002
jsonReturnString#sqlite3.c#95298,sqlite3.c,95298,95032,3421,4002
jsonStringInit#sqlite3.c#95049,sqlite3.c,95049,11,2,143
jsonReturnParse#sqlite3.c#97475,sqlite3.c,97475,95032,3421,4002
jsonConvertTextToBlob#sqlite3.c#96229,sqlite3.c,96229,95032,3421,4002
jsonParseFree#sqlite3.c#95348,sqlite3.c,95348,140,14,314
jsonCacheInsert#sqlite3.c#94975,sqlite3.c,94975,95032,3421,4002
jsonBlobMakeEditable#sqlite3.c#95496,sqlite3.c,95496,95032,3421,4002
jsonCacheSearch#sqlite3.c#95004,sqlite3.c,95004,95032,3421,4002
jsonParseFuncArg#sqlite3.c#97385,sqlite3.c,97385,95032,3421,4002
jsonParseReset#sqlite3.c#95332,sqlite3.c,95332,130,13,312
jsonBytesToBypass#sqlite3.c#96710,sqlite3.c,96710,24,1,3
jsonHexToInt#sqlite3.c#95359,sqlite3.c,95359,4,1,2
jsonHexToInt4#sqlite3.c#95364,sqlite3.c,95364,9,2,4
jsonUnescapeOneChar#sqlite3.c#96735,sqlite3.c,96735,112,5,10
jsonCacheDelete#sqlite3.c#94963,sqlite3.c,94963,147,15,315
jsonStringZero#sqlite3.c#95042,sqlite3.c,95042,6,1,142
jsonStringReset#sqlite3.c#95055,sqlite3.c,95055,71,10,296
jsonStringOom#sqlite3.c#95060,sqlite3.c,95060,95032,3421,4002
jsonStringExpandAndAppend#sqlite3.c#95098,sqlite3.c,95098,95032,3421,4002
jsonAppendCharExpand#sqlite3.c#95134,sqlite3.c,95134,95032,3421,4002
jsonStringTerminate#sqlite3.c#95154,sqlite3.c,95154,95032,3421,4002
jsonAppendSeparator#sqlite3.c#95160,sqlite3.c,95160,95032,3421,4002
jsonAppendSqlValue#sqlite3.c#95257,sqlite3.c,95257,95032,3421,4002
jsonIs2Hex#sqlite3.c#95370,sqlite3.c,95370,3,1,2
jsonIs4Hex#sqlite3.c#95374,sqlite3.c,95374,6,2,3
json5Whitespace#sqlite3.c#95378,sqlite3.c,95378,82,1,2
jsonWrongNumArgs#sqlite3.c#95472,sqlite3.c,95472,95032,3421,4002
jsonBlobExpand#sqlite3.c#95478,sqlite3.c,95478,95032,3421,4002
jsonBlobExpandAndAppendOneByte#sqlite3.c#95513,sqlite3.c,95513,95032,3421,4002
jsonBlobAppendOneByte#sqlite3.c#95521,sqlite3.c,95521,95032,3421,4002
jsonBlobExpandAndAppendNode#sqlite3.c#95531,sqlite3.c,95531,95032,3421,4002
jsonBlobAppendNode#sqlite3.c#95536,sqlite3.c,95536,95032,3421,4002
jsonBlobChangePayloadSize#sqlite3.c#95570,sqlite3.c,95570,95032,3421,4002
jsonIs4HexB#sqlite3.c#95632,sqlite3.c,95632,12,3,7
jsonIsSpace#sqlite3.c#94895,sqlite3.c,94895,0,0,1
jsonSpaces#sqlite3.c#94898,sqlite3.c,94898,0,0,1
jsonPrettyIndent#sqlite3.c#96537,sqlite3.c,96537,95032,3421,4002
jsonTranslateBlobToPrettyText#sqlite3.c#96544,sqlite3.c,96544,95032,3421,4002
jsonbArrayCount#sqlite3.c#96617,sqlite3.c,96617,56,2,143
jsonAfterEditSizeAdjust#sqlite3.c#96628,sqlite3.c,96628,95032,3421,4002
jsonBlobOverwrite#sqlite3.c#96641,sqlite3.c,96641,48,1,138
jsonBlobEdit#sqlite3.c#96690,sqlite3.c,96690,95032,3421,4002
jsonLabelCompareEscaped#sqlite3.c#96799,sqlite3.c,96799,156,6,11
jsonLabelCompare#sqlite3.c#96844,sqlite3.c,96844,164,7,147
jsonCreateEditSubstructure#sqlite3.c#96855,sqlite3.c,96855,95032,3421,4002
jsonLookupStep#sqlite3.c#96881,sqlite3.c,96881,95032,3421,4002
jsonReturnTextJsonFromBlob#sqlite3.c#97074,sqlite3.c,97074,95032,3421,4002
jsonReturnFromBlob#sqlite3.c#97086,sqlite3.c,97086,95032,3421,4002
jsonFunctionArgToBlob#sqlite3.c#97231,sqlite3.c,97231,95032,3421,4002
jsonBadPathError#sqlite3.c#97300,sqlite3.c,97300,95032,3421,4002
jsonInsertIntoBlob#sqlite3.c#97321,sqlite3.c,97321,95032,3421,4002
jsonAllAlphanum#sqlite3.c#97554,sqlite3.c,97554,5,1,2
jsonMergePatch#sqlite3.c#97648,sqlite3.c,97648,95032,3421,4002
jsonArrayCompute#sqlite3.c#98037,sqlite3.c,98037,95032,3421,4002
jsonObjectCompute#sqlite3.c#98138,sqlite3.c,98138,95032,3421,4002
jsonEachCursorReset#sqlite3.c#98298,sqlite3.c,98298,152,16,315
jsonSkipLabel#sqlite3.c#98323,sqlite3.c,98323,57,2,143
jsonAppendPathName#sqlite3.c#98335,sqlite3.c,98335,95032,3421,4002
jsonEachMalformedInput#sqlite3.c#98365,sqlite3.c,98365,95032,3421,4002
jsonEachPathLength#sqlite3.c#98438,sqlite3.c,98438,95032,3421,4002
readCoord#sqlite3.c#98846,sqlite3.c,98846,4,1,143
readInt64#sqlite3.c#98851,sqlite3.c,98851,3,1,141
writeInt16#sqlite3.c#98855,sqlite3.c,98855,7,2,142
writeCoord#sqlite3.c#98860,sqlite3.c,98860,12,1,11
writeInt64#sqlite3.c#98873,sqlite3.c,98873,11,1,11
nodeReference#sqlite3.c#98885,sqlite3.c,98885,6,1,8
nodeZero#sqlite3.c#98892,sqlite3.c,98892,4,1,141
nodeHash#sqlite3.c#98897,sqlite3.c,98897,3,1,8
nodeHashLookup#sqlite3.c#98901,sqlite3.c,98901,8,2,145
nodeHashInsert#sqlite3.c#98907,sqlite3.c,98907,10,2,142
nodeHashDelete#sqlite3.c#98915,sqlite3.c,98915,12,2,142
nodeNew#sqlite3.c#98925,sqlite3.c,98925,95032,3421,4002
nodeBlobReset#sqlite3.c#98940,sqlite3.c,98940,95032,3421,4002
nodeAcquire#sqlite3.c#98946,sqlite3.c,98946,95032,3421,4002
nodeOverwriteCell#sqlite3.c#99028,sqlite3.c,99028,32,3,146
nodeDeleteCell#sqlite3.c#99038,sqlite3.c,99038,15,3,143
nodeInsertCell#sqlite3.c#99047,sqlite3.c,99047,52,6,149
nodeWrite#sqlite3.c#99061,sqlite3.c,99061,95032,3421,4002
nodeRelease#sqlite3.c#99083,sqlite3.c,99083,95032,3421,4002
nodeGetCoord#sqlite3.c#99112,sqlite3.c,99112,8,2,146
nodeGetCell#sqlite3.c#99117,sqlite3.c,99117,25,4,149
rtreeRelease#sqlite3.c#99146,sqlite3.c,99146,95032,3421,4002
getNodeSize#sqlite3.c#100816,sqlite3.c,100816,95032,3421,4002
rtreeSqlInit#sqlite3.c#100719,sqlite3.c,100719,95032,3421,4002
rtreeInit#sqlite3.c#100851,sqlite3.c,100851,95032,3421,4002
rtreeReference#sqlite3.c#99142,sqlite3.c,99142,3,1,141
resetCursor#sqlite3.c#99214,sqlite3.c,99214,95032,3421,4002
rtreeCallbackConstraint#sqlite3.c#99258,sqlite3.c,99258,64,3,151
rtreeNonleafConstraint#sqlite3.c#99316,sqlite3.c,99316,25,1,143
rtreeLeafConstraint#sqlite3.c#99342,sqlite3.c,99342,17,1,143
nodeRowidIndex#sqlite3.c#99360,sqlite3.c,99360,23,4,146
nodeParentIndex#sqlite3.c#99374,sqlite3.c,99374,32,5,147
rtreeSearchPointCompare#sqlite3.c#99384,sqlite3.c,99384,7,1,145
rtreeSearchPointSwap#sqlite3.c#99392,sqlite3.c,99392,95032,3421,4002
rtreeSearchPointFirst#sqlite3.c#99410,sqlite3.c,99410,3,1,145
rtreeNodeOfFirstSearchPoint#sqlite3.c#99414,sqlite3.c,99414,95032,3421,4002
rtreeEnqueue#sqlite3.c#99427,sqlite3.c,99427,95032,3421,4002
rtreeSearchPointNew#sqlite3.c#99454,sqlite3.c,99454,95032,3421,4002
rtreeSearchPointPop#sqlite3.c#99483,sqlite3.c,99483,95032,3421,4002
rtreeStepToLeaf#sqlite3.c#99524,sqlite3.c,99524,95032,3421,4002
findLeafNode#sqlite3.c#99672,sqlite3.c,99672,95032,3421,4002
deserializeGeometry#sqlite3.c#99687,sqlite3.c,99687,95032,3421,4002
cellArea#sqlite3.c#99881,sqlite3.c,99881,22,1,145
cellMargin#sqlite3.c#99904,sqlite3.c,99904,9,1,145
cellUnion#sqlite3.c#99914,sqlite3.c,99914,16,1,144
cellContains#sqlite3.c#99931,sqlite3.c,99931,17,1,144
cellOverlap#sqlite3.c#99949,sqlite3.c,99949,21,1,145
ChooseLeaf#sqlite3.c#99971,sqlite3.c,99971,95032,3421,4002
AdjustTree#sqlite3.c#100020,sqlite3.c,100020,142,13,158
rowidWrite#sqlite3.c#100048,sqlite3.c,100048,95032,3421,4002
parentWrite#sqlite3.c#100055,sqlite3.c,100055,95032,3421,4002
SplitNode#sqlite3.c#100185,sqlite3.c,100185,95032,3421,4002
rtreeInsertCell#sqlite3.c#100392,sqlite3.c,100392,95032,3421,4002
SortByDimension#sqlite3.c#100064,sqlite3.c,100064,27,1,145
splitNodeStartree#sqlite3.c#100092,sqlite3.c,100092,95032,3421,4002
updateMapping#sqlite3.c#100166,sqlite3.c,100166,95032,3421,4002
fixLeafParent#sqlite3.c#100283,sqlite3.c,100283,95032,3421,4002
fixBoundingBox#sqlite3.c#100350,sqlite3.c,100350,120,12,157
removeNode#sqlite3.c#100312,sqlite3.c,100312,95032,3421,4002
deleteCell#sqlite3.c#100373,sqlite3.c,100373,95032,3421,4002
reinsertNodeContent#sqlite3.c#100417,sqlite3.c,100417,95032,3421,4002
rtreeNewRowid#sqlite3.c#100438,sqlite3.c,100438,95032,3421,4002
rtreeDeleteRowid#sqlite3.c#100448,sqlite3.c,100448,95032,3421,4002
rtreeValueDown#sqlite3.c#100506,sqlite3.c,100506,95032,3421,4002
rtreeValueUp#sqlite3.c#100515,sqlite3.c,100515,95032,3421,4002
rtreeConstraintError#sqlite3.c#100524,sqlite3.c,100524,95032,3421,4002
rtreeQueryStat1#sqlite3.c#100678,sqlite3.c,100678,95032,3421,4002
rtreeCheckTable#sqlite3.c#101182,sqlite3.c,101182,95032,3421,4002
getIntFromStmt#sqlite3.c#100801,sqlite3.c,100801,95032,3421,4002
rtreeCheckReset#sqlite3.c#101012,sqlite3.c,101012,95032,3421,4002
rtreeCheckPrepare#sqlite3.c#101017,sqlite3.c,101017,95032,3421,4002
rtreeCheckAppendMsg#sqlite3.c#101035,sqlite3.c,101035,95032,3421,4002
rtreeCheckGetNode#sqlite3.c#101053,sqlite3.c,101053,95032,3421,4002
rtreeCheckMapping#sqlite3.c#101079,sqlite3.c,101079,95032,3421,4002
rtreeCheckCellCoord#sqlite3.c#101103,sqlite3.c,101103,95032,3421,4002
rtreeCheckNode#sqlite3.c#101123,sqlite3.c,101123,95032,3421,4002
rtreeCheckCount#sqlite3.c#101166,sqlite3.c,101166,95032,3421,4002
statClearCells#sqlite3.c#101512,sqlite3.c,101512,61,8,289
statClearPage#sqlite3.c#101524,sqlite3.c,101524,68,9,290
statResetCsr#sqlite3.c#101532,sqlite3.c,101532,95032,3421,4002
statResetCounts#sqlite3.c#101546,sqlite3.c,101546,8,1,141
getLocalPayload#sqlite3.c#101563,sqlite3.c,101563,15,1,7
statDecodePage#sqlite3.c#101579,sqlite3.c,101579,95032,3421,4002
statSizeAndOffset#sqlite3.c#101679,sqlite3.c,101679,29,5,149
statGetPage#sqlite3.c#101696,sqlite3.c,101696,95032,3421,4002
dbpageBeginTrans#sqlite3.c#102157,sqlite3.c,102157,95032,3421,4002
stmtCsrReset#sqlite3.c#102343,sqlite3.c,102343,59,8,289
SHA1Transform#src-verify.c#1300,src-verify.c,1300,39,1,13
sha3sum_file#src-verify.c#1705,src-verify.c,1705,328,6,9
sha1sum_file#src-verify.c#1725,src-verify.c,1725,397,9,24
errorMsgNH#src-verify.c#1780,src-verify.c,1780,7,1,1
defossilize#src-verify.c#1747,src-verify.c,1747,24,1,1
errorMsg#src-verify.c#1772,src-verify.c,1772,7,1,1
main#src-verify.c#1788,src-verify.c,1788,609,16,33
